[50:50:0903/062433.680870:WARNING:chrome_main_delegate.cc(593)] This is Chrome version 114.0.5735.133 (not a warning)
[50:50:0903/062433.681012:VERBOSE1:chrome_crash_reporter_client.cc(195)] GetCollectStatsConsent(): settings_consent: 0 so returning that
[50:50:0903/062433.687444:VERBOSE1:chrome_crash_reporter_client.cc(195)] GetCollectStatsConsent(): settings_consent: 0 so returning that
[65:65:0903/062433.725019:VERBOSE1:cdm_registration.cc(201)] Registering bundled Widevine 4.10.2557.0
[65:65:0903/062433.725647:INFO:cpu_info.cc(53)] Available number of cores: 2
[65:65:0903/062433.725913:VERBOSE1:zygote_main_linux.cc(201)] ZygoteMain: initializing 0 fork delegates
[66:66:0903/062433.727186:VERBOSE1:cdm_registration.cc(201)] Registering bundled Widevine 4.10.2557.0
[66:66:0903/062433.727587:INFO:cpu_info.cc(53)] Available number of cores: 2
[66:66:0903/062433.727783:VERBOSE1:zygote_main_linux.cc(201)] ZygoteMain: initializing 1 fork delegates
[66:66:0903/062433.727926:VERBOSE1:nacl_fork_delegate_linux.cc(149)] NaClForkDelegate::Init()
[50:50:0903/062433.732624:VERBOSE1:chrome_browser_cloud_management_controller.cc(98)] DM token = empty
[50:50:0903/062433.732650:VERBOSE1:chrome_browser_cloud_management_controller.cc(104)] Enrollment token = 
[50:50:0903/062433.732656:VERBOSE1:chrome_browser_cloud_management_controller.cc(105)] Client ID = 6bLIBBGnVLZX0jY-6i4Ix8zbtQ8
[50:50:0903/062433.734637:VERBOSE1:variations_field_trial_creator.cc(86)] VariationsSeedUsage:2
[50:50:0903/062433.734723:VERBOSE1:variations_field_trial_creator.cc(335)] VariationsSetupComplete
[50:78:0903/062433.916528:ERROR:bus.cc(399)] Failed to connect to the bus: Failed to connect to socket /run/dbus/system_bus_socket: No such file or directory
[50:78:0903/062433.916716:ERROR:bus.cc(399)] Failed to connect to the bus: Failed to connect to socket /run/dbus/system_bus_socket: No such file or directory
[50:50:0903/062433.916998:VERBOSE1:webrtc_event_log_manager.cc(97)] WebRTC remote-bound event logging enabled.
[50:50:0903/062433.917214:VERBOSE1:pref_proxy_config_tracker_impl.cc(191)] 0x12e000288f00: set chrome proxy config service to 0x12e0002a9780
[50:50:0903/062433.919581:VERBOSE1:cdm_registration.cc(201)] Registering bundled Widevine 4.10.2557.0
[50:72:0903/062433.920569:ERROR:bus.cc(399)] Failed to connect to the bus: Failed to connect to socket /run/dbus/system_bus_socket: No such file or directory
[50:72:0903/062433.920633:ERROR:bus.cc(399)] Failed to connect to the bus: Could not parse server address: Unknown address type (examples of valid types are "tcp" and on UNIX "unix")
[50:72:0903/062433.920659:ERROR:bus.cc(399)] Failed to connect to the bus: Could not parse server address: Unknown address type (examples of valid types are "tcp" and on UNIX "unix")
[50:72:0903/062433.920669:VERBOSE1:select_file_dialog_linux_portal.cc(280)] File chooser portal available: no
[50:72:0903/062433.920683:ERROR:bus.cc(399)] Failed to connect to the bus: Could not parse server address: Unknown address type (examples of valid types are "tcp" and on UNIX "unix")
[50:72:0903/062433.920697:ERROR:bus.cc(399)] Failed to connect to the bus: Could not parse server address: Unknown address type (examples of valid types are "tcp" and on UNIX "unix")
[50:74:0903/062433.926148:VERBOSE1:media_stream_manager.cc(1582)] MSM::InitializeMaybeAsync([this=0x12e000b3da00])
[50:74:0903/062433.926173:VERBOSE1:media_stream_manager.cc(1582)] MDM::MediaDevicesManager()
[50:74:0903/062433.926181:VERBOSE1:media_stream_manager.cc(1582)] MSM::MediaStreamManager([this=0x12e000b3da00]))
[50:50:0903/062433.927336:VERBOSE1:key_storage_util_linux.cc(54)] Password storage detected desktop environment: (unknown)
[50:50:0903/062433.927352:VERBOSE1:key_storage_linux.cc(128)] Selected backend for OSCrypt: BASIC_TEXT
[50:50:0903/062433.927362:VERBOSE1:key_storage_linux.cc(148)] OSCrypt did not initialize a backend.
[50:50:0903/062433.927691:INFO:chrome_browser_cloud_management_controller.cc(167)] Starting CBCM Controller Initialization
[50:50:0903/062433.927714:INFO:chrome_browser_cloud_management_controller.cc(195)] No machine level policy manager exists.
[50:72:0903/062433.939577:ERROR:bus.cc(399)] Failed to connect to the bus: Could not parse server address: Unknown address type (examples of valid types are "tcp" and on UNIX "unix")
[50:72:0903/062433.939645:ERROR:bus.cc(399)] Failed to connect to the bus: Could not parse server address: Unknown address type (examples of valid types are "tcp" and on UNIX "unix")
[50:50:0903/062433.942941:VERBOSE1:pref_proxy_config_tracker_impl.cc(191)] 0x12e00028d700: set chrome proxy config service to 0x12e000c57380
[50:50:0903/062433.945977:VERBOSE1:device_event_log_impl.cc(224)] [06:24:33.945] Bluetooth: EVENT: bluetooth_api.cc:82 BluetoothAPI: 0x12e000ae5200
[50:50:0903/062433.946065:VERBOSE1:pref_proxy_config_tracker_impl.cc(191)] 0x12e00028dd00: set chrome proxy config service to 0x12e000d8ad80
[50:50:0903/062433.946348:VERBOSE1:mutable_profile_oauth2_token_service_delegate.cc(207)] MutablePO2TS::MutablePO2TS
[50:50:0903/062433.948821:VERBOSE1:bluetooth_low_energy_event_router.cc(276)] Initializing BluetoothLowEnergyEventRouter.
[50:50:0903/062433.951997:VERBOSE1:service_discovery_device_lister.cc(36)] DeviceListerStart: service_type: _googlecast._tcp.local
[50:81:0903/062433.952628:VERBOSE1:simple_index_file.cc(600)] Simple Cache Index is being restored from disk.
[50:50:0903/062433.952833:VERBOSE1:service_discovery_device_lister.cc(42)] DiscoverNewDevices: service_type: _googlecast._tcp.local
[50:80:0903/062433.952800:VERBOSE1:simple_index_file.cc(600)] Simple Cache Index is being restored from disk.
[50:50:0903/062433.955861:VERBOSE1:extension_service.cc(1487)] AddComponentExtension Web Store
[50:50:0903/062433.955875:VERBOSE1:extension_service.cc(1489)] Component extension Web Store (ahfgeienlihckogmohjhadlkjgocpleb) installing/upgrading from '' to 0.2
[50:50:0903/062433.956430:VERBOSE1:extension_service.cc(1487)] AddComponentExtension Chrome PDF Viewer
[50:50:0903/062433.956444:VERBOSE1:extension_service.cc(1489)] Component extension Chrome PDF Viewer (mhjfbmdgcfjbbpaeojofohoefgiehjai) installing/upgrading from '' to 1
[50:50:0903/062433.957524:VERBOSE1:mutable_profile_oauth2_token_service_delegate.cc(263)] MutablePO2TS::RefreshTokenIsAvailable
[50:50:0903/062433.957585:VERBOSE1:account_reconcilor.cc(167)] AccountReconcilor::AccountReconcilor
[50:50:0903/062433.957591:VERBOSE1:account_reconcilor.cc(197)] AccountReconcilor::Initialize
[50:50:0903/062433.957598:VERBOSE1:account_reconcilor.cc(241)] AccountReconcilor::RegisterWithContentSettings
[50:50:0903/062433.957605:VERBOSE1:account_reconcilor.cc(262)] AccountReconcilor::RegisterWithIdentityManager
[50:50:0903/062433.961757:VERBOSE1:profile_manager.cc(1289)] AddKeepAlive(Default, kBrowserWindow). keep_alives=[kWaitingForFirstBrowserWindow (1), kBrowserWindow (1)]
[50:50:0903/062433.961780:VERBOSE1:profile_manager.cc(1361)] ClearFirstBrowserWindowKeepAlive(Default). keep_alives=[kBrowserWindow (1)]
[50:71:0903/062433.964671:VERBOSE1:command_storage_backend.cc(880)] Current session files:
[50:74:0903/062433.987843:VERBOSE1:content_verifier.cc(630)] OnFetchComplete ahfgeienlihckogmohjhadlkjgocpleb success:0
[50:74:0903/062433.987868:VERBOSE1:content_verifier.cc(630)] OnFetchComplete mhjfbmdgcfjbbpaeojofohoefgiehjai success:0
[50:72:0903/062433.994908:ERROR:bus.cc(399)] Failed to connect to the bus: Could not parse server address: Unknown address type (examples of valid types are "tcp" and on UNIX "unix")
[50:72:0903/062433.994959:ERROR:bus.cc(399)] Failed to connect to the bus: Could not parse server address: Unknown address type (examples of valid types are "tcp" and on UNIX "unix")
[50:72:0903/062433.995107:VERBOSE1:token_service_table.cc(148)] Loaded tokens: result = 3 ; number of tokens loaded = 0
[50:50:0903/062434.045364:WARNING:bluez_dbus_manager.cc(247)] Floss manager not present, cannot set Floss enable/disable.
[50:50:0903/062434.045617:ERROR:object_proxy.cc(590)] Failed to call method: org.freedesktop.portal.Settings.Read: object_path= /org/freedesktop/portal/desktop: unknown error type: 
[50:50:0903/062434.054270:VERBOSE1:mutable_profile_oauth2_token_service_delegate.cc(341)] MutablePO2TS::OnWebDataServiceRequestDone. Result type: 5
[50:50:0903/062434.054301:VERBOSE1:mutable_profile_oauth2_token_service_delegate.cc(394)] MutablePO2TS::LoadAllCredentialsIntoMemory; 0 redential(s).
[50:50:0903/062434.054429:VERBOSE1:account_reconcilor.cc(335)] AccountReconcilor::OnEndBatchOfRefreshTokenStateChanges. Reconcilor state: 1
[50:50:0903/062434.072253:VERBOSE1:mutable_profile_oauth2_token_service_delegate.cc(263)] MutablePO2TS::RefreshTokenIsAvailable
[50:110:0903/062434.079328:ERROR:bus.cc(399)] Failed to connect to the bus: Failed to connect to socket /run/dbus/system_bus_socket: No such file or directory
[50:110:0903/062434.079408:ERROR:bus.cc(399)] Failed to connect to the bus: Failed to connect to socket /run/dbus/system_bus_socket: No such file or directory
[50:110:0903/062434.079485:ERROR:bus.cc(399)] Failed to connect to the bus: Failed to connect to socket /run/dbus/system_bus_socket: No such file or directory
[50:110:0903/062434.079508:WARNING:property.cc(144)] DaemonVersion: GetAndBlock: failed.
[50:110:0903/062434.079541:ERROR:bus.cc(399)] Failed to connect to the bus: Failed to connect to socket /run/dbus/system_bus_socket: No such file or directory
[50:110:0903/062434.079583:ERROR:bus.cc(399)] Failed to connect to the bus: Failed to connect to socket /run/dbus/system_bus_socket: No such file or directory
[50:74:0903/062434.086358:VERBOSE1:media_stream_manager.cc(1582)] RFAOSF::Core() [process_id=5, frame_id=1]
[86:86:0903/062434.123590:VERBOSE1:vaapi_wrapper.cc(1606)] GetHandle(): Either VADisplayStateSingleton::PreSandboxInitialization() hasn't been called or that method failed to find a suitable render node
[86:86:0903/062434.149573:WARNING:sandbox_linux.cc(393)] InitializeSandbox() called with multiple threads in process gpu-process.
[86:86:0903/062434.166289:WARNING:gpu_memory_buffer_support_x11.cc(49)] dri3 extension not supported.
[50:50:0903/062434.191520:VERBOSE1:gaia_cookie_manager_service.cc(1078)] GaiaCookieManagerService::ListAccounts
[88:138:0903/062434.202216:VERBOSE1:network_delegate.cc(35)] NetworkDelegate::NotifyBeforeURLRequest: https://OPENVIDUAPP:1qaz2wsx@rdqa-video.qbiai.com/dashboard/#/layout-best-fit/84459043-142_1990e3f2-4770-0812-6222-00155dae810f/1qaz2wsx/-1/false
[88:138:0903/062434.208192:VERBOSE1:network_delegate.cc(35)] NetworkDelegate::NotifyBeforeURLRequest: https://accounts.google.com/ListAccounts?gpsia=1&source=ChromiumBrowser&json=standard
[88:139:0903/062434.244149:VERBOSE1:simple_index_file.cc(600)] Simple Cache Index is being restored from disk.
[50:50:0903/062434.281639:VERBOSE1:gaia_cookie_manager_service.cc(916)] ListAccounts successful
[50:50:0903/062434.281707:VERBOSE1:gaia_cookie_manager_service.cc(1114)] GaiaCookieManagerService::HandleNextRequest
[50:50:0903/062434.281759:VERBOSE1:gaia_cookie_manager_service.cc(1130)] GaiaCookieManagerService::HandleNextRequest: no more
[50:50:0903/062434.281937:VERBOSE1:account_reconcilor.cc(555)] AccountReconcilor::OnAccountsInCookieUpdated: CookieJar 0 accounts, Reconcilor's state is 1, Error was 
[50:50:0903/062434.281965:VERBOSE1:account_reconcilor.cc(645)] AccountReconcilor::LoadValidAccountsFromTokenService: Chrome 0 accounts
[50:50:0903/062434.281990:VERBOSE1:account_reconcilor.cc(772)] AccountReconcilor::CalculateIfMultiloginReconcileIsDone: Error was 
[50:50:0903/062434.282017:VERBOSE1:account_reconcilor.cc(680)] AccountReconcilor::StartReconcileIfChromeAccountsChanged
[50:50:0903/062434.282192:VERBOSE1:account_reconcilor.cc(555)] AccountReconcilor::OnAccountsInCookieUpdated: CookieJar 0 accounts, Reconcilor's state is 1, Error was 
[50:50:0903/062434.282211:VERBOSE1:account_reconcilor.cc(645)] AccountReconcilor::LoadValidAccountsFromTokenService: Chrome 0 accounts
[50:50:0903/062434.282226:VERBOSE1:account_reconcilor.cc(772)] AccountReconcilor::CalculateIfMultiloginReconcileIsDone: Error was 
[50:50:0903/062434.282237:VERBOSE1:account_reconcilor.cc(680)] AccountReconcilor::StartReconcileIfChromeAccountsChanged
[50:50:0903/062434.526549:VERBOSE1:mutable_profile_oauth2_token_service_delegate.cc(263)] MutablePO2TS::RefreshTokenIsAvailable
[88:138:0903/062434.541111:VERBOSE1:network_delegate.cc(35)] NetworkDelegate::NotifyBeforeURLRequest: https://rdqa-video.qbiai.com/dashboard/runtime.278f45210a312af9.js
[88:138:0903/062434.543415:VERBOSE1:network_delegate.cc(35)] NetworkDelegate::NotifyBeforeURLRequest: https://rdqa-video.qbiai.com/dashboard/polyfills.052c44e828ea89ec.js
[88:138:0903/062434.543905:VERBOSE1:network_delegate.cc(35)] NetworkDelegate::NotifyBeforeURLRequest: https://rdqa-video.qbiai.com/dashboard/main.faff32d6c38f32ae.js
[103:103:0903/062434.565145:VERBOSE1:script_context.cc(141)] Created context:
  extension id:           (none)
  frame:                  0xf9001ed348
  URL:                    
  context_type:           WEB_PAGE
  effective extension id: (none)
  effective context type: WEB_PAGE
[50:74:0903/062434.574687:VERBOSE1:media_stream_manager.cc(1582)] RFAOSF::Core() [process_id=5, frame_id=1]
[103:103:0903/062434.566325:VERBOSE1:script_context.cc(141)] Created context:
  extension id:           (none)
  frame:                  (nil)
  URL:                    
  context_type:           UNSPECIFIED
  effective extension id: (none)
  effective context type: UNSPECIFIED
[103:103:0903/062434.576428:VERBOSE1:dispatcher.cc(456)] Num tracked contexts: 1
[88:138:0903/062434.603335:VERBOSE1:network_delegate.cc(35)] NetworkDelegate::NotifyBeforeURLRequest: https://OPENVIDUAPP:1qaz2wsx@rdqa-video.qbiai.com/dashboard/styles.b797675381585693.css
[88:138:0903/062434.678266:VERBOSE1:network_delegate.cc(35)] NetworkDelegate::NotifyBeforeURLRequest: https://OPENVIDUAPP:1qaz2wsx@rdqa-video.qbiai.com/dashboard/styles.b797675381585693.css
[50:50:0903/062435.112856:INFO:CONSOLE(1)] "OpenVidu initialized", source: https://rdqa-video.qbiai.com/dashboard/main.faff32d6c38f32ae.js (1)
[50:50:0903/062435.112911:INFO:CONSOLE(1)] "Platform detected: Chrome 114.0.0.0 on Linux 64-bit", source: https://rdqa-video.qbiai.com/dashboard/main.faff32d6c38f32ae.js (1)
[50:50:0903/062435.112946:INFO:CONSOLE(1)] "openvidu-browser version: 2.28.0", source: https://rdqa-video.qbiai.com/dashboard/main.faff32d6c38f32ae.js (1)
[50:50:0903/062435.113070:INFO:CONSOLE(1)] "Connecting websocket to URI: wss://rdqa-video.qbiai.com/openvidu?sessionId=84459043-142_1990e3f2-4770-0812-6222-00155dae810f", source: https://rdqa-video.qbiai.com/dashboard/main.faff32d6c38f32ae.js (1)
[88:138:0903/062435.113830:VERBOSE1:network_delegate.cc(35)] NetworkDelegate::NotifyBeforeURLRequest: wss://rdqa-video.qbiai.com/openvidu?sessionId=84459043-142_1990e3f2-4770-0812-6222-00155dae810f
[50:50:0903/062435.134663:INFO:CONSOLE(1)] "WebSocket connected to wss://rdqa-video.qbiai.com/openvidu?sessionId=84459043-142_1990e3f2-4770-0812-6222-00155dae810f", source: https://rdqa-video.qbiai.com/dashboard/main.faff32d6c38f32ae.js (1)
[50:50:0903/062435.134708:INFO:CONSOLE(1)] "--------- ONCONNECTED -----------", source: https://rdqa-video.qbiai.com/dashboard/main.faff32d6c38f32ae.js (1)
[50:50:0903/062435.134746:INFO:CONSOLE(1)] "Starting ping (if configured)", source: https://rdqa-video.qbiai.com/dashboard/main.faff32d6c38f32ae.js (1)
[50:50:0903/062435.141282:INFO:CONSOLE(1)] "Sending request: {method:"joinRoom", params: {"token":"wss://rdqa-video.qbiai.com:-1?sessionId=84459043-142_1990e3f2-4770-0812-6222-00155dae810f&secret=1qaz2wsx&recorder=true","session":"84459043-142_1990e3f2-4770-0812-6222-00155dae810f","platform":"Chrome 114.0.0.0 on Linux 64-bit","sdkVersion":"2.28.0","metadata":"","secret":"1qaz2wsx","recorder":true,"stt":false}}", source: https://rdqa-video.qbiai.com/dashboard/main.faff32d6c38f32ae.js (1)
[88:138:0903/062435.144649:VERBOSE1:network_delegate.cc(35)] NetworkDelegate::NotifyBeforeURLRequest: https://OPENVIDUAPP:1qaz2wsx@rdqa-video.qbiai.com/dashboard/favicon.ico
[103:103:0903/062435.165368:VERBOSE1:webrtc_logging.cc(35)] WRADI::WebRtcAudioDeviceImpl()
[50:50:0903/062435.165594:INFO:CONSOLE(1)] "Response: {"id":"RECORDER","createdAt":1756880675146,"metadata":"","value":[{"id":"con_HU6AWS99mn","createdAt":1756880667243,"metadata":"{\"clientData\":\"agent1\",\"participantId\":\"0_pnhacdl7iac\",\"type\":\"CAMERA\"}","streams":[{"id":"str_CAM_KpIj_con_HU6AWS99mn","createdAt":1756880667427,"hasAudio":true,"hasVideo":true,"videoActive":true,"audioActive":true,"typeOfVideo":"CAMERA","frameRate":30,"videoDimensions":"{\"width\":640,\"height\":480}","filter":{}}]}],"session":"84459043-142_1990e3f2-4770-0812-6222-00155dae810f","version":"2.28.0","mediaServer":"kurento","videoSimulcast":false,"role":"SUBSCRIBER","coturnIp":"13.251.82.2","coturnPort":3478,"turnUsername":"1756967075:NCGwlsf3","turnCredential":"oUMN9bIveuAnZaOqHs3eGPVsPwE=","customIceServers":[{"url":"turn:13.251.82.2:3478","username":"1756967075:NCGwlsf3","credential":"oUMN9bIveuAnZaOqHs3eGPVsPwE="}],"sessionId":"ufsg8n70o81jc48qdt598g7nre"}", source: https://rdqa-video.qbiai.com/dashboard/main.faff32d6c38f32ae.js (1)
[50:50:0903/062435.165675:INFO:CONSOLE(1)] "STUN/TURN server IP: turn:13.251.82.2:3478", source: https://rdqa-video.qbiai.com/dashboard/main.faff32d6c38f32ae.js (1)
[50:50:0903/062435.165698:INFO:CONSOLE(1)] "TURN credentials [1756967075:NCGwlsf3:oUMN9bIveuAnZaOqHs3eGPVsPwE=]", source: https://rdqa-video.qbiai.com/dashboard/main.faff32d6c38f32ae.js (1)
[50:50:0903/062435.165724:INFO:CONSOLE(1)] "openvidu-server version: 2.28.0", source: https://rdqa-video.qbiai.com/dashboard/main.faff32d6c38f32ae.js (1)
[50:50:0903/062435.165743:INFO:CONSOLE(1)] "'Connection' created (local)", source: https://rdqa-video.qbiai.com/dashboard/main.faff32d6c38f32ae.js (1)
[50:50:0903/062435.165768:INFO:CONSOLE(1)] "Remote 'Connection' with 'connectionId' [con_HU6AWS99mn] is now configured for receiving Streams with options:  [object Object]", source: https://rdqa-video.qbiai.com/dashboard/main.faff32d6c38f32ae.js (1)
[50:50:0903/062435.165788:INFO:CONSOLE(1)] "'Connection' created (remote) with 'connectionId' [con_HU6AWS99mn]", source: https://rdqa-video.qbiai.com/dashboard/main.faff32d6c38f32ae.js (1)
[50:50:0903/062435.165812:INFO:CONSOLE(1)] "Event 'streamCreated' triggered by 'Session' [object Object]", source: https://rdqa-video.qbiai.com/dashboard/main.faff32d6c38f32ae.js (1)
[50:50:0903/062435.165830:INFO:CONSOLE(1)] "Subscribing to con_HU6AWS99mn", source: https://rdqa-video.qbiai.com/dashboard/main.faff32d6c38f32ae.js (1)
[50:50:0903/062435.165855:INFO:CONSOLE(1)] "'Session.subscribe(Stream)' called", source: https://rdqa-video.qbiai.com/dashboard/main.faff32d6c38f32ae.js (1)
[50:50:0903/062435.165882:INFO:CONSOLE(1)] "[WebRtcPeer] configuration:
{
  "mediaConstraints": {
    "audio": true,
    "video": true
  },
  "simulcast": false,
  "iceServers": [
    {
      "urls": [
        "turn:13.251.82.2:3478"
      ],
      "username": "1756967075:NCGwlsf3",
      "credential": "oUMN9bIveuAnZaOqHs3eGPVsPwE="
    }
  ],
  "mediaServer": "kurento",
  "typeOfVideo": "CAMERA",
  "mode": "recvonly",
  "mediaStream": null,
  "id": "28c5b1e0-414a-4c09-a711-00dec80191cf"
}", source: https://rdqa-video.qbiai.com/dashboard/main.faff32d6c38f32ae.js (1)
[88:138:0903/062435.166108:VERBOSE1:mdns_responder.cc(861)] Starting mDNS responder manager.
[88:138:0903/062435.166343:VERBOSE1:mdns_client.cc(75)] MDNS bind failed, address_family=2, error=-4
[88:138:0903/062435.166392:VERBOSE1:mdns_client.cc(75)] MDNS bind failed, address_family=2, error=-4
[88:138:0903/062435.166419:VERBOSE1:mdns_client.cc(75)] MDNS bind failed, address_family=2, error=-4
[103:143:0903/062435.174396:INFO:webrtc_voice_engine.cc(308)] WebRtcVoiceEngine::WebRtcVoiceEngine
[103:145:0903/062435.179037:INFO:webrtc_voice_engine.cc(330)] WebRtcVoiceEngine::Init
[103:145:0903/062435.185324:VERBOSE1:webrtc_voice_engine.cc(339)] Supported send codecs in order of preference:
[103:145:0903/062435.189431:VERBOSE1:webrtc_voice_engine.cc(342)] opus/48000/2 { minptime=10 useinbandfec=1 } (111)
[103:145:0903/062435.191613:VERBOSE1:webrtc_voice_engine.cc(342)] red/48000/2 { =111/111 } (63)
[103:145:0903/062435.193838:VERBOSE1:webrtc_voice_engine.cc(342)] G722/8000/1 (9)
[103:145:0903/062435.194195:VERBOSE1:webrtc_voice_engine.cc(342)] PCMU/8000/1 (0)
[103:145:0903/062435.197265:VERBOSE1:webrtc_voice_engine.cc(342)] PCMA/8000/1 (8)
[103:145:0903/062435.200128:VERBOSE1:webrtc_voice_engine.cc(342)] CN/8000/1 (13)
[103:145:0903/062435.201342:VERBOSE1:webrtc_voice_engine.cc(342)] telephone-event/48000/1 (110)
[103:145:0903/062435.201397:VERBOSE1:webrtc_voice_engine.cc(342)] telephone-event/8000/1 (126)
[103:145:0903/062435.201437:VERBOSE1:webrtc_voice_engine.cc(345)] Supported recv codecs in order of preference:
[103:145:0903/062435.201531:VERBOSE1:webrtc_voice_engine.cc(348)] opus/48000/2 { minptime=10 useinbandfec=1 } (111)
[103:145:0903/062435.201575:VERBOSE1:webrtc_voice_engine.cc(348)] red/48000/2 { =111/111 } (63)
[103:145:0903/062435.201617:VERBOSE1:webrtc_voice_engine.cc(348)] G722/8000/1 (9)
[103:145:0903/062435.201656:VERBOSE1:webrtc_voice_engine.cc(348)] PCMU/8000/1 (0)
[103:145:0903/062435.201695:VERBOSE1:webrtc_voice_engine.cc(348)] PCMA/8000/1 (8)
[103:145:0903/062435.201736:VERBOSE1:webrtc_voice_engine.cc(348)] CN/8000/1 (13)
[103:145:0903/062435.201776:VERBOSE1:webrtc_voice_engine.cc(348)] telephone-event/48000/1 (110)
[103:145:0903/062435.201815:VERBOSE1:webrtc_voice_engine.cc(348)] telephone-event/8000/1 (126)
[103:145:0903/062435.201987:VERBOSE1:webrtc_logging.cc(35)] WRADI::RegisterAudioCallback()
[103:145:0903/062435.202045:INFO:webrtc_voice_engine.cc(422)] WebRtcVoiceEngine::ApplyOptions: AudioOptions {aec: 1, agc: 1, ns: 1, hf: 1, swap: 0, audio_jitter_buffer_max_packets: 200, audio_jitter_buffer_fast_accelerate: 0, audio_jitter_buffer_min_delay_ms: 0, }
[103:145:0903/062435.202267:INFO:peer_connection_factory.cc(342)] Using default network controller factory
[103:145:0903/062435.202365:INFO:bitrate_prober.cc(47)] Bandwidth probing enabled, set to inactive
[103:145:0903/062435.202420:VERBOSE1:pacing_controller.cc(184)] bwe:pacer_updated pacing_kbps=300 padding_budget_kbps=0
[103:145:0903/062435.202507:INFO:remote_estimator_proxy.cc(66)] Maximum interval between transport feedback RTCP messages: 250 ms
[103:145:0903/062435.202558:INFO:aimd_rate_control.cc(97)] Using aimd rate control with back off factor 0.85
[103:145:0903/062435.202599:INFO:remote_bitrate_estimator_single_stream.cc(64)] RemoteBitrateEstimatorSingleStream: Instantiating.
[103:144:0903/062435.202760:VERBOSE1:filtering_network_manager.cc(134)] FilteringNetworkManager checking permission status.
[103:143:0903/062435.203700:VERBOSE1:webrtc_session_description_factory.cc(162)] DTLS-SRTP enabled; sending DTLS identity request (key type: 1).
[103:144:0903/062435.205200:INFO:openssl_key_pair.cc(40)] Making key pair
[103:144:0903/062435.205455:INFO:openssl_key_pair.cc(93)] Returning key pair
[103:144:0903/062435.205610:INFO:boringssl_certificate.cc(189)] Making certificate for WebRTC
[103:144:0903/062435.206060:INFO:boringssl_certificate.cc(245)] Returning certificate
[50:50:0903/062435.206195:INFO:CONSOLE(1)] "[createOffer] Method RTCPeerConnection.addTransceiver() is available; using it", source: https://rdqa-video.qbiai.com/dashboard/main.faff32d6c38f32ae.js (1)
[103:143:0903/062435.206167:INFO:peer_connection.cc(1126)] Adding audio transceiver in response to a call to AddTransceiver.
[103:143:0903/062435.206334:VERBOSE1:webrtc_logging.cc(35)] WRMSTA::InitializeRemoteAudioTrack([this=0x1cc801ed9000])
[103:143:0903/062435.206403:INFO:remote_audio_source.cc(118)] RAS::SetVolume({volume=0.00})
[103:103:0903/062435.206553:VERBOSE1:webrtc_logging.cc(35)] MSAS::MediaStreamAudioSource({is_local_source=remote}, {disable_local_echo=false}) [this=0x1CC80097E900]
[103:103:0903/062435.206597:VERBOSE1:webrtc_logging.cc(35)] PCRAS::PeerConnectionRemoteAudioSource([id=75c4cd0a-3df9-40a8-a73a-d91fdd0784c6])
[103:103:0903/062435.206643:VERBOSE1:webrtc_logging.cc(35)] MSAT::MediaStreamAudioTrack({is_local_track=false}) [this=0x1CC801628100]
[103:103:0903/062435.206681:VERBOSE1:webrtc_logging.cc(35)] PCRAT::PeerConnectionRemoteAudioTrack({id=75c4cd0a-3df9-40a8-a73a-d91fdd0784c6})
[103:143:0903/062435.206502:VERBOSE1:webrtc_session_description_factory.cc(448)] Setting new certificate.
[103:103:0903/062435.206735:VERBOSE1:webrtc_logging.cc(35)] MSS::MediaStreamSource({id=75c4cd0a-3df9-40a8-a73a-d91fdd0784c6}, {type=Audio}, {name=75c4cd0a-3df9-40a8-a73a-d91fdd0784c6}, {remote=1}, {ready_state=Live})
[103:103:0903/062435.206846:VERBOSE1:webrtc_logging.cc(35)] MSAS::ConnectToInitializedTrack(track=[id: 75c4cd0a-3df9-40a8-a73a-d91fdd0784c6, unique_id: 1, enabled: true]) [this=0x1CC80097E900]
[103:103:0903/062435.206895:VERBOSE1:webrtc_logging.cc(35)] PCRAS::EnsureSourceIsStarted([id=75c4cd0a-3df9-40a8-a73a-d91fdd0784c6])
[103:103:0903/062435.206957:VERBOSE1:webrtc_logging.cc(35)] PCRAT::SetEnabled([id=75c4cd0a-3df9-40a8-a73a-d91fdd0784c6] {enabled=true})
[103:103:0903/062435.207013:VERBOSE1:webrtc_logging.cc(35)] MSAT::SetEnabled({enabled=true}) [this=0x1CC801628100]
[103:103:0903/062435.207053:VERBOSE1:webrtc_logging.cc(35)] MSAT::Start() [this=0x1CC801628100]
[103:103:0903/062435.207095:VERBOSE1:webrtc_logging.cc(35)] MSAD::AddConsumer => (number of consumer: active=0, pending=1) [this=0x1CC80097EA20]
[103:103:0903/062435.207135:VERBOSE1:webrtc_logging.cc(35)] MSAS::ConnectToInitializedTrack => (added new MediaStreamAudioTrack as consumer, total number of consumers=1) [this=0x1CC80097E900]
[103:103:0903/062435.207286:VERBOSE1:webrtc_logging.cc(35)] MST::MediaStreamTrackImpl() [kind: audio, id: 75c4cd0a-3df9-40a8-a73a-d91fdd0784c6, label: 75c4cd0a-3df9-40a8-a73a-d91fdd0784c6, enabled: true, muted: false, readyState: live, remote=true]
[103:103:0903/062435.207397:VERBOSE1:webrtc_logging.cc(35)] MSS::SetReadyState({id=75c4cd0a-3df9-40a8-a73a-d91fdd0784c6}, {ready_state=Muted})
[103:103:0903/062435.207451:VERBOSE1:webrtc_logging.cc(35)] MST::setReadyState({ready_state=live}) [kind: audio, id: 75c4cd0a-3df9-40a8-a73a-d91fdd0784c6, label: 75c4cd0a-3df9-40a8-a73a-d91fdd0784c6, enabled: true, muted: false, readyState: live, remote=true]
[103:103:0903/062435.207499:VERBOSE1:webrtc_logging.cc(35)] MST::SourceChangedState() [kind: audio, id: 75c4cd0a-3df9-40a8-a73a-d91fdd0784c6, label: 75c4cd0a-3df9-40a8-a73a-d91fdd0784c6, enabled: true, muted: true, readyState: live, remote=true]
[103:143:0903/062435.207768:INFO:peer_connection.cc(1126)] Adding video transceiver in response to a call to AddTransceiver.
[103:103:0903/062435.208128:VERBOSE1:webrtc_logging.cc(35)] MSS::MediaStreamSource({id=18dfbee3-1c47-46ce-9ebc-18a0d9acc6bf}, {type=Video}, {name=18dfbee3-1c47-46ce-9ebc-18a0d9acc6bf}, {remote=1}, {ready_state=Live})
[103:103:0903/062435.208260:VERBOSE1:webrtc_logging.cc(35)] MST::MediaStreamTrackImpl() [kind: video, id: 18dfbee3-1c47-46ce-9ebc-18a0d9acc6bf, label: 18dfbee3-1c47-46ce-9ebc-18a0d9acc6bf, enabled: true, muted: false, readyState: live, remote=true]
[103:103:0903/062435.208453:VERBOSE1:webrtc_logging.cc(35)] MSS::SetReadyState({id=18dfbee3-1c47-46ce-9ebc-18a0d9acc6bf}, {ready_state=Muted})
[103:103:0903/062435.208545:VERBOSE1:webrtc_logging.cc(35)] MST::setReadyState({ready_state=live}) [kind: video, id: 18dfbee3-1c47-46ce-9ebc-18a0d9acc6bf, label: 18dfbee3-1c47-46ce-9ebc-18a0d9acc6bf, enabled: true, muted: false, readyState: live, remote=true]
[103:103:0903/062435.208591:VERBOSE1:webrtc_logging.cc(35)] MST::SourceChangedState() [kind: video, id: 18dfbee3-1c47-46ce-9ebc-18a0d9acc6bf, label: 18dfbee3-1c47-46ce-9ebc-18a0d9acc6bf, enabled: true, muted: true, readyState: live, remote=true]
[50:50:0903/062435.221211:INFO:CONSOLE(1)] "New video element associated to  [object Object]", source: https://rdqa-video.qbiai.com/dashboard/main.faff32d6c38f32ae.js (1)
[103:103:0903/062435.221881:VERBOSE1:webrtc_sdp.cc(3368)] Ignoring send_rids without simulcast
[103:103:0903/062435.222997:VERBOSE1:webrtc_sdp.cc(3368)] Ignoring send_rids without simulcast
[103:144:0903/062435.226240:INFO:p2p_transport_channel.cc(533)] Set backup connection ping interval to 25000 milliseconds.
[103:144:0903/062435.226331:INFO:p2p_transport_channel.cc(542)] Set ICE receiving timeout to 2500 milliseconds
[103:144:0903/062435.226371:INFO:p2p_transport_channel.cc(549)] Set ping most likely connection to 0
[103:144:0903/062435.226409:INFO:p2p_transport_channel.cc(556)] Set stable_writable_connection_ping_interval to 2500
[103:144:0903/062435.226458:INFO:p2p_transport_channel.cc(569)] Set presume writable when fully relayed to 0
[103:144:0903/062435.226494:INFO:p2p_transport_channel.cc(587)] Set regather_on_failed_networks_interval to 300000
[103:144:0903/062435.226530:INFO:p2p_transport_channel.cc(594)] Set receiving_switching_delay to 1000
[103:144:0903/062435.226575:INFO:jsep_transport_controller.cc(1070)] Creating DtlsSrtpTransport.
[103:144:0903/062435.226630:INFO:dtls_srtp_transport.cc(64)] Setting RTCP Transport on 0 transport (nil)
[103:144:0903/062435.226668:INFO:dtls_srtp_transport.cc(69)] Setting RTP Transport on 0 transport 0x1cc800290d00
[103:144:0903/062435.226755:INFO:p2p_transport_channel.cc(533)] Set backup connection ping interval to 25000 milliseconds.
[103:144:0903/062435.226795:INFO:p2p_transport_channel.cc(542)] Set ICE receiving timeout to 2500 milliseconds
[103:144:0903/062435.226832:INFO:p2p_transport_channel.cc(549)] Set ping most likely connection to 0
[103:144:0903/062435.226868:INFO:p2p_transport_channel.cc(556)] Set stable_writable_connection_ping_interval to 2500
[103:144:0903/062435.226903:INFO:p2p_transport_channel.cc(569)] Set presume writable when fully relayed to 0
[103:144:0903/062435.226938:INFO:p2p_transport_channel.cc(587)] Set regather_on_failed_networks_interval to 300000
[103:144:0903/062435.226974:INFO:p2p_transport_channel.cc(594)] Set receiving_switching_delay to 1000
[103:144:0903/062435.227015:INFO:jsep_transport_controller.cc(1070)] Creating DtlsSrtpTransport.
[103:144:0903/062435.227054:INFO:dtls_srtp_transport.cc(64)] Setting RTCP Transport on 1 transport (nil)
[103:144:0903/062435.227091:INFO:dtls_srtp_transport.cc(69)] Setting RTP Transport on 1 transport 0x1cc80028e000
[103:144:0903/062435.227172:INFO:p2p_transport_channel.cc(467)] Set ICE ufrag: edx/ pwd: Po10PBjsRqgkgNL++RaPyDrh on transport 0
[103:144:0903/062435.227219:INFO:p2p_transport_channel.cc(467)] Set ICE ufrag: edx/ pwd: Po10PBjsRqgkgNL++RaPyDrh on transport 1
[103:145:0903/062435.227324:VERBOSE1:webrtc_voice_engine.cc(1265)] WebRtcVoiceMediaChannel::WebRtcVoiceMediaChannel
[103:145:0903/062435.227374:INFO:webrtc_voice_engine.cc(1478)] Setting voice channel options: AudioOptions {audio_jitter_buffer_max_packets: 200, audio_jitter_buffer_fast_accelerate: 0, audio_jitter_buffer_min_delay_ms: 0, }
[103:145:0903/062435.227414:INFO:webrtc_voice_engine.cc(422)] WebRtcVoiceEngine::ApplyOptions: AudioOptions {audio_jitter_buffer_max_packets: 200, audio_jitter_buffer_fast_accelerate: 0, audio_jitter_buffer_min_delay_ms: 0, }
[103:145:0903/062435.227452:INFO:webrtc_voice_engine.cc(1492)] Set voice channel options. Current options: AudioOptions {audio_jitter_buffer_max_packets: 200, audio_jitter_buffer_fast_accelerate: 0, audio_jitter_buffer_min_delay_ms: 0, }
[103:144:0903/062435.227542:VERBOSE1:webrtc_voice_engine.cc(2305)] OnReadyToSend: Not ready.
[103:145:0903/062435.227606:VERBOSE1:call.cc(1224)] UpdateAggregateNetworkState: aggregate_state remains at down
[103:145:0903/062435.227653:VERBOSE1:rtp_transport_controller_send.cc(332)] SignalNetworkState Down
[103:145:0903/062435.227699:INFO:pacing_controller.cc(109)] PacedSender paused.
[103:145:0903/062435.227775:INFO:webrtc_video_engine.cc(615)] CreateMediaChannel. Options: VideoOptions {screencast min bitrate kbps: 100, }
[103:144:0903/062435.228057:VERBOSE1:webrtc_video_engine.cc(1910)] OnReadyToSend: Not ready.
[103:145:0903/062435.228140:VERBOSE1:call.cc(1224)] UpdateAggregateNetworkState: aggregate_state remains at down
[103:145:0903/062435.228181:VERBOSE1:rtp_transport_controller_send.cc(332)] SignalNetworkState Down
[103:143:0903/062435.228270:INFO:sdp_offer_answer.cc(2816)] Session: 3265680784088421215 Old state: stable New state: have-local-offer
[103:145:0903/062435.228346:INFO:webrtc_voice_engine.cc(1977)] ResetUnsignaledRecvStream.
[103:145:0903/062435.228390:INFO:webrtc_video_engine.cc(1574)] ResetUnsignaledRecvStream.
[103:145:0903/062435.228850:INFO:webrtc_voice_engine.cc(1334)] WebRtcVoiceMediaChannel::SetRecvParameters: {codecs: [AudioCodec[111:opus:48000:0:2], AudioCodec[63:red:48000:0:2], AudioCodec[9:G722:8000:0:1], AudioCodec[0:PCMU:8000:0:1], AudioCodec[8:PCMA:8000:0:1], AudioCodec[13:CN:8000:0:1], AudioCodec[110:telephone-event:48000:0:1], AudioCodec[126:telephone-event:8000:0:1]], extensions: [{uri: http://www.ietf.org/id/draft-holmer-rmcat-transport-wide-cc-extensions-01, id: 3}, {uri: http://www.webrtc.org/experiments/rtp-hdrext/abs-send-time, id: 2}, {uri: urn:ietf:params:rtp-hdrext:sdes:mid, id: 4}, {uri: urn:ietf:params:rtp-hdrext:ssrc-audio-level, id: 1}]}
[103:145:0903/062435.228946:INFO:webrtc_voice_engine.cc(1502)] Setting receive voice codecs.
[103:145:0903/062435.229051:INFO:channel.cc(923)] Changing voice state, recv=0 send=0 for {mid: 0, media_type: audio}
[103:145:0903/062435.229244:INFO:webrtc_video_engine.cc(1208)] SetRecvParameters: {codecs: [VideoCodec[96:VP8], VideoCodec[97:rtx], VideoCodec[98:VP9], VideoCodec[99:rtx], VideoCodec[100:VP9], VideoCodec[101:rtx], VideoCodec[35:VP9], VideoCodec[36:rtx], VideoCodec[37:VP9], VideoCodec[38:rtx], VideoCodec[102:H264], VideoCodec[103:rtx], VideoCodec[104:H264], VideoCodec[105:rtx], VideoCodec[106:H264], VideoCodec[107:rtx], VideoCodec[108:H264], VideoCodec[109:rtx], VideoCodec[127:H264], VideoCodec[125:rtx], VideoCodec[39:H264], VideoCodec[40:rtx], VideoCodec[41:H264], VideoCodec[42:rtx], VideoCodec[43:H264], VideoCodec[44:rtx], VideoCodec[45:AV1], VideoCodec[46:rtx], VideoCodec[47:AV1], VideoCodec[48:rtx], VideoCodec[112:red], VideoCodec[113:rtx], VideoCodec[114:ulpfec], VideoCodec[49:flexfec-03]], extensions: [{uri: http://www.ietf.org/id/draft-holmer-rmcat-transport-wide-cc-extensions-01, id: 3}, {uri: http://www.webrtc.org/experiments/rtp-hdrext/abs-send-time, id: 2}, {uri: http://www.webrtc.org/experiments/rtp-hdrext/color-space, id: 8}, {uri: http://www.webrtc.org/experiments/rtp-hdrext/playout-delay, id: 5}, {uri: http://www.webrtc.org/experiments/rtp-hdrext/video-content-type, id: 6}, {uri: http://www.webrtc.org/experiments/rtp-hdrext/video-timing, id: 7}, {uri: urn:3gpp:video-orientation, id: 13}, {uri: urn:ietf:params:rtp-hdrext:sdes:mid, id: 4}, {uri: urn:ietf:params:rtp-hdrext:sdes:repaired-rtp-stream-id, id: 11}, {uri: urn:ietf:params:rtp-hdrext:sdes:rtp-stream-id, id: 10}, {uri: urn:ietf:params:rtp-hdrext:toffset, id: 14}]}
[103:145:0903/062435.229714:VERBOSE1:webrtc_video_engine.cc(1298)] SetSend: false
[103:145:0903/062435.229790:INFO:channel.cc(1082)] Changing video state, send=0 for {mid: 1, media_type: video}
[103:144:0903/062435.230010:VERBOSE1:ipc_network_manager.cc(83)] IpcNetworkManager::StartUpdating called; still waiting for network list from browser process.
[103:144:0903/062435.230085:INFO:basic_port_allocator.cc(424)] Start getting ports with turn_port_prune_policy 0
[103:144:0903/062435.230140:VERBOSE1:ipc_network_manager.cc(83)] IpcNetworkManager::StartUpdating called; still waiting for network list from browser process.
[103:144:0903/062435.230184:INFO:basic_port_allocator.cc(424)] Start getting ports with turn_port_prune_policy 0
[103:144:0903/062435.242054:VERBOSE1:filtering_network_manager.cc(149)] FilteringNetworkManager received permission status: denied
[50:50:0903/062435.248697:INFO:CONSOLE(1)] "Local description set v=0
o=- 3265680784088421215 2 IN IP4 127.0.0.1
s=-
t=0 0
a=group:BUNDLE 0 1
a=extmap-allow-mixed
a=msid-semantic: WMS
m=audio 9 UDP/TLS/RTP/SAVPF 111 63 9 0 8 13 110 126
c=IN IP4 0.0.0.0
a=rtcp:9 IN IP4 0.0.0.0
a=ice-ufrag:edx/
a=ice-pwd:Po10PBjsRqgkgNL++RaPyDrh
a=ice-options:trickle
a=fingerprint:sha-256 22:09:16:29:37:9B:63:1E:6F:77:34:E0:14:9B:1D:A3:10:8D:AB:67:8D:86:36:BD:D8:2F:88:8C:B2:82:49:E0
a=setup:actpass
a=mid:0
a=extmap:1 urn:ietf:params:rtp-hdrext:ssrc-audio-level
a=extmap:2 http://www.webrtc.org/experiments/rtp-hdrext/abs-send-time
a=extmap:3 http://www.ietf.org/id/draft-holmer-rmcat-transport-wide-cc-extensions-01
a=extmap:4 urn:ietf:params:rtp-hdrext:sdes:mid
a=recvonly
a=rtcp-mux
a=rtpmap:111 opus/48000/2
a=rtcp-fb:111 transport-cc
a=fmtp:111 minptime=10;useinbandfec=1
a=rtpmap:63 red/48000/2
a=fmtp:63 111/111
a=rtpmap:9 G722/8000
a=rtpmap:0 PCMU/8000
a=rtpmap:8 PCMA/8000
a=rtpmap:13 CN/8000
a=rtpmap:110 telephone-event/48000
a=rtpmap:126 telephone-event/8000
m=video 9 UDP/TLS/RTP/SAVPF 96 97 98 99 100 101 35 36 37 38 102 103 104 105 106 107 108 109 127 125 39 40 41 42 43 44 45 46 47 48 112 113 114 49
c=IN IP4 0.0.0.0
a=rtcp:9 IN IP4 0.0.0.0
a=ice-ufrag:edx/
a=ice-pwd:Po10PBjsRqgkgNL++RaPyDrh
a=ice-options:trickle
a=fingerprint:sha-256 22:09:16:29:37:9B:63:1E:6F:77:34:E0:14:9B:1D:A3:10:8D:AB:67:8D:86:36:BD:D8:2F:88:8C:B2:82:49:E0
a=setup:actpass
a=mid:1
a=extmap:14 urn:ietf:params:rtp-hdrext:toffset
a=extmap:2 http://www.webrtc.org/experiments/rtp-hdrext/abs-send-time
a=extmap:13 urn:3gpp:video-orientation
a=extmap:3 http://www.ietf.org/id/draft-holmer-rmcat-transport-wide-cc-extensions-01
a=extmap:5 http://www.webrtc.org/experiments/rtp-hdrext/playout-delay
a=extmap:6 http://www.webrtc.org/experiments/rtp-hdrext/video-content-type
a=extmap:7 http://www.webrtc.org/experiments/rtp-hdrext/video-timing
a=extmap:8 http://www.webrtc.org/experiments/rtp-hdrext/color-space
a=extmap:4 urn:ietf:params:rtp-hdrext:sdes:mid
a=extmap:10 urn:ietf:params:rtp-hdrext:sdes:rtp-stream-id
a=extmap:11 urn:ietf:params:rtp-hdrext:sdes:repaired-rtp-stream-id
a=recvonly
a=rtcp-mux
a=rtcp-rsize
a=rtpmap:96 VP8/90000
a=rtcp-fb:96 goog-remb
a=rtcp-fb:96 transport-cc
a=rtcp-fb:96 ccm fir
a=rtcp-fb:96 nack
a=rtcp-fb:96 nack pli
a=rtpmap:97 rtx/90000
a=fmtp:97 apt=96
a=rtpmap:98 VP9/90000
a=rtcp-fb:98 goog-remb
a=rtcp-fb:98 transport-cc
a=rtcp-fb:98 ccm fir
a=rtcp-fb:98 nack
a=rtcp-fb:98 nack pli
a=fmtp:98 profile-id=0
a=rtpmap:99 rtx/90000
a=fmtp:99 apt=98
a=rtpmap:100 VP9/90000
a=rtcp-fb:100 goog-remb
a=rtcp-fb:100 transport-cc
a=rtcp-fb:100 ccm fir
a=rtcp-fb:100 nack
a=rtcp-fb:100 nack pli
a=fmtp:100 profile-id=2
a=rtpmap:101 rtx/90000
a=fmtp:101 apt=100
a=rtpmap:35 VP9/90000
a=rtcp-fb:35 goog-remb
a=rtcp-fb:35 transport-cc
a=rtcp-fb:35 ccm fir
a=rtcp-fb:35 nack
a=rtcp-fb:35 nack pli
a=fmtp:35 profile-id=1
a=rtpmap:36 rtx/90000
a=fmtp:36 apt=35
a=rtpmap:37 VP9/90000
a=rtcp-fb:37 goog-remb
a=rtcp-fb:37 transport-cc
a=rtcp-fb:37 ccm fir
a=rtcp-fb:37 nack
a=rtcp-fb:37 nack pli
a=fmtp:37 profile-id=3
a=rtpmap:38 rtx/90000
a=fmtp:38 apt=37
a=rtpmap:102 H264/90000
a=rtcp-fb:102 goog-remb
a=rtcp-fb:102 transport-cc
a=rtcp-fb:102 ccm fir
a=rtcp-fb:102 nack
a=rtcp-fb:102 nack pli
a=fmtp:102 level-asymmetry-allowed=1;packetization-mode=1;profile-level-id=42001f
a=rtpmap:103 rtx/90000
a=fmtp:103 apt=102
a=rtpmap:104 H264/90000
a=rtcp-fb:104 goog-remb
a=rtcp-fb:104 transport-cc
a=rtcp-fb:104 ccm fir
a=rtcp-fb:104 nack
a=rtcp-fb:104 nack pli
a=fmtp:104 level-asymmetry-allowed=1;packetization-mode=0;profile-level-id=42001f
a=rtpmap:105 rtx/90000
a=fmtp:105 apt=104
a=rtpmap:106 H264/90000
a=rtcp-fb:106 goog-remb
a=rtcp-fb:106 transport-cc
a=rtcp-fb:106 ccm fir
a=rtcp-fb:106 nack
a=rtcp-fb:106 nack pli
a=fmtp:106 level-asymmetry-allowed=1;packetization-mode=1;profile-level-id=42e01f
a=rtpmap:107 rtx/90000
a=fmtp:107 apt=106
a=rtpmap:108 H264/90000
a=rtcp-fb:108 goog-remb
a=rtcp-fb:108 transport-cc
a=rtcp-fb:108 ccm fir
a=rtcp-fb:108 nack
a=rtcp-fb:108 nack pli
a=fmtp:108 level-asymmetry-allowed=1;packetization-mode=0;profile-level-id=42e01f
a=rtpmap:109 rtx/90000
a=fmtp:109 apt=108
a=rtpmap:127 H264/90000
a=rtcp-fb:127 goog-remb
a=rtcp-fb:127 transport-cc
a=rtcp-fb:127 ccm fir
a=rtcp-fb:127 nack
a=rtcp-fb:127 nack pli
a=fmtp:127 level-asymmetry-allowed=1;packetization-mode=1;profile-level-id=4d001f
a=rtpmap:125 rtx/90000
a=fmtp:125 apt=127
a=rtpmap:39 H264/90000
a=rtcp-fb:39 goog-remb
a=rtcp-fb:39 transport-cc
a=rtcp-fb:39 ccm fir
a=rtcp-fb:39 nack
a=rtcp-fb:39 nack pli
a=fmtp:39 level-asymmetry-allowed=1;packetization-mode=0;profile-level-id=4d001f
a=rtpmap:40 rtx/90000
a=fmtp:40 apt=39
a=rtpmap:41 H264/90000
a=rtcp-fb:41 goog-remb
a=rtcp-fb:41 transport-cc
a=rtcp-fb:41 ccm fir
a=rtcp-fb:41 nack
a=rtcp-fb:41 nack pli
a=fmtp:41 level-asymmetry-allowed=1;packetization-mode=1;profile-level-id=f4001f
a=rtpmap:42 rtx/90000
a=fmtp:42 apt=41
a=rtpmap:43 H264/90000
a=rtcp-fb:43 goog-remb
a=rtcp-fb:43 transport-cc
a=rtcp-fb:43 ccm fir
a=rtcp-fb:43 nack
a=rtcp-fb:43 nack pli
a=fmtp:43 level-asymmetry-allowed=1;packetization-mode=0;profile-level-id=f4001f
a=rtpmap:44 rtx/90000
a=fmtp:44 apt=43
a=rtpmap:45 AV1/90000
a=rtcp-fb:45 goog-remb
a=rtcp-fb:45 transport-cc
a=rtcp-fb:45 ccm fir
a=rtcp-fb:45 nack
a=rtcp-fb:45 nack pli
a=rtpmap:46 rtx/90000
a=fmtp:46 apt=45
a=rtpmap:47 AV1/90000
a=rtcp-fb:47 goog-remb
a=rtcp-fb:47 transport-cc
a=rtcp-fb:47 ccm fir
a=rtcp-fb:47 nack
a=rtcp-fb:47 nack pli
a=fmtp:47 profile=1
a=rtpmap:48 rtx/90000
a=fmtp:48 apt=47
a=rtpmap:112 red/90000
a=rtpmap:113 rtx/90000
a=fmtp:113 apt=112
a=rtpmap:114 ulpfec/90000
a=rtpmap:49 flexfec-03/90000
a=rtcp-fb:49 goog-remb
a=rtcp-fb:49 transport-cc
a=fmtp:49 repair-window=10000000
", source: https://rdqa-video.qbiai.com/dashboard/main.faff32d6c38f32ae.js (1)
[50:50:0903/062435.248783:INFO:CONSOLE(1)] "Sending local SDP offer to subscribe to str_CAM_KpIj_con_HU6AWS99mn v=0
o=- 3265680784088421215 2 IN IP4 127.0.0.1
s=-
t=0 0
a=group:BUNDLE 0 1
a=extmap-allow-mixed
a=msid-semantic: WMS
m=audio 9 UDP/TLS/RTP/SAVPF 111 63 9 0 8 13 110 126
c=IN IP4 0.0.0.0
a=rtcp:9 IN IP4 0.0.0.0
a=ice-ufrag:edx/
a=ice-pwd:Po10PBjsRqgkgNL++RaPyDrh
a=ice-options:trickle
a=fingerprint:sha-256 22:09:16:29:37:9B:63:1E:6F:77:34:E0:14:9B:1D:A3:10:8D:AB:67:8D:86:36:BD:D8:2F:88:8C:B2:82:49:E0
a=setup:actpass
a=mid:0
a=extmap:1 urn:ietf:params:rtp-hdrext:ssrc-audio-level
a=extmap:2 http://www.webrtc.org/experiments/rtp-hdrext/abs-send-time
a=extmap:3 http://www.ietf.org/id/draft-holmer-rmcat-transport-wide-cc-extensions-01
a=extmap:4 urn:ietf:params:rtp-hdrext:sdes:mid
a=recvonly
a=rtcp-mux
a=rtpmap:111 opus/48000/2
a=rtcp-fb:111 transport-cc
a=fmtp:111 minptime=10;useinbandfec=1
a=rtpmap:63 red/48000/2
a=fmtp:63 111/111
a=rtpmap:9 G722/8000
a=rtpmap:0 PCMU/8000
a=rtpmap:8 PCMA/8000
a=rtpmap:13 CN/8000
a=rtpmap:110 telephone-event/48000
a=rtpmap:126 telephone-event/8000
m=video 9 UDP/TLS/RTP/SAVPF 96 97 98 99 100 101 35 36 37 38 102 103 104 105 106 107 108 109 127 125 39 40 41 42 43 44 45 46 47 48 112 113 114 49
c=IN IP4 0.0.0.0
a=rtcp:9 IN IP4 0.0.0.0
a=ice-ufrag:edx/
a=ice-pwd:Po10PBjsRqgkgNL++RaPyDrh
a=ice-options:trickle
a=fingerprint:sha-256 22:09:16:29:37:9B:63:1E:6F:77:34:E0:14:9B:1D:A3:10:8D:AB:67:8D:86:36:BD:D8:2F:88:8C:B2:82:49:E0
a=setup:actpass
a=mid:1
a=extmap:14 urn:ietf:params:rtp-hdrext:toffset
a=extmap:2 http://www.webrtc.org/experiments/rtp-hdrext/abs-send-time
a=extmap:13 urn:3gpp:video-orientation
a=extmap:3 http://www.ietf.org/id/draft-holmer-rmcat-transport-wide-cc-extensions-01
a=extmap:5 http://www.webrtc.org/experiments/rtp-hdrext/playout-delay
a=extmap:6 http://www.webrtc.org/experiments/rtp-hdrext/video-content-type
a=extmap:7 http://www.webrtc.org/experiments/rtp-hdrext/video-timing
a=extmap:8 http://www.webrtc.org/experiments/rtp-hdrext/color-space
a=extmap:4 urn:ietf:params:rtp-hdrext:sdes:mid
a=extmap:10 urn:ietf:params:rtp-hdrext:sdes:rtp-stream-id
a=extmap:11 urn:ietf:params:rtp-hdrext:sdes:repaired-rtp-stream-id
a=recvonly
a=rtcp-mux
a=rtcp-rsize
a=rtpmap:96 VP8/90000
a=rtcp-fb:96 goog-remb
a=rtcp-fb:96 transport-cc
a=rtcp-fb:96 ccm fir
a=rtcp-fb:96 nack
a=rtcp-fb:96 nack pli
a=rtpmap:97 rtx/90000
a=fmtp:97 apt=96
a=rtpmap:98 VP9/90000
a=rtcp-fb:98 goog-remb
a=rtcp-fb:98 transport-cc
a=rtcp-fb:98 ccm fir
a=rtcp-fb:98 nack
a=rtcp-fb:98 nack pli
a=fmtp:98 profile-id=0
a=rtpmap:99 rtx/90000
a=fmtp:99 apt=98
a=rtpmap:100 VP9/90000
a=rtcp-fb:100 goog-remb
a=rtcp-fb:100 transport-cc
a=rtcp-fb:100 ccm fir
a=rtcp-fb:100 nack
a=rtcp-fb:100 nack pli
a=fmtp:100 profile-id=2
a=rtpmap:101 rtx/90000
a=fmtp:101 apt=100
a=rtpmap:35 VP9/90000
a=rtcp-fb:35 goog-remb
a=rtcp-fb:35 transport-cc
a=rtcp-fb:35 ccm fir
a=rtcp-fb:35 nack
a=rtcp-fb:35 nack pli
a=fmtp:35 profile-id=1
a=rtpmap:36 rtx/90000
a=fmtp:36 apt=35
a=rtpmap:37 VP9/90000
a=rtcp-fb:37 goog-remb
a=rtcp-fb:37 transport-cc
a=rtcp-fb:37 ccm fir
a=rtcp-fb:37 nack
a=rtcp-fb:37 nack pli
a=fmtp:37 profile-id=3
a=rtpmap:38 rtx/90000
a=fmtp:38 apt=37
a=rtpmap:102 H264/90000
a=rtcp-fb:102 goog-remb
a=rtcp-fb:102 transport-cc
a=rtcp-fb:102 ccm fir
a=rtcp-fb:102 nack
a=rtcp-fb:102 nack pli
a=fmtp:102 level-asymmetry-allowed=1;packetization-mode=1;profile-level-id=42001f
a=rtpmap:103 rtx/90000
a=fmtp:103 apt=102
a=rtpmap:104 H264/90000
a=rtcp-fb:104 goog-remb
a=rtcp-fb:104 transport-cc
a=rtcp-fb:104 ccm fir
a=rtcp-fb:104 nack
a=rtcp-fb:104 nack pli
a=fmtp:104 level-asymmetry-allowed=1;packetization-mode=0;profile-level-id=42001f
a=rtpmap:105 rtx/90000
a=fmtp:105 apt=104
a=rtpmap:106 H264/90000
a=rtcp-fb:106 goog-remb
a=rtcp-fb:106 transport-cc
a=rtcp-fb:106 ccm fir
a=rtcp-fb:106 nack
a=rtcp-fb:106 nack pli
a=fmtp:106 level-asymmetry-allowed=1;packetization-mode=1;profile-level-id=42e01f
a=rtpmap:107 rtx/90000
a=fmtp:107 apt=106
a=rtpmap:108 H264/90000
a=rtcp-fb:108 goog-remb
a=rtcp-fb:108 transport-cc
a=rtcp-fb:108 ccm fir
a=rtcp-fb:108 nack
a=rtcp-fb:108 nack pli
a=fmtp:108 level-asymmetry-allowed=1;packetization-mode=0;profile-level-id=42e01f
a=rtpmap:109 rtx/90000
a=fmtp:109 apt=108
a=rtpmap:127 H264/90000
a=rtcp-fb:127 goog-remb
a=rtcp-fb:127 transport-cc
a=rtcp-fb:127 ccm fir
a=rtcp-fb:127 nack
a=rtcp-fb:127 nack pli
a=fmtp:127 level-asymmetry-allowed=1;packetization-mode=1;profile-level-id=4d001f
a=rtpmap:125 rtx/90000
a=fmtp:125 apt=127
a=rtpmap:39 H264/90000
a=rtcp-fb:39 goog-remb
a=rtcp-fb:39 transport-cc
a=rtcp-fb:39 ccm fir
a=rtcp-fb:39 nack
a=rtcp-fb:39 nack pli
a=fmtp:39 level-asymmetry-allowed=1;packetization-mode=0;profile-level-id=4d001f
a=rtpmap:40 rtx/90000
a=fmtp:40 apt=39
a=rtpmap:41 H264/90000
a=rtcp-fb:41 goog-remb
a=rtcp-fb:41 transport-cc
a=rtcp-fb:41 ccm fir
a=rtcp-fb:41 nack
a=rtcp-fb:41 nack pli
a=fmtp:41 level-asymmetry-allowed=1;packetization-mode=1;profile-level-id=f4001f
a=rtpmap:42 rtx/90000
a=fmtp:42 apt=41
a=rtpmap:43 H264/90000
a=rtcp-fb:43 goog-remb
a=rtcp-fb:43 transport-cc
a=rtcp-fb:43 ccm fir
a=rtcp-fb:43 nack
a=rtcp-fb:43 nack pli
a=fmtp:43 level-asymmetry-allowed=1;packetization-mode=0;profile-level-id=f4001f
a=rtpmap:44 rtx/90000
a=fmtp:44 apt=43
a=rtpmap:45 AV1/90000
a=rtcp-fb:45 goog-remb
a=rtcp-fb:45 transport-cc
a=rtcp-fb:45 ccm fir
a=rtcp-fb:45 nack
a=rtcp-fb:45 nack pli
a=rtpmap:46 rtx/90000
a=fmtp:46 apt=45
a=rtpmap:47 AV1/90000
a=rtcp-fb:47 goog-remb
a=rtcp-fb:47 transport-cc
a=rtcp-fb:47 ccm fir
a=rtcp-fb:47 nack
a=rtcp-fb:47 nack pli
a=fmtp:47 profile=1
a=rtpmap:48 rtx/90000
a=fmtp:48 apt=47
a=rtpmap:112 red/90000
a=rtpmap:113 rtx/90000
a=fmtp:113 apt=112
a=rtpmap:114 ulpfec/90000
a=rtpmap:49 flexfec-03/90000
a=rtcp-fb:49 goog-remb
a=rtcp-fb:49 transport-cc
a=fmtp:49 repair-window=10000000
", source: https://rdqa-video.qbiai.com/dashboard/main.faff32d6c38f32ae.js (1)
[50:50:0903/062435.248855:INFO:CONSOLE(1)] "Sending request: {method:"receiveVideoFrom", params: {"sender":"str_CAM_KpIj_con_HU6AWS99mn","sdpOffer":"v=0\r\no=- 3265680784088421215 2 IN IP4 127.0.0.1\r\ns=-\r\nt=0 0\r\na=group:BUNDLE 0 1\r\na=extmap-allow-mixed\r\na=msid-semantic: WMS\r\nm=audio 9 UDP/TLS/RTP/SAVPF 111 63 9 0 8 13 110 126\r\nc=IN IP4 0.0.0.0\r\na=rtcp:9 IN IP4 0.0.0.0\r\na=ice-ufrag:edx/\r\na=ice-pwd:Po10PBjsRqgkgNL++RaPyDrh\r\na=ice-options:trickle\r\na=fingerprint:sha-256 22:09:16:29:37:9B:63:1E:6F:77:34:E0:14:9B:1D:A3:10:8D:AB:67:8D:86:36:BD:D8:2F:88:8C:B2:82:49:E0\r\na=setup:actpass\r\na=mid:0\r\na=extmap:1 urn:ietf:params:rtp-hdrext:ssrc-audio-level\r\na=extmap:2 http://www.webrtc.org/experiments/rtp-hdrext/abs-send-time\r\na=extmap:3 http://www.ietf.org/id/draft-holmer-rmcat-transport-wide-cc-extensions-01\r\na=extmap:4 urn:ietf:params:rtp-hdrext:sdes:mid\r\na=recvonly\r\na=rtcp-mux\r\na=rtpmap:111 opus/48000/2\r\na=rtcp-fb:111 transport-cc\r\na=fmtp:111 minptime=10;useinbandfec=1\r\na=rtpmap:63 red/48000/2\r\na=fmtp:63 111/111\r\na=rtpmap:9 G722/8000\r\na=rtpmap:0 PCMU/8000\r\na=rtpmap:8 PCMA/8000\r\na=rtpmap:13 CN/8000\r\na=rtpmap:110 telephone-event/48000\r\na=rtpmap:126 telephone-event/8000\r\nm=video 9 UDP/TLS/RTP/SAVPF 96 97 98 99 100 101 35 36 37 38 102 103 104 105 106 107 108 109 127 125 39 40 41 42 43 44 45 46 47 48 112 113 114 49\r\nc=IN IP4 0.0.0.0\r\na=rtcp:9 IN IP4 0.0.0.0\r\na=ice-ufrag:edx/\r\na=ice-pwd:Po10PBjsRqgkgNL++RaPyDrh\r\na=ice-options:trickle\r\na=fingerprint:sha-256 22:09:16:29:37:9B:63:1E:6F:77:34:E0:14:9B:1D:A3:10:8D:AB:67:8D:86:36:BD:D8:2F:88:8C:B2:82:49:E0\r\na=setup:actpass\r\na=mid:1\r\na=extmap:14 urn:ietf:params:rtp-hdrext:toffset\r\na=extmap:2 http://www.webrtc.org/experiments/rtp-hdrext/abs-send-time\r\na=extmap:13 urn:3gpp:video-orientation\r\na=extmap:3 http://www.ietf.org/id/draft-holmer-rmcat-transport-wide-cc-extensions-01\r\na=extmap:5 http://www.webrtc.org/experiments/rtp-hdrext/playout-delay\r\na=extmap:6 http://www.webrtc.org/experiments/rtp-hdrext/video-content-type\r\na=extmap:7 http://www.webrtc.org/experiments/rtp-hdrext/video-timing\r\na=extmap:8 http://www.webrtc.org/experiments/rtp-hdrext/color-space\r\na=extmap:4 urn:ietf:params:rtp-hdrext:sdes:mid\r\na=extmap:10 urn:ietf:params:rtp-hdrext:sdes:rtp-stream-id\r\na=extmap:11 urn:ietf:params:rtp-hdrext:sdes:repaired-rtp-stream-id\r\na=recvonly\r\na=rtcp-mux\r\na=rtcp-rsize\r\na=rtpmap:96 VP8/90000\r\na=rtcp-fb:96 goog-remb\r\na=rtcp-fb:96 transport-cc\r\na=rtcp-fb:96 ccm fir\r\na=rtcp-fb:96 nack\r\na=rtcp-fb:96 nack pli\r\na=rtpmap:97 rtx/90000\r\na=fmtp:97 apt=96\r\na=rtpmap:98 VP9/90000\r\na=rtcp-fb:98 goog-remb\r\na=rtcp-fb:98 transport-cc\r\na=rtcp-fb:98 ccm fir\r\na=rtcp-fb:98 nack\r\na=rtcp-fb:98 nack pli\r\na=fmtp:98 profile-id=0\r\na=rtpmap:99 rtx/90000\r\na=fmtp:99 apt=98\r\na=rtpmap:100 VP9/90000\r\na=rtcp-fb:100 goog-remb\r\na=rtcp-fb:100 transport-cc\r\na=rtcp-fb:100 ccm fir\r\na=rtcp-fb:100 nack\r\na=rtcp-fb:100 nack pli\r\na=fmtp:100 profile-id=2\r\na=rtpmap:101 rtx/90000\r\na=fmtp:101 apt=100\r\na=rtpmap:35 VP9/90000\r\na=rtcp-fb:35 goog-remb\r\na=rtcp-fb:35 transport-cc\r\na=rtcp-fb:35 ccm fir\r\na=rtcp-fb:35 nack\r\na=rtcp-fb:35 nack pli\r\na=fmtp:35 profile-id=1\r\na=rtpmap:36 rtx/90000\r\na=fmtp:36 apt=35\r\na=rtpmap:37 VP9/90000\r\na=rtcp-fb:37 goog-remb\r\na=rtcp-fb:37 transport-cc\r\na=rtcp-fb:37 ccm fir\r\na=rtcp-fb:37 nack\r\na=rtcp-fb:37 nack pli\r\na=fmtp:37 profile-id=3\r\na=rtpmap:38 rtx/90000\r\na=fmtp:38 apt=37\r\na=rtpmap:102 H264/90000\r\na=rtcp-fb:102 goog-remb\r\na=rtcp-fb:102 transport-cc\r\na=rtcp-fb:102 ccm fir\r\na=rtcp-fb:102 nack\r\na=rtcp-fb:102 nack pli\r\na=fmtp:102 level-asymmetry-allowed=1;packetization-mode=1;profile-level-id=42001f\r\na=rtpmap:103 rtx/90000\r\na=fmtp:103 apt=102\r\na=rtpmap:104 H264/90000\r\na=rtcp-fb:104 goog-remb\r\na=rtcp-fb:104 transport-cc\r\na=rtcp-fb:104 ccm fir\r\na=rtcp-fb:104 nack\r\na=rtcp-fb:104 nack pli\r\na=fmtp:104 level-asymmetry-allowed=1;packetization-mode=0;profile-level-id=42001f\r\na=rtpmap:105 rtx/90000\r\na=fmtp:105 apt=104\r\na=rtpmap:106 H264/90000\r\na=rtcp-fb:106 goog-remb\r\na=rtcp-fb:106 transport-cc\r\na=rtcp-fb:106 ccm fir\r\na=rtcp-fb:106 nack\r\na=rtcp-fb:106 nack pli\r\na=fmtp:106 level-asymmetry-allowed=1;packetization-mode=1;profile-level-id=42e01f\r\na=rtpmap:107 rtx/90000\r\na=fmtp:107 apt=106\r\na=rtpmap:108 H264/90000\r\na=rtcp-fb:108 goog-remb\r\na=rtcp-fb:108 transport-cc\r\na=rtcp-fb:108 ccm fir\r\na=rtcp-fb:108 nack\r\na=rtcp-fb:108 nack pli\r\na=fmtp:108 level-asymmetry-allowed=1;packetization-mode=0;profile-level-id=42e01f\r\na=rtpmap:109 rtx/90000\r\na=fmtp:109 apt=108\r\na=rtpmap:127 H264/90000\r\na=rtcp-fb:127 goog-remb\r\na=rtcp-fb:127 transport-cc\r\na=rtcp-fb:127 ccm fir\r\na=rtcp-fb:127 nack\r\na=rtcp-fb:127 nack pli\r\na=fmtp:127 level-asymmetry-allowed=1;packetization-mode=1;profile-level-id=4d001f\r\na=rtpmap:125 rtx/90000\r\na=fmtp:125 apt=127\r\na=rtpmap:39 H264/90000\r\na=rtcp-fb:39 goog-remb\r\na=rtcp-fb:39 transport-cc\r\na=rtcp-fb:39 ccm fir\r\na=rtcp-fb:39 nack\r\na=rtcp-fb:39 nack pli\r\na=fmtp:39 level-asymmetry-allowed=1;packetization-mode=0;profile-level-id=4d001f\r\na=rtpmap:40 rtx/90000\r\na=fmtp:40 apt=39\r\na=rtpmap:41 H264/90000\r\na=rtcp-fb:41 goog-remb\r\na=rtcp-fb:41 transport-cc\r\na=rtcp-fb:41 ccm fir\r\na=rtcp-fb:41 nack\r\na=rtcp-fb:41 nack pli\r\na=fmtp:41 level-asymmetry-allowed=1;packetization-mode=1;profile-level-id=f4001f\r\na=rtpmap:42 rtx/90000\r\na=fmtp:42 apt=41\r\na=rtpmap:43 H264/90000\r\na=rtcp-fb:43 goog-remb\r\na=rtcp-fb:43 transport-cc\r\na=rtcp-fb:43 ccm fir\r\na=rtcp-fb:43 nack\r\na=rtcp-fb:43 nack pli\r\na=fmtp:43 level-asymmetry-allowed=1;packetization-mode=0;profile-level-id=f4001f\r\na=rtpmap:44 rtx/90000\r\na=fmtp:44 apt=43\r\na=rtpmap:45 AV1/90000\r\na=rtcp-fb:45 goog-remb\r\na=rtcp-fb:45 transport-cc\r\na=rtcp-fb:45 ccm fir\r\na=rtcp-fb:45 nack\r\na=rtcp-fb:45 nack pli\r\na=rtpmap:46 rtx/90000\r\na=fmtp:46 apt=45\r\na=rtpmap:47 AV1/90000\r\na=rtcp-fb:47 goog-remb\r\na=rtcp-fb:47 transport-cc\r\na=rtcp-fb:47 ccm fir\r\na=rtcp-fb:47 nack\r\na=rtcp-fb:47 nack pli\r\na=fmtp:47 profile=1\r\na=rtpmap:48 rtx/90000\r\na=fmtp:48 apt=47\r\na=rtpmap:112 red/90000\r\na=rtpmap:113 rtx/90000\r\na=fmtp:113 apt=112\r\na=rtpmap:114 ulpfec/90000\r\na=rtpmap:49 flexfec-03/90000\r\na=rtcp-fb:49 goog-remb\r\na=rtcp-fb:49 transport-cc\r\na=fmtp:49 repair-window=10000000\r\n"}}", source: https://rdqa-video.qbiai.com/dashboard/main.faff32d6c38f32ae.js (1)
[103:144:0903/062435.250098:VERBOSE1:filtering_network_manager.cc(149)] FilteringNetworkManager received permission status: denied
[103:144:0903/062435.253487:VERBOSE1:ipc_network_manager.cc(102)] IpcNetworkManager received network list from browser process for the first time.
[103:144:0903/062435.253692:INFO:basic_port_allocator.cc(867)] Allocate ports on any any 
[103:144:0903/062435.253867:INFO:basic_port_allocator.cc(957)] Network manager has started
[103:144:0903/062435.253929:INFO:basic_port_allocator.cc(867)] Allocate ports on any any 
[103:144:0903/062435.254047:INFO:basic_port_allocator.cc(957)] Network manager has started
[103:144:0903/062435.254109:INFO:basic_port_allocator.cc(1464)] Net[any:0.0.0.x/0:Wildcard:id=0]: Allocation Phase=Udp
[103:144:0903/062435.254169:INFO:port.cc(184)] Port[f57c00::1:0:local:Net[any:0.0.0.x/0:Wildcard:id=0]]: Port created with network cost 999
[103:144:0903/062435.254217:INFO:basic_port_allocator.cc(1540)] AllocationSequence: UDPPort will be handling the STUN candidate generation.
[103:144:0903/062435.254261:INFO:basic_port_allocator.cc(980)] Adding allocated port for 0
[103:144:0903/062435.254316:INFO:basic_port_allocator.cc(1002)] Port[f57c00:0:1:0:local:Net[any:0.0.0.x/0:Wildcard:id=0]]: Added port to allocator
[103:144:0903/062435.254372:INFO:basic_port_allocator.cc(1464)] Net[any:0:0:0:x:x:x:x:x/0:Wildcard:id=0]: Allocation Phase=Udp
[103:144:0903/062435.254425:INFO:port.cc(184)] Port[f58b00::1:0:local:Net[any:0:0:0:x:x:x:x:x/0:Wildcard:id=0]]: Port created with network cost 999
[103:144:0903/062435.254471:INFO:basic_port_allocator.cc(1540)] AllocationSequence: UDPPort will be handling the STUN candidate generation.
[103:144:0903/062435.254517:INFO:basic_port_allocator.cc(980)] Adding allocated port for 0
[103:144:0903/062435.254565:INFO:basic_port_allocator.cc(1002)] Port[f58b00:0:1:0:local:Net[any:0:0:0:x:x:x:x:x/0:Wildcard:id=0]]: Added port to allocator
[103:144:0903/062435.254615:INFO:basic_port_allocator.cc(1464)] Net[any:0.0.0.x/0:Wildcard:id=0]: Allocation Phase=Udp
[103:144:0903/062435.254660:INFO:port.cc(184)] Port[f58600::1:0:local:Net[any:0.0.0.x/0:Wildcard:id=0]]: Port created with network cost 999
[103:144:0903/062435.254703:INFO:basic_port_allocator.cc(1540)] AllocationSequence: UDPPort will be handling the STUN candidate generation.
[103:144:0903/062435.254847:INFO:basic_port_allocator.cc(980)] Adding allocated port for 1
[103:144:0903/062435.254937:INFO:basic_port_allocator.cc(1002)] Port[f58600:1:1:0:local:Net[any:0.0.0.x/0:Wildcard:id=0]]: Added port to allocator
[103:144:0903/062435.254996:INFO:basic_port_allocator.cc(1464)] Net[any:0:0:0:x:x:x:x:x/0:Wildcard:id=0]: Allocation Phase=Udp
[103:144:0903/062435.255065:INFO:port.cc(184)] Port[f59500::1:0:local:Net[any:0:0:0:x:x:x:x:x/0:Wildcard:id=0]]: Port created with network cost 999
[103:144:0903/062435.255113:INFO:basic_port_allocator.cc(1540)] AllocationSequence: UDPPort will be handling the STUN candidate generation.
[103:144:0903/062435.255160:INFO:basic_port_allocator.cc(980)] Adding allocated port for 1
[103:144:0903/062435.255209:INFO:basic_port_allocator.cc(1002)] Port[f59500:1:1:0:local:Net[any:0:0:0:x:x:x:x:x/0:Wildcard:id=0]]: Added port to allocator
[88:138:0903/062435.255501:VERBOSE1:socket_udp.cc(190)] Local address: 0.0.0.0:54444
[88:138:0903/062435.256156:VERBOSE1:socket_udp.cc(190)] Local address: [::]:34986
[103:144:0903/062435.256398:WARNING:stun_port.cc(490)] STUN server address is incompatible.
[103:144:0903/062435.256701:INFO:basic_port_allocator.cc(1019)] Port[f57c00:0:1:0:local:Net[any:0.0.0.x/0:Wildcard:id=0]]: Gathered candidate: Cand[:978825035:1:udp:1677729535:13.251.82.x:54444:stun:172.31.30.70:54444:edx/:Po10PBjsRqgkgNL++RaPyDrh:0:999:0]
[103:144:0903/062435.256800:INFO:basic_port_allocator.cc(1052)] Port[f57c00:0:1:0:local:Net[any:0.0.0.x/0:Wildcard:id=0]]: Port ready.
[103:144:0903/062435.256868:VERBOSE1:basic_ice_controller.cc(542)] Sorting 0 available connections
[88:138:0903/062435.257232:VERBOSE1:socket_udp.cc(190)] Local address: 0.0.0.0:45429
[88:138:0903/062435.257781:VERBOSE1:socket_udp.cc(190)] Local address: [::]:58402
[103:144:0903/062435.258062:WARNING:stun_port.cc(490)] STUN server address is incompatible.
[103:144:0903/062435.258186:INFO:basic_port_allocator.cc(1019)] Port[f58600:1:1:0:local:Net[any:0.0.0.x/0:Wildcard:id=0]]: Gathered candidate: Cand[:978825035:1:udp:1677729535:13.251.82.x:45429:stun:172.31.30.70:45429:edx/:Po10PBjsRqgkgNL++RaPyDrh:0:999:0]
[103:144:0903/062435.258280:INFO:basic_port_allocator.cc(1052)] Port[f58600:1:1:0:local:Net[any:0.0.0.x/0:Wildcard:id=0]]: Port ready.
[103:144:0903/062435.258355:INFO:ipc_socket_factory.cc(519)] Setting new p2p socket buffer limit to 262144
[103:144:0903/062435.258466:VERBOSE1:basic_ice_controller.cc(542)] Sorting 0 available connections
[88:138:0903/062435.259887:VERBOSE1:mdns_responder.cc(1315)] Received an external response for an owned record.
[88:138:0903/062435.259920:VERBOSE1:mdns_responder.cc(1315)] Received an external response for an owned record.
[88:138:0903/062435.259941:VERBOSE1:mdns_responder.cc(1315)] Received an external response for an owned record.
[88:138:0903/062435.259952:VERBOSE1:mdns_responder.cc(1315)] Received an external response for an owned record.
[50:50:0903/062435.262194:INFO:CONSOLE(1)] "Remotecandidate forcon_HU6AWS99mn [object RTCIceCandidate]", source: https://rdqa-video.qbiai.com/dashboard/main.faff32d6c38f32ae.js (1)
[50:50:0903/062435.262234:INFO:CONSOLE(1)] "Sending request: {method:"onIceCandidate", params: {"endpointName":"con_HU6AWS99mn","candidate":"candidate:978825035 1 udp 1677729535 13.251.82.2 54444 typ srflx raddr 0.0.0.0 rport 0 generation 0 ufrag edx/ network-cost 999","sdpMid":"0","sdpMLineIndex":0}}", source: https://rdqa-video.qbiai.com/dashboard/main.faff32d6c38f32ae.js (1)
[50:50:0903/062435.263430:INFO:CONSOLE(1)] "Remotecandidate forcon_HU6AWS99mn [object RTCIceCandidate]", source: https://rdqa-video.qbiai.com/dashboard/main.faff32d6c38f32ae.js (1)
[50:50:0903/062435.263461:INFO:CONSOLE(1)] "Sending request: {method:"onIceCandidate", params: {"endpointName":"con_HU6AWS99mn","candidate":"candidate:978825035 1 udp 1677729535 13.251.82.2 45429 typ srflx raddr 0.0.0.0 rport 0 generation 0 ufrag edx/ network-cost 999","sdpMid":"1","sdpMLineIndex":1}}", source: https://rdqa-video.qbiai.com/dashboard/main.faff32d6c38f32ae.js (1)
[103:144:0903/062435.264256:INFO:basic_port_allocator.cc(1019)] Port[f57c00:0:1:0:local:Net[any:0.0.0.x/0:Wildcard:id=0]]: Gathered candidate: Cand[:1283878882:1:udp:2113937151:dc20a470-182b-4dac-8667-c89ef462c0a9.local:54444:local::0:edx/:Po10PBjsRqgkgNL++RaPyDrh:0:999:0]
[103:144:0903/062435.264382:INFO:basic_port_allocator.cc(1163)] Port[f57c00:0:1:0:local:Net[any:0.0.0.x/0:Wildcard:id=0]]: Port completed gathering candidates.
[50:50:0903/062435.266677:INFO:CONSOLE(1)] "Remotecandidate forcon_HU6AWS99mn [object RTCIceCandidate]", source: https://rdqa-video.qbiai.com/dashboard/main.faff32d6c38f32ae.js (1)
[50:50:0903/062435.266716:INFO:CONSOLE(1)] "Sending request: {method:"onIceCandidate", params: {"endpointName":"con_HU6AWS99mn","candidate":"candidate:1283878882 1 udp 2113937151 dc20a470-182b-4dac-8667-c89ef462c0a9.local 54444 typ host generation 0 ufrag edx/ network-cost 999","sdpMid":"0","sdpMLineIndex":0}}", source: https://rdqa-video.qbiai.com/dashboard/main.faff32d6c38f32ae.js (1)
[103:144:0903/062435.266943:INFO:basic_port_allocator.cc(1019)] Port[f58b00:0:1:0:local:Net[any:0:0:0:x:x:x:x:x/0:Wildcard:id=0]]: Gathered candidate: Cand[:359008526:1:udp:2113929727:3dfbf4c9-cdf1-4de8-befc-043f3f6a5fb1.local:34986:local::0:edx/:Po10PBjsRqgkgNL++RaPyDrh:0:999:0]
[103:144:0903/062435.267048:INFO:basic_port_allocator.cc(1052)] Port[f58b00:0:1:0:local:Net[any:0:0:0:x:x:x:x:x/0:Wildcard:id=0]]: Port ready.
[103:144:0903/062435.267125:VERBOSE1:basic_ice_controller.cc(542)] Sorting 0 available connections
[103:144:0903/062435.267228:INFO:basic_port_allocator.cc(1063)] Discarding candidate because it doesn't match filter.
[103:144:0903/062435.267283:INFO:basic_port_allocator.cc(1163)] Port[f58b00:0:1:0:local:Net[any:0:0:0:x:x:x:x:x/0:Wildcard:id=0]]: Port completed gathering candidates.
[103:144:0903/062435.267427:INFO:basic_port_allocator.cc(1019)] Port[f58600:1:1:0:local:Net[any:0.0.0.x/0:Wildcard:id=0]]: Gathered candidate: Cand[:1283878882:1:udp:2113937151:dc20a470-182b-4dac-8667-c89ef462c0a9.local:45429:local::0:edx/:Po10PBjsRqgkgNL++RaPyDrh:0:999:0]
[103:144:0903/062435.267554:INFO:basic_port_allocator.cc(1163)] Port[f58600:1:1:0:local:Net[any:0.0.0.x/0:Wildcard:id=0]]: Port completed gathering candidates.
[103:144:0903/062435.267855:INFO:basic_port_allocator.cc(1019)] Port[f59500:1:1:0:local:Net[any:0:0:0:x:x:x:x:x/0:Wildcard:id=0]]: Gathered candidate: Cand[:359008526:1:udp:2113929727:3dfbf4c9-cdf1-4de8-befc-043f3f6a5fb1.local:58402:local::0:edx/:Po10PBjsRqgkgNL++RaPyDrh:0:999:0]
[103:144:0903/062435.267930:INFO:basic_port_allocator.cc(1052)] Port[f59500:1:1:0:local:Net[any:0:0:0:x:x:x:x:x/0:Wildcard:id=0]]: Port ready.
[103:144:0903/062435.268000:INFO:ipc_socket_factory.cc(519)] Setting new p2p socket buffer limit to 262144
[103:144:0903/062435.268131:VERBOSE1:basic_ice_controller.cc(542)] Sorting 0 available connections
[103:144:0903/062435.268229:INFO:basic_port_allocator.cc(1063)] Discarding candidate because it doesn't match filter.
[103:144:0903/062435.268333:INFO:basic_port_allocator.cc(1163)] Port[f59500:1:1:0:local:Net[any:0:0:0:x:x:x:x:x/0:Wildcard:id=0]]: Port completed gathering candidates.
[50:50:0903/062435.273227:INFO:CONSOLE(1)] "Remotecandidate forcon_HU6AWS99mn [object RTCIceCandidate]", source: https://rdqa-video.qbiai.com/dashboard/main.faff32d6c38f32ae.js (1)
[50:50:0903/062435.273276:INFO:CONSOLE(1)] "Sending request: {method:"onIceCandidate", params: {"endpointName":"con_HU6AWS99mn","candidate":"candidate:1283878882 1 udp 2113937151 dc20a470-182b-4dac-8667-c89ef462c0a9.local 45429 typ host generation 0 ufrag edx/ network-cost 999","sdpMid":"1","sdpMLineIndex":1}}", source: https://rdqa-video.qbiai.com/dashboard/main.faff32d6c38f32ae.js (1)
[50:50:0903/062435.322621:INFO:CONSOLE(1)] "Received request: {"method":"iceCandidate","params":{"senderConnectionId":"con_HU6AWS99mn","endpointName":"RECORDER_str_CAM_KpIj_con_HU6AWS99mn","sdpMLineIndex":0,"sdpMid":"0","candidate":"candidate:2 1 TCP 1015021823 172.31.30.70 9 typ host tcptype active"}}", source: https://rdqa-video.qbiai.com/dashboard/main.faff32d6c38f32ae.js (1)
[50:50:0903/062435.323077:INFO:CONSOLE(1)] "Remote ICE candidate received [object RTCIceCandidate]", source: https://rdqa-video.qbiai.com/dashboard/main.faff32d6c38f32ae.js (1)
[103:144:0903/062435.329236:INFO:basic_port_allocator.cc(1464)] Net[any:0.0.0.x/0:Wildcard:id=0]: Allocation Phase=Relay
[50:50:0903/062435.332099:INFO:CONSOLE(1)] "Received request: {"method":"iceCandidate","params":{"senderConnectionId":"con_HU6AWS99mn","endpointName":"RECORDER_str_CAM_KpIj_con_HU6AWS99mn","sdpMLineIndex":0,"sdpMid":"0","candidate":"candidate:3 1 TCP 1010827519 172.31.30.70 53282 typ host tcptype passive"}}", source: https://rdqa-video.qbiai.com/dashboard/main.faff32d6c38f32ae.js (1)
[103:144:0903/062435.329419:INFO:port.cc(184)] Port[1ead400::1:0:relay:Net[any:0.0.0.x/0:Wildcard:id=0]]: Port created with network cost 999
[50:50:0903/062435.332148:INFO:CONSOLE(1)] "Remote ICE candidate received [object RTCIceCandidate]", source: https://rdqa-video.qbiai.com/dashboard/main.faff32d6c38f32ae.js (1)
[50:50:0903/062435.332181:INFO:CONSOLE(1)] "Received request: {"method":"iceCandidate","params":{"senderConnectionId":"con_HU6AWS99mn","endpointName":"RECORDER_str_CAM_KpIj_con_HU6AWS99mn","sdpMLineIndex":1,"sdpMid":"1","candidate":"candidate:2 1 TCP 1015021823 172.31.30.70 9 typ host tcptype active"}}", source: https://rdqa-video.qbiai.com/dashboard/main.faff32d6c38f32ae.js (1)
[50:50:0903/062435.332196:INFO:CONSOLE(1)] "Remote ICE candidate received [object RTCIceCandidate]", source: https://rdqa-video.qbiai.com/dashboard/main.faff32d6c38f32ae.js (1)
[50:50:0903/062435.332225:INFO:CONSOLE(1)] "Received request: {"method":"iceCandidate","params":{"senderConnectionId":"con_HU6AWS99mn","endpointName":"RECORDER_str_CAM_KpIj_con_HU6AWS99mn","sdpMLineIndex":1,"sdpMid":"1","candidate":"candidate:1 1 UDP 2015363327 172.31.30.70 48717 typ host"}}", source: https://rdqa-video.qbiai.com/dashboard/main.faff32d6c38f32ae.js (1)
[50:50:0903/062435.332240:INFO:CONSOLE(1)] "Remote ICE candidate received [object RTCIceCandidate]", source: https://rdqa-video.qbiai.com/dashboard/main.faff32d6c38f32ae.js (1)
[50:50:0903/062435.332260:INFO:CONSOLE(1)] "Received request: {"method":"iceCandidate","params":{"senderConnectionId":"con_HU6AWS99mn","endpointName":"RECORDER_str_CAM_KpIj_con_HU6AWS99mn","sdpMLineIndex":0,"sdpMid":"0","candidate":"candidate:1 1 UDP 2015363327 172.31.30.70 48717 typ host"}}", source: https://rdqa-video.qbiai.com/dashboard/main.faff32d6c38f32ae.js (1)
[103:144:0903/062435.332147:INFO:basic_port_allocator.cc(980)] Adding allocated port for 0
[50:50:0903/062435.332275:INFO:CONSOLE(1)] "Remote ICE candidate received [object RTCIceCandidate]", source: https://rdqa-video.qbiai.com/dashboard/main.faff32d6c38f32ae.js (1)
[50:50:0903/062435.332293:INFO:CONSOLE(1)] "Received request: {"method":"iceCandidate","params":{"senderConnectionId":"con_HU6AWS99mn","endpointName":"RECORDER_str_CAM_KpIj_con_HU6AWS99mn","sdpMLineIndex":1,"sdpMid":"1","candidate":"candidate:4 1 UDP 2015363583 192.168.160.1 46700 typ host"}}", source: https://rdqa-video.qbiai.com/dashboard/main.faff32d6c38f32ae.js (1)
[50:50:0903/062435.332310:INFO:CONSOLE(1)] "Remote ICE candidate received [object RTCIceCandidate]", source: https://rdqa-video.qbiai.com/dashboard/main.faff32d6c38f32ae.js (1)
[103:144:0903/062435.332287:INFO:basic_port_allocator.cc(1002)] Port[1ead400:0:1:0:relay:Net[any:0.0.0.x/0:Wildcard:id=0]]: Added port to allocator
[50:50:0903/062435.332335:INFO:CONSOLE(1)] "Received request: {"method":"iceCandidate","params":{"senderConnectionId":"con_HU6AWS99mn","endpointName":"RECORDER_str_CAM_KpIj_con_HU6AWS99mn","sdpMLineIndex":1,"sdpMid":"1","candidate":"candidate:3 1 TCP 1010827519 172.31.30.70 53282 typ host tcptype passive"}}", source: https://rdqa-video.qbiai.com/dashboard/main.faff32d6c38f32ae.js (1)
[50:50:0903/062435.332351:INFO:CONSOLE(1)] "Remote ICE candidate received [object RTCIceCandidate]", source: https://rdqa-video.qbiai.com/dashboard/main.faff32d6c38f32ae.js (1)
[50:50:0903/062435.332373:INFO:CONSOLE(1)] "Received request: {"method":"iceCandidate","params":{"senderConnectionId":"con_HU6AWS99mn","endpointName":"RECORDER_str_CAM_KpIj_con_HU6AWS99mn","sdpMLineIndex":0,"sdpMid":"0","candidate":"candidate:4 1 UDP 2015363583 192.168.160.1 46700 typ host"}}", source: https://rdqa-video.qbiai.com/dashboard/main.faff32d6c38f32ae.js (1)
[103:144:0903/062435.332348:INFO:turn_port.cc(376)] Port[1ead400:0:1:0:relay:Net[any:0.0.0.x/0:Wildcard:id=0]]: Trying to connect to TURN server via udp @ 13.251.82.x:3478
[50:50:0903/062435.332404:INFO:CONSOLE(1)] "Remote ICE candidate received [object RTCIceCandidate]", source: https://rdqa-video.qbiai.com/dashboard/main.faff32d6c38f32ae.js (1)
[103:144:0903/062435.332436:INFO:turn_port.cc(1327)] Port[1ead400:0:1:0:relay:Net[any:0.0.0.x/0:Wildcard:id=0]]: TURN allocate request sent, id=72635a30345131674a796339
[103:144:0903/062435.332636:INFO:basic_port_allocator.cc(1464)] Net[any:0:0:0:x:x:x:x:x/0:Wildcard:id=0]: Allocation Phase=Relay
[103:144:0903/062435.332905:INFO:basic_port_allocator.cc(1644)] Server and local address families are not compatible. Server address: 13.251.82.x Local address: 0:0:0:x:x:x:x:x
[103:144:0903/062435.333103:INFO:basic_port_allocator.cc(1464)] Net[any:0.0.0.x/0:Wildcard:id=0]: Allocation Phase=Relay
[103:144:0903/062435.333192:INFO:port.cc(184)] Port[1eace00::1:0:relay:Net[any:0.0.0.x/0:Wildcard:id=0]]: Port created with network cost 999
[103:144:0903/062435.333240:INFO:basic_port_allocator.cc(980)] Adding allocated port for 1
[103:144:0903/062435.333288:INFO:basic_port_allocator.cc(1002)] Port[1eace00:1:1:0:relay:Net[any:0.0.0.x/0:Wildcard:id=0]]: Added port to allocator
[103:144:0903/062435.333335:INFO:turn_port.cc(376)] Port[1eace00:1:1:0:relay:Net[any:0.0.0.x/0:Wildcard:id=0]]: Trying to connect to TURN server via udp @ 13.251.82.x:3478
[103:144:0903/062435.333407:INFO:turn_port.cc(1327)] Port[1eace00:1:1:0:relay:Net[any:0.0.0.x/0:Wildcard:id=0]]: TURN allocate request sent, id=704f51327174593566654363
[103:144:0903/062435.333597:INFO:basic_port_allocator.cc(1464)] Net[any:0:0:0:x:x:x:x:x/0:Wildcard:id=0]: Allocation Phase=Relay
[103:144:0903/062435.333657:INFO:basic_port_allocator.cc(1644)] Server and local address families are not compatible. Server address: 13.251.82.x Local address: 0:0:0:x:x:x:x:x
[103:144:0903/062435.333796:INFO:turn_port.cc(1379)] Port[1ead400:0:1:0:relay:Net[any:0.0.0.x/0:Wildcard:id=0]]: Received TURN allocate error response, id=72635a30345131674a796339, code=401, rtt=1
[103:144:0903/062435.333938:INFO:turn_port.cc(1327)] Port[1ead400:0:1:0:relay:Net[any:0.0.0.x/0:Wildcard:id=0]]: TURN allocate request sent, id=3556776b684e52576f434a61
[103:144:0903/062435.334544:INFO:turn_port.cc(1379)] Port[1eace00:1:1:0:relay:Net[any:0.0.0.x/0:Wildcard:id=0]]: Received TURN allocate error response, id=704f51327174593566654363, code=401, rtt=1
[103:144:0903/062435.334757:INFO:turn_port.cc(1327)] Port[1eace00:1:1:0:relay:Net[any:0.0.0.x/0:Wildcard:id=0]]: TURN allocate request sent, id=4a31706c4a47494d72734236
[103:144:0903/062435.335005:INFO:turn_port.cc(1333)] Port[1ead400:0:1:0:relay:Net[any:0.0.0.x/0:Wildcard:id=0]]: TURN allocate requested successfully, id=3556776b684e52576f434a61, code=0, rtt=1
[103:144:0903/062435.335131:INFO:basic_port_allocator.cc(1019)] Port[1ead400:0:1:0:relay:Net[any:0.0.0.x/0:Wildcard:id=0]]: Gathered candidate: Cand[:3716363109:1:udp:33562623:192.168.160.x:61798:relay:13.251.82.2:54444:edx/:Po10PBjsRqgkgNL++RaPyDrh:0:999:0]
[103:144:0903/062435.335206:INFO:basic_port_allocator.cc(1052)] Port[1ead400:0:1:0:relay:Net[any:0.0.0.x/0:Wildcard:id=0]]: Port ready.
[103:144:0903/062435.335347:VERBOSE1:basic_ice_controller.cc(542)] Sorting 0 available connections
[103:144:0903/062435.335511:INFO:basic_port_allocator.cc(1163)] Port[1ead400:0:1:0:relay:Net[any:0.0.0.x/0:Wildcard:id=0]]: Port completed gathering candidates.
[103:144:0903/062435.335803:INFO:turn_port.cc(1117)] Port[1ead400:0:1:0:relay:Net[any:0.0.0.x/0:Wildcard:id=0]]: Scheduled refresh in 540000ms.
[103:144:0903/062435.336105:INFO:turn_port.cc(1333)] Port[1eace00:1:1:0:relay:Net[any:0.0.0.x/0:Wildcard:id=0]]: TURN allocate requested successfully, id=4a31706c4a47494d72734236, code=0, rtt=1
[103:144:0903/062435.337104:INFO:basic_port_allocator.cc(1019)] Port[1eace00:1:1:0:relay:Net[any:0.0.0.x/0:Wildcard:id=0]]: Gathered candidate: Cand[:3716363109:1:udp:33562623:192.168.160.x:60310:relay:13.251.82.2:45429:edx/:Po10PBjsRqgkgNL++RaPyDrh:0:999:0]
[103:144:0903/062435.337557:INFO:basic_port_allocator.cc(1052)] Port[1eace00:1:1:0:relay:Net[any:0.0.0.x/0:Wildcard:id=0]]: Port ready.
[103:144:0903/062435.337639:INFO:ipc_socket_factory.cc(519)] Setting new p2p socket buffer limit to 262144
[103:144:0903/062435.337758:VERBOSE1:basic_ice_controller.cc(542)] Sorting 0 available connections
[103:144:0903/062435.338336:INFO:basic_port_allocator.cc(1163)] Port[1eace00:1:1:0:relay:Net[any:0.0.0.x/0:Wildcard:id=0]]: Port completed gathering candidates.
[103:144:0903/062435.338422:INFO:turn_port.cc(1117)] Port[1eace00:1:1:0:relay:Net[any:0.0.0.x/0:Wildcard:id=0]]: Scheduled refresh in 540000ms.
[50:50:0903/062435.338655:INFO:CONSOLE(1)] "Remotecandidate forcon_HU6AWS99mn [object RTCIceCandidate]", source: https://rdqa-video.qbiai.com/dashboard/main.faff32d6c38f32ae.js (1)
[50:50:0903/062435.343233:INFO:CONSOLE(1)] "Sending request: {method:"onIceCandidate", params: {"endpointName":"con_HU6AWS99mn","candidate":"candidate:3716363109 1 udp 33562623 192.168.160.2 61798 typ relay raddr 13.251.82.2 rport 54444 generation 0 ufrag edx/ network-cost 999","sdpMid":"0","sdpMLineIndex":0}}", source: https://rdqa-video.qbiai.com/dashboard/main.faff32d6c38f32ae.js (1)
[50:50:0903/062435.343329:INFO:CONSOLE(1)] "Remotecandidate forcon_HU6AWS99mn [object RTCIceCandidate]", source: https://rdqa-video.qbiai.com/dashboard/main.faff32d6c38f32ae.js (1)
[50:50:0903/062435.343353:INFO:CONSOLE(1)] "Sending request: {method:"onIceCandidate", params: {"endpointName":"con_HU6AWS99mn","candidate":"candidate:3716363109 1 udp 33562623 192.168.160.2 60310 typ relay raddr 13.251.82.2 rport 45429 generation 0 ufrag edx/ network-cost 999","sdpMid":"1","sdpMLineIndex":1}}", source: https://rdqa-video.qbiai.com/dashboard/main.faff32d6c38f32ae.js (1)
[50:50:0903/062435.344609:INFO:CONSOLE(1)] "Received request: {"method":"iceCandidate","params":{"senderConnectionId":"con_HU6AWS99mn","endpointName":"RECORDER_str_CAM_KpIj_con_HU6AWS99mn","sdpMLineIndex":0,"sdpMid":"0","candidate":"candidate:15 1 TCP 843055359 13.251.82.2 53282 typ srflx raddr 172.31.30.70 rport 53282 tcptype passive"}}", source: https://rdqa-video.qbiai.com/dashboard/main.faff32d6c38f32ae.js (1)
[50:50:0903/062435.344653:INFO:CONSOLE(1)] "Remote ICE candidate received [object RTCIceCandidate]", source: https://rdqa-video.qbiai.com/dashboard/main.faff32d6c38f32ae.js (1)
[50:50:0903/062435.353891:INFO:CONSOLE(1)] "Received request: {"method":"iceCandidate","params":{"senderConnectionId":"con_HU6AWS99mn","endpointName":"RECORDER_str_CAM_KpIj_con_HU6AWS99mn","sdpMLineIndex":0,"sdpMid":"0","candidate":"candidate:7 1 UDP 2015363839 fe80::42f:9eff:fe08:4816 51255 typ host"}}", source: https://rdqa-video.qbiai.com/dashboard/main.faff32d6c38f32ae.js (1)
[50:50:0903/062435.353940:INFO:CONSOLE(1)] "Remote ICE candidate received [object RTCIceCandidate]", source: https://rdqa-video.qbiai.com/dashboard/main.faff32d6c38f32ae.js (1)
[50:50:0903/062435.353975:INFO:CONSOLE(1)] "Received request: {"method":"iceCandidate","params":{"senderConnectionId":"con_HU6AWS99mn","endpointName":"RECORDER_str_CAM_KpIj_con_HU6AWS99mn","sdpMLineIndex":1,"sdpMid":"1","candidate":"candidate:7 1 UDP 2015363839 fe80::42f:9eff:fe08:4816 51255 typ host"}}", source: https://rdqa-video.qbiai.com/dashboard/main.faff32d6c38f32ae.js (1)
[50:50:0903/062435.353991:INFO:CONSOLE(1)] "Remote ICE candidate received [object RTCIceCandidate]", source: https://rdqa-video.qbiai.com/dashboard/main.faff32d6c38f32ae.js (1)
[50:50:0903/062435.354012:INFO:CONSOLE(1)] "Received request: {"method":"iceCandidate","params":{"senderConnectionId":"con_HU6AWS99mn","endpointName":"RECORDER_str_CAM_KpIj_con_HU6AWS99mn","sdpMLineIndex":1,"sdpMid":"1","candidate":"candidate:5 1 TCP 1015022079 192.168.160.1 9 typ host tcptype active"}}", source: https://rdqa-video.qbiai.com/dashboard/main.faff32d6c38f32ae.js (1)
[50:50:0903/062435.354027:INFO:CONSOLE(1)] "Remote ICE candidate received [object RTCIceCandidate]", source: https://rdqa-video.qbiai.com/dashboard/main.faff32d6c38f32ae.js (1)
[50:50:0903/062435.354058:INFO:CONSOLE(1)] "Received request: {"method":"iceCandidate","params":{"senderConnectionId":"con_HU6AWS99mn","endpointName":"RECORDER_str_CAM_KpIj_con_HU6AWS99mn","sdpMLineIndex":0,"sdpMid":"0","candidate":"candidate:9 1 TCP 1010828031 fe80::42f:9eff:fe08:4816 45253 typ host tcptype passive"}}", source: https://rdqa-video.qbiai.com/dashboard/main.faff32d6c38f32ae.js (1)
[50:50:0903/062435.354074:INFO:CONSOLE(1)] "Remote ICE candidate received [object RTCIceCandidate]", source: https://rdqa-video.qbiai.com/dashboard/main.faff32d6c38f32ae.js (1)
[50:50:0903/062435.354374:INFO:CONSOLE(1)] "Received request: {"method":"iceCandidate","params":{"senderConnectionId":"con_HU6AWS99mn","endpointName":"RECORDER_str_CAM_KpIj_con_HU6AWS99mn","sdpMLineIndex":0,"sdpMid":"0","candidate":"candidate:10 1 UDP 2015364095 fe80::42:c1ff:fe81:3586 44604 typ host"}}", source: https://rdqa-video.qbiai.com/dashboard/main.faff32d6c38f32ae.js (1)
[50:50:0903/062435.354774:INFO:CONSOLE(1)] "Remote ICE candidate received [object RTCIceCandidate]", source: https://rdqa-video.qbiai.com/dashboard/main.faff32d6c38f32ae.js (1)
[50:50:0903/062435.355198:INFO:CONSOLE(1)] "Received request: {"method":"iceCandidate","params":{"senderConnectionId":"con_HU6AWS99mn","endpointName":"RECORDER_str_CAM_KpIj_con_HU6AWS99mn","sdpMLineIndex":1,"sdpMid":"1","candidate":"candidate:8 1 TCP 1015022335 fe80::42f:9eff:fe08:4816 9 typ host tcptype active"}}", source: https://rdqa-video.qbiai.com/dashboard/main.faff32d6c38f32ae.js (1)
[50:50:0903/062435.355455:INFO:CONSOLE(1)] "Remote ICE candidate received [object RTCIceCandidate]", source: https://rdqa-video.qbiai.com/dashboard/main.faff32d6c38f32ae.js (1)
[50:50:0903/062435.355795:INFO:CONSOLE(1)] "Received request: {"method":"iceCandidate","params":{"senderConnectionId":"con_HU6AWS99mn","endpointName":"RECORDER_str_CAM_KpIj_con_HU6AWS99mn","sdpMLineIndex":0,"sdpMid":"0","candidate":"candidate:8 1 TCP 1015022335 fe80::42f:9eff:fe08:4816 9 typ host tcptype active"}}", source: https://rdqa-video.qbiai.com/dashboard/main.faff32d6c38f32ae.js (1)
[50:50:0903/062435.356204:INFO:CONSOLE(1)] "Remote ICE candidate received [object RTCIceCandidate]", source: https://rdqa-video.qbiai.com/dashboard/main.faff32d6c38f32ae.js (1)
[50:50:0903/062435.359188:INFO:CONSOLE(1)] "Received request: {"method":"iceCandidate","params":{"senderConnectionId":"con_HU6AWS99mn","endpointName":"RECORDER_str_CAM_KpIj_con_HU6AWS99mn","sdpMLineIndex":0,"sdpMid":"0","candidate":"candidate:5 1 TCP 1015022079 192.168.160.1 9 typ host tcptype active"}}", source: https://rdqa-video.qbiai.com/dashboard/main.faff32d6c38f32ae.js (1)
[50:50:0903/062435.359421:INFO:CONSOLE(1)] "Remote ICE candidate received [object RTCIceCandidate]", source: https://rdqa-video.qbiai.com/dashboard/main.faff32d6c38f32ae.js (1)
[50:50:0903/062435.359746:INFO:CONSOLE(1)] "Received request: {"method":"iceCandidate","params":{"senderConnectionId":"con_HU6AWS99mn","endpointName":"RECORDER_str_CAM_KpIj_con_HU6AWS99mn","sdpMLineIndex":1,"sdpMid":"1","candidate":"candidate:6 1 TCP 1010827775 192.168.160.1 53216 typ host tcptype passive"}}", source: https://rdqa-video.qbiai.com/dashboard/main.faff32d6c38f32ae.js (1)
[50:50:0903/062435.359942:INFO:CONSOLE(1)] "Remote ICE candidate received [object RTCIceCandidate]", source: https://rdqa-video.qbiai.com/dashboard/main.faff32d6c38f32ae.js (1)
[50:50:0903/062435.360263:INFO:CONSOLE(1)] "Received request: {"method":"iceCandidate","params":{"senderConnectionId":"con_HU6AWS99mn","endpointName":"RECORDER_str_CAM_KpIj_con_HU6AWS99mn","sdpMLineIndex":0,"sdpMid":"0","candidate":"candidate:6 1 TCP 1010827775 192.168.160.1 53216 typ host tcptype passive"}}", source: https://rdqa-video.qbiai.com/dashboard/main.faff32d6c38f32ae.js (1)
[50:50:0903/062435.360461:INFO:CONSOLE(1)] "Remote ICE candidate received [object RTCIceCandidate]", source: https://rdqa-video.qbiai.com/dashboard/main.faff32d6c38f32ae.js (1)
[50:50:0903/062435.360789:INFO:CONSOLE(1)] "Received request: {"method":"iceCandidate","params":{"senderConnectionId":"con_HU6AWS99mn","endpointName":"RECORDER_str_CAM_KpIj_con_HU6AWS99mn","sdpMLineIndex":1,"sdpMid":"1","candidate":"candidate:13 1 UDP 1679819007 13.251.82.2 48717 typ srflx raddr 172.31.30.70 rport 48717"}}", source: https://rdqa-video.qbiai.com/dashboard/main.faff32d6c38f32ae.js (1)
[50:50:0903/062435.361006:INFO:CONSOLE(1)] "Remote ICE candidate received [object RTCIceCandidate]", source: https://rdqa-video.qbiai.com/dashboard/main.faff32d6c38f32ae.js (1)
[50:50:0903/062435.361361:INFO:CONSOLE(1)] "Received request: {"method":"iceCandidate","params":{"senderConnectionId":"con_HU6AWS99mn","endpointName":"RECORDER_str_CAM_KpIj_con_HU6AWS99mn","sdpMLineIndex":1,"sdpMid":"1","candidate":"candidate:15 1 TCP 843055359 13.251.82.2 53282 typ srflx raddr 172.31.30.70 rport 53282 tcptype passive"}}", source: https://rdqa-video.qbiai.com/dashboard/main.faff32d6c38f32ae.js (1)
[50:50:0903/062435.361579:INFO:CONSOLE(1)] "Remote ICE candidate received [object RTCIceCandidate]", source: https://rdqa-video.qbiai.com/dashboard/main.faff32d6c38f32ae.js (1)
[50:50:0903/062435.361912:INFO:CONSOLE(1)] "Received request: {"method":"iceCandidate","params":{"senderConnectionId":"con_HU6AWS99mn","endpointName":"RECORDER_str_CAM_KpIj_con_HU6AWS99mn","sdpMLineIndex":1,"sdpMid":"1","candidate":"candidate:14 1 TCP 847249663 13.251.82.2 9 typ srflx raddr 172.31.30.70 rport 9 tcptype active"}}", source: https://rdqa-video.qbiai.com/dashboard/main.faff32d6c38f32ae.js (1)
[50:50:0903/062435.362114:INFO:CONSOLE(1)] "Remote ICE candidate received [object RTCIceCandidate]", source: https://rdqa-video.qbiai.com/dashboard/main.faff32d6c38f32ae.js (1)
[50:50:0903/062435.362447:INFO:CONSOLE(1)] "Received request: {"method":"iceCandidate","params":{"senderConnectionId":"con_HU6AWS99mn","endpointName":"RECORDER_str_CAM_KpIj_con_HU6AWS99mn","sdpMLineIndex":0,"sdpMid":"0","candidate":"candidate:14 1 TCP 847249663 13.251.82.2 9 typ srflx raddr 172.31.30.70 rport 9 tcptype active"}}", source: https://rdqa-video.qbiai.com/dashboard/main.faff32d6c38f32ae.js (1)
[50:50:0903/062435.369797:INFO:CONSOLE(1)] "Remote ICE candidate received [object RTCIceCandidate]", source: https://rdqa-video.qbiai.com/dashboard/main.faff32d6c38f32ae.js (1)
[50:50:0903/062435.370874:INFO:CONSOLE(1)] "Received request: {"method":"iceCandidate","params":{"senderConnectionId":"con_HU6AWS99mn","endpointName":"RECORDER_str_CAM_KpIj_con_HU6AWS99mn","sdpMLineIndex":0,"sdpMid":"0","candidate":"candidate:13 1 UDP 1679819007 13.251.82.2 48717 typ srflx raddr 172.31.30.70 rport 48717"}}", source: https://rdqa-video.qbiai.com/dashboard/main.faff32d6c38f32ae.js (1)
[50:50:0903/062435.371337:INFO:CONSOLE(1)] "Remote ICE candidate received [object RTCIceCandidate]", source: https://rdqa-video.qbiai.com/dashboard/main.faff32d6c38f32ae.js (1)
[50:50:0903/062435.372249:INFO:CONSOLE(1)] "Received request: {"method":"iceCandidate","params":{"senderConnectionId":"con_HU6AWS99mn","endpointName":"RECORDER_str_CAM_KpIj_con_HU6AWS99mn","sdpMLineIndex":1,"sdpMid":"1","candidate":"candidate:10 1 UDP 2015364095 fe80::42:c1ff:fe81:3586 44604 typ host"}}", source: https://rdqa-video.qbiai.com/dashboard/main.faff32d6c38f32ae.js (1)
[50:50:0903/062435.372518:INFO:CONSOLE(1)] "Remote ICE candidate received [object RTCIceCandidate]", source: https://rdqa-video.qbiai.com/dashboard/main.faff32d6c38f32ae.js (1)
[50:50:0903/062435.373083:INFO:CONSOLE(1)] "Received request: {"method":"iceCandidate","params":{"senderConnectionId":"con_HU6AWS99mn","endpointName":"RECORDER_str_CAM_KpIj_con_HU6AWS99mn","sdpMLineIndex":1,"sdpMid":"1","candidate":"candidate:11 1 TCP 1015022591 fe80::42:c1ff:fe81:3586 9 typ host tcptype active"}}", source: https://rdqa-video.qbiai.com/dashboard/main.faff32d6c38f32ae.js (1)
[50:50:0903/062435.373508:INFO:CONSOLE(1)] "Remote ICE candidate received [object RTCIceCandidate]", source: https://rdqa-video.qbiai.com/dashboard/main.faff32d6c38f32ae.js (1)
[50:50:0903/062435.373862:INFO:CONSOLE(1)] "Received request: {"method":"iceCandidate","params":{"senderConnectionId":"con_HU6AWS99mn","endpointName":"RECORDER_str_CAM_KpIj_con_HU6AWS99mn","sdpMLineIndex":1,"sdpMid":"1","candidate":"candidate:9 1 TCP 1010828031 fe80::42f:9eff:fe08:4816 45253 typ host tcptype passive"}}", source: https://rdqa-video.qbiai.com/dashboard/main.faff32d6c38f32ae.js (1)
[50:50:0903/062435.375246:INFO:CONSOLE(1)] "Remote ICE candidate received [object RTCIceCandidate]", source: https://rdqa-video.qbiai.com/dashboard/main.faff32d6c38f32ae.js (1)
[50:50:0903/062435.375640:INFO:CONSOLE(1)] "Received request: {"method":"iceCandidate","params":{"senderConnectionId":"con_HU6AWS99mn","endpointName":"RECORDER_str_CAM_KpIj_con_HU6AWS99mn","sdpMLineIndex":0,"sdpMid":"0","candidate":"candidate:11 1 TCP 1015022591 fe80::42:c1ff:fe81:3586 9 typ host tcptype active"}}", source: https://rdqa-video.qbiai.com/dashboard/main.faff32d6c38f32ae.js (1)
[50:50:0903/062435.375868:INFO:CONSOLE(1)] "Remote ICE candidate received [object RTCIceCandidate]", source: https://rdqa-video.qbiai.com/dashboard/main.faff32d6c38f32ae.js (1)
[50:50:0903/062435.376380:INFO:CONSOLE(1)] "Received request: {"method":"iceCandidate","params":{"senderConnectionId":"con_HU6AWS99mn","endpointName":"RECORDER_str_CAM_KpIj_con_HU6AWS99mn","sdpMLineIndex":0,"sdpMid":"0","candidate":"candidate:1 2 UDP 2015363326 172.31.30.70 42355 typ host"}}", source: https://rdqa-video.qbiai.com/dashboard/main.faff32d6c38f32ae.js (1)
[50:50:0903/062435.376568:INFO:CONSOLE(1)] "Remote ICE candidate received [object RTCIceCandidate]", source: https://rdqa-video.qbiai.com/dashboard/main.faff32d6c38f32ae.js (1)
[50:50:0903/062435.376919:INFO:CONSOLE(1)] "Received request: {"method":"iceCandidate","params":{"senderConnectionId":"con_HU6AWS99mn","endpointName":"RECORDER_str_CAM_KpIj_con_HU6AWS99mn","sdpMLineIndex":1,"sdpMid":"1","candidate":"candidate:3 2 TCP 1010827518 172.31.30.70 49479 typ host tcptype passive"}}", source: https://rdqa-video.qbiai.com/dashboard/main.faff32d6c38f32ae.js (1)
[50:50:0903/062435.377141:INFO:CONSOLE(1)] "Remote ICE candidate received [object RTCIceCandidate]", source: https://rdqa-video.qbiai.com/dashboard/main.faff32d6c38f32ae.js (1)
[50:50:0903/062435.379045:INFO:CONSOLE(1)] "Received request: {"method":"iceCandidate","params":{"senderConnectionId":"con_HU6AWS99mn","endpointName":"RECORDER_str_CAM_KpIj_con_HU6AWS99mn","sdpMLineIndex":1,"sdpMid":"1","candidate":"candidate:2 2 TCP 1015021822 172.31.30.70 9 typ host tcptype active"}}", source: https://rdqa-video.qbiai.com/dashboard/main.faff32d6c38f32ae.js (1)
[50:50:0903/062435.379122:INFO:CONSOLE(1)] "Remote ICE candidate received [object RTCIceCandidate]", source: https://rdqa-video.qbiai.com/dashboard/main.faff32d6c38f32ae.js (1)
[50:50:0903/062435.379178:INFO:CONSOLE(1)] "Received request: {"method":"iceCandidate","params":{"senderConnectionId":"con_HU6AWS99mn","endpointName":"RECORDER_str_CAM_KpIj_con_HU6AWS99mn","sdpMLineIndex":0,"sdpMid":"0","candidate":"candidate:3 2 TCP 1010827518 172.31.30.70 49479 typ host tcptype passive"}}", source: https://rdqa-video.qbiai.com/dashboard/main.faff32d6c38f32ae.js (1)
[50:50:0903/062435.379201:INFO:CONSOLE(1)] "Remote ICE candidate received [object RTCIceCandidate]", source: https://rdqa-video.qbiai.com/dashboard/main.faff32d6c38f32ae.js (1)
[50:50:0903/062435.379225:INFO:CONSOLE(1)] "Received request: {"method":"iceCandidate","params":{"senderConnectionId":"con_HU6AWS99mn","endpointName":"RECORDER_str_CAM_KpIj_con_HU6AWS99mn","sdpMLineIndex":0,"sdpMid":"0","candidate":"candidate:6 2 TCP 1010827774 192.168.160.1 53863 typ host tcptype passive"}}", source: https://rdqa-video.qbiai.com/dashboard/main.faff32d6c38f32ae.js (1)
[50:50:0903/062435.379242:INFO:CONSOLE(1)] "Remote ICE candidate received [object RTCIceCandidate]", source: https://rdqa-video.qbiai.com/dashboard/main.faff32d6c38f32ae.js (1)
[50:50:0903/062435.379323:INFO:CONSOLE(1)] "Received request: {"method":"iceCandidate","params":{"senderConnectionId":"con_HU6AWS99mn","endpointName":"RECORDER_str_CAM_KpIj_con_HU6AWS99mn","sdpMLineIndex":0,"sdpMid":"0","candidate":"candidate:7 2 UDP 2015363838 fe80::42f:9eff:fe08:4816 55956 typ host"}}", source: https://rdqa-video.qbiai.com/dashboard/main.faff32d6c38f32ae.js (1)
[50:50:0903/062435.379407:INFO:CONSOLE(1)] "Remote ICE candidate received [object RTCIceCandidate]", source: https://rdqa-video.qbiai.com/dashboard/main.faff32d6c38f32ae.js (1)
[50:50:0903/062435.379686:INFO:CONSOLE(1)] "Received request: {"method":"iceCandidate","params":{"senderConnectionId":"con_HU6AWS99mn","endpointName":"RECORDER_str_CAM_KpIj_con_HU6AWS99mn","sdpMLineIndex":1,"sdpMid":"1","candidate":"candidate:7 2 UDP 2015363838 fe80::42f:9eff:fe08:4816 55956 typ host"}}", source: https://rdqa-video.qbiai.com/dashboard/main.faff32d6c38f32ae.js (1)
[50:50:0903/062435.379713:INFO:CONSOLE(1)] "Remote ICE candidate received [object RTCIceCandidate]", source: https://rdqa-video.qbiai.com/dashboard/main.faff32d6c38f32ae.js (1)
[50:50:0903/062435.379852:INFO:CONSOLE(1)] "Received request: {"method":"iceCandidate","params":{"senderConnectionId":"con_HU6AWS99mn","endpointName":"RECORDER_str_CAM_KpIj_con_HU6AWS99mn","sdpMLineIndex":0,"sdpMid":"0","candidate":"candidate:8 2 TCP 1015022334 fe80::42f:9eff:fe08:4816 9 typ host tcptype active"}}", source: https://rdqa-video.qbiai.com/dashboard/main.faff32d6c38f32ae.js (1)
[50:50:0903/062435.379873:INFO:CONSOLE(1)] "Remote ICE candidate received [object RTCIceCandidate]", source: https://rdqa-video.qbiai.com/dashboard/main.faff32d6c38f32ae.js (1)
[50:50:0903/062435.380076:INFO:CONSOLE(1)] "Received request: {"method":"iceCandidate","params":{"senderConnectionId":"con_HU6AWS99mn","endpointName":"RECORDER_str_CAM_KpIj_con_HU6AWS99mn","sdpMLineIndex":1,"sdpMid":"1","candidate":"candidate:5 2 TCP 1015022078 192.168.160.1 9 typ host tcptype active"}}", source: https://rdqa-video.qbiai.com/dashboard/main.faff32d6c38f32ae.js (1)
[50:50:0903/062435.380101:INFO:CONSOLE(1)] "Remote ICE candidate received [object RTCIceCandidate]", source: https://rdqa-video.qbiai.com/dashboard/main.faff32d6c38f32ae.js (1)
[50:50:0903/062435.380313:INFO:CONSOLE(1)] "Received request: {"method":"iceCandidate","params":{"senderConnectionId":"con_HU6AWS99mn","endpointName":"RECORDER_str_CAM_KpIj_con_HU6AWS99mn","sdpMLineIndex":0,"sdpMid":"0","candidate":"candidate:5 2 TCP 1015022078 192.168.160.1 9 typ host tcptype active"}}", source: https://rdqa-video.qbiai.com/dashboard/main.faff32d6c38f32ae.js (1)
[50:50:0903/062435.380337:INFO:CONSOLE(1)] "Remote ICE candidate received [object RTCIceCandidate]", source: https://rdqa-video.qbiai.com/dashboard/main.faff32d6c38f32ae.js (1)
[50:50:0903/062435.380535:INFO:CONSOLE(1)] "Received request: {"method":"iceCandidate","params":{"senderConnectionId":"con_HU6AWS99mn","endpointName":"RECORDER_str_CAM_KpIj_con_HU6AWS99mn","sdpMLineIndex":1,"sdpMid":"1","candidate":"candidate:4 2 UDP 2015363582 192.168.160.1 56208 typ host"}}", source: https://rdqa-video.qbiai.com/dashboard/main.faff32d6c38f32ae.js (1)
[50:50:0903/062435.380559:INFO:CONSOLE(1)] "Remote ICE candidate received [object RTCIceCandidate]", source: https://rdqa-video.qbiai.com/dashboard/main.faff32d6c38f32ae.js (1)
[50:50:0903/062435.380759:INFO:CONSOLE(1)] "Received request: {"method":"iceCandidate","params":{"senderConnectionId":"con_HU6AWS99mn","endpointName":"RECORDER_str_CAM_KpIj_con_HU6AWS99mn","sdpMLineIndex":1,"sdpMid":"1","candidate":"candidate:6 2 TCP 1010827774 192.168.160.1 53863 typ host tcptype passive"}}", source: https://rdqa-video.qbiai.com/dashboard/main.faff32d6c38f32ae.js (1)
[50:50:0903/062435.380784:INFO:CONSOLE(1)] "Remote ICE candidate received [object RTCIceCandidate]", source: https://rdqa-video.qbiai.com/dashboard/main.faff32d6c38f32ae.js (1)
[50:50:0903/062435.380994:INFO:CONSOLE(1)] "Received request: {"method":"iceCandidate","params":{"senderConnectionId":"con_HU6AWS99mn","endpointName":"RECORDER_str_CAM_KpIj_con_HU6AWS99mn","sdpMLineIndex":0,"sdpMid":"0","candidate":"candidate:4 2 UDP 2015363582 192.168.160.1 56208 typ host"}}", source: https://rdqa-video.qbiai.com/dashboard/main.faff32d6c38f32ae.js (1)
[50:50:0903/062435.381019:INFO:CONSOLE(1)] "Remote ICE candidate received [object RTCIceCandidate]", source: https://rdqa-video.qbiai.com/dashboard/main.faff32d6c38f32ae.js (1)
[50:50:0903/062435.381206:INFO:CONSOLE(1)] "Received request: {"method":"iceCandidate","params":{"senderConnectionId":"con_HU6AWS99mn","endpointName":"RECORDER_str_CAM_KpIj_con_HU6AWS99mn","sdpMLineIndex":1,"sdpMid":"1","candidate":"candidate:12 1 TCP 1010828287 fe80::42:c1ff:fe81:3586 48818 typ host tcptype passive"}}", source: https://rdqa-video.qbiai.com/dashboard/main.faff32d6c38f32ae.js (1)
[50:50:0903/062435.385416:INFO:CONSOLE(1)] "Remote ICE candidate received [object RTCIceCandidate]", source: https://rdqa-video.qbiai.com/dashboard/main.faff32d6c38f32ae.js (1)
[50:50:0903/062435.385945:INFO:CONSOLE(1)] "Received request: {"method":"iceCandidate","params":{"senderConnectionId":"con_HU6AWS99mn","endpointName":"RECORDER_str_CAM_KpIj_con_HU6AWS99mn","sdpMLineIndex":0,"sdpMid":"0","candidate":"candidate:12 1 TCP 1010828287 fe80::42:c1ff:fe81:3586 48818 typ host tcptype passive"}}", source: https://rdqa-video.qbiai.com/dashboard/main.faff32d6c38f32ae.js (1)
[50:50:0903/062435.386208:INFO:CONSOLE(1)] "Remote ICE candidate received [object RTCIceCandidate]", source: https://rdqa-video.qbiai.com/dashboard/main.faff32d6c38f32ae.js (1)
[50:50:0903/062435.386681:INFO:CONSOLE(1)] "Received request: {"method":"iceCandidate","params":{"senderConnectionId":"con_HU6AWS99mn","endpointName":"RECORDER_str_CAM_KpIj_con_HU6AWS99mn","sdpMLineIndex":0,"sdpMid":"0","candidate":"candidate:2 2 TCP 1015021822 172.31.30.70 9 typ host tcptype active"}}", source: https://rdqa-video.qbiai.com/dashboard/main.faff32d6c38f32ae.js (1)
[50:50:0903/062435.389948:INFO:CONSOLE(1)] "Remote ICE candidate received [object RTCIceCandidate]", source: https://rdqa-video.qbiai.com/dashboard/main.faff32d6c38f32ae.js (1)
[50:50:0903/062435.390623:INFO:CONSOLE(1)] "Received request: {"method":"iceCandidate","params":{"senderConnectionId":"con_HU6AWS99mn","endpointName":"RECORDER_str_CAM_KpIj_con_HU6AWS99mn","sdpMLineIndex":1,"sdpMid":"1","candidate":"candidate:1 2 UDP 2015363326 172.31.30.70 42355 typ host"}}", source: https://rdqa-video.qbiai.com/dashboard/main.faff32d6c38f32ae.js (1)
[50:50:0903/062435.390884:INFO:CONSOLE(1)] "Remote ICE candidate received [object RTCIceCandidate]", source: https://rdqa-video.qbiai.com/dashboard/main.faff32d6c38f32ae.js (1)
[50:50:0903/062435.391299:INFO:CONSOLE(1)] "Received request: {"method":"iceCandidate","params":{"senderConnectionId":"con_HU6AWS99mn","endpointName":"RECORDER_str_CAM_KpIj_con_HU6AWS99mn","sdpMLineIndex":0,"sdpMid":"0","candidate":"candidate:9 2 TCP 1010828030 fe80::42f:9eff:fe08:4816 56263 typ host tcptype passive"}}", source: https://rdqa-video.qbiai.com/dashboard/main.faff32d6c38f32ae.js (1)
[50:50:0903/062435.391515:INFO:CONSOLE(1)] "Remote ICE candidate received [object RTCIceCandidate]", source: https://rdqa-video.qbiai.com/dashboard/main.faff32d6c38f32ae.js (1)
[50:50:0903/062435.391872:INFO:CONSOLE(1)] "Received request: {"method":"iceCandidate","params":{"senderConnectionId":"con_HU6AWS99mn","endpointName":"RECORDER_str_CAM_KpIj_con_HU6AWS99mn","sdpMLineIndex":1,"sdpMid":"1","candidate":"candidate:12 2 TCP 1010828286 fe80::42:c1ff:fe81:3586 47265 typ host tcptype passive"}}", source: https://rdqa-video.qbiai.com/dashboard/main.faff32d6c38f32ae.js (1)
[50:50:0903/062435.392074:INFO:CONSOLE(1)] "Remote ICE candidate received [object RTCIceCandidate]", source: https://rdqa-video.qbiai.com/dashboard/main.faff32d6c38f32ae.js (1)
[50:50:0903/062435.392441:INFO:CONSOLE(1)] "Received request: {"method":"iceCandidate","params":{"senderConnectionId":"con_HU6AWS99mn","endpointName":"RECORDER_str_CAM_KpIj_con_HU6AWS99mn","sdpMLineIndex":0,"sdpMid":"0","candidate":"candidate:18 1 TCP 843055615 13.251.82.2 53216 typ srflx raddr 192.168.160.1 rport 53216 tcptype passive"}}", source: https://rdqa-video.qbiai.com/dashboard/main.faff32d6c38f32ae.js (1)
[50:50:0903/062435.392642:INFO:CONSOLE(1)] "Remote ICE candidate received [object RTCIceCandidate]", source: https://rdqa-video.qbiai.com/dashboard/main.faff32d6c38f32ae.js (1)
[103:144:0903/062435.397427:INFO:basic_port_allocator.cc(1464)] Net[any:0.0.0.x/0:Wildcard:id=0]: Allocation Phase=Tcp
[103:144:0903/062435.397660:INFO:port.cc(184)] Port[f59000::1:0:local:Net[any:0.0.0.x/0:Wildcard:id=0]]: Port created with network cost 999
[103:144:0903/062435.397720:INFO:basic_port_allocator.cc(980)] Adding allocated port for 0
[103:144:0903/062435.397779:INFO:basic_port_allocator.cc(1002)] Port[f59000:0:1:0:local:Net[any:0.0.0.x/0:Wildcard:id=0]]: Added port to allocator
[103:144:0903/062435.397833:INFO:tcp_port.cc(189)] Port[f59000:0:1:0:local:Net[any:0.0.0.x/0:Wildcard:id=0]]: Not listening due to firewall restrictions.
[103:144:0903/062435.398466:INFO:basic_port_allocator.cc(1464)] Net[any:0:0:0:x:x:x:x:x/0:Wildcard:id=0]: Allocation Phase=Tcp
[103:144:0903/062435.398553:INFO:port.cc(184)] Port[f5ae00::1:0:local:Net[any:0:0:0:x:x:x:x:x/0:Wildcard:id=0]]: Port created with network cost 999
[103:144:0903/062435.398599:INFO:basic_port_allocator.cc(980)] Adding allocated port for 0
[103:144:0903/062435.398647:INFO:basic_port_allocator.cc(1002)] Port[f5ae00:0:1:0:local:Net[any:0:0:0:x:x:x:x:x/0:Wildcard:id=0]]: Added port to allocator
[103:144:0903/062435.398691:INFO:tcp_port.cc(189)] Port[f5ae00:0:1:0:local:Net[any:0:0:0:x:x:x:x:x/0:Wildcard:id=0]]: Not listening due to firewall restrictions.
[103:144:0903/062435.398752:INFO:basic_port_allocator.cc(1464)] Net[any:0.0.0.x/0:Wildcard:id=0]: Allocation Phase=Tcp
[103:144:0903/062435.398810:INFO:port.cc(184)] Port[f5bd00::1:0:local:Net[any:0.0.0.x/0:Wildcard:id=0]]: Port created with network cost 999
[103:144:0903/062435.398853:INFO:basic_port_allocator.cc(980)] Adding allocated port for 1
[103:144:0903/062435.398896:INFO:basic_port_allocator.cc(1002)] Port[f5bd00:1:1:0:local:Net[any:0.0.0.x/0:Wildcard:id=0]]: Added port to allocator
[103:144:0903/062435.398941:INFO:tcp_port.cc(189)] Port[f5bd00:1:1:0:local:Net[any:0.0.0.x/0:Wildcard:id=0]]: Not listening due to firewall restrictions.
[103:144:0903/062435.398997:INFO:basic_port_allocator.cc(1464)] Net[any:0:0:0:x:x:x:x:x/0:Wildcard:id=0]: Allocation Phase=Tcp
[103:144:0903/062435.399051:INFO:port.cc(184)] Port[f5c700::1:0:local:Net[any:0:0:0:x:x:x:x:x/0:Wildcard:id=0]]: Port created with network cost 999
[103:144:0903/062435.399095:INFO:basic_port_allocator.cc(980)] Adding allocated port for 1
[103:144:0903/062435.399138:INFO:basic_port_allocator.cc(1002)] Port[f5c700:1:1:0:local:Net[any:0:0:0:x:x:x:x:x/0:Wildcard:id=0]]: Added port to allocator
[103:144:0903/062435.399179:INFO:tcp_port.cc(189)] Port[f5c700:1:1:0:local:Net[any:0:0:0:x:x:x:x:x/0:Wildcard:id=0]]: Not listening due to firewall restrictions.
[50:50:0903/062435.399754:INFO:CONSOLE(1)] "Received request: {"method":"iceCandidate","params":{"senderConnectionId":"con_HU6AWS99mn","endpointName":"RECORDER_str_CAM_KpIj_con_HU6AWS99mn","sdpMLineIndex":0,"sdpMid":"0","candidate":"candidate:13 2 UDP 1679819006 13.251.82.2 42355 typ srflx raddr 172.31.30.70 rport 42355"}}", source: https://rdqa-video.qbiai.com/dashboard/main.faff32d6c38f32ae.js (1)
[50:50:0903/062435.400062:INFO:CONSOLE(1)] "Remote ICE candidate received [object RTCIceCandidate]", source: https://rdqa-video.qbiai.com/dashboard/main.faff32d6c38f32ae.js (1)
[50:50:0903/062435.401003:INFO:CONSOLE(1)] "Received request: {"method":"iceCandidate","params":{"senderConnectionId":"con_HU6AWS99mn","endpointName":"RECORDER_str_CAM_KpIj_con_HU6AWS99mn","sdpMLineIndex":0,"sdpMid":"0","candidate":"candidate:16 2 UDP 1679819262 13.251.82.2 56208 typ srflx raddr 192.168.160.1 rport 56208"}}", source: https://rdqa-video.qbiai.com/dashboard/main.faff32d6c38f32ae.js (1)
[50:50:0903/062435.401463:INFO:CONSOLE(1)] "Remote ICE candidate received [object RTCIceCandidate]", source: https://rdqa-video.qbiai.com/dashboard/main.faff32d6c38f32ae.js (1)
[103:144:0903/062435.401781:INFO:basic_port_allocator.cc(1019)] Port[f59000:0:1:0:local:Net[any:0.0.0.x/0:Wildcard:id=0]]: Gathered candidate: Cand[:3574704926:1:tcp:1509957375:2a17da0c-851b-42b9-89d4-c6cd4d4fca29.local:9:local::0:edx/:Po10PBjsRqgkgNL++RaPyDrh:0:999:0]
[103:144:0903/062435.401907:INFO:basic_port_allocator.cc(1052)] Port[f59000:0:1:0:local:Net[any:0.0.0.x/0:Wildcard:id=0]]: Port ready.
[103:144:0903/062435.401973:VERBOSE1:basic_ice_controller.cc(542)] Sorting 0 available connections
[103:144:0903/062435.402023:INFO:basic_port_allocator.cc(1063)] Discarding candidate because it doesn't match filter.
[103:144:0903/062435.402074:INFO:basic_port_allocator.cc(1163)] Port[f59000:0:1:0:local:Net[any:0.0.0.x/0:Wildcard:id=0]]: Port completed gathering candidates.
[50:50:0903/062435.402529:INFO:CONSOLE(1)] "Received request: {"method":"iceCandidate","params":{"senderConnectionId":"con_HU6AWS99mn","endpointName":"RECORDER_str_CAM_KpIj_con_HU6AWS99mn","sdpMLineIndex":0,"sdpMid":"0","candidate":"candidate:18 2 TCP 843055614 13.251.82.2 53863 typ srflx raddr 192.168.160.1 rport 53863 tcptype passive"}}", source: https://rdqa-video.qbiai.com/dashboard/main.faff32d6c38f32ae.js (1)
[50:50:0903/062435.402755:INFO:CONSOLE(1)] "Remote ICE candidate received [object RTCIceCandidate]", source: https://rdqa-video.qbiai.com/dashboard/main.faff32d6c38f32ae.js (1)
[103:144:0903/062435.403139:INFO:basic_port_allocator.cc(1019)] Port[f5ae00:0:1:0:local:Net[any:0:0:0:x:x:x:x:x/0:Wildcard:id=0]]: Gathered candidate: Cand[:3956071834:1:tcp:1509949951:3dfbf4c9-cdf1-4de8-befc-043f3f6a5fb1.local:9:local::0:edx/:Po10PBjsRqgkgNL++RaPyDrh:0:999:0]
[103:144:0903/062435.403244:INFO:basic_port_allocator.cc(1052)] Port[f5ae00:0:1:0:local:Net[any:0:0:0:x:x:x:x:x/0:Wildcard:id=0]]: Port ready.
[103:144:0903/062435.403304:VERBOSE1:basic_ice_controller.cc(542)] Sorting 0 available connections
[103:144:0903/062435.403359:INFO:basic_port_allocator.cc(1063)] Discarding candidate because it doesn't match filter.
[103:144:0903/062435.403415:INFO:basic_port_allocator.cc(1163)] Port[f5ae00:0:1:0:local:Net[any:0:0:0:x:x:x:x:x/0:Wildcard:id=0]]: Port completed gathering candidates.
[103:144:0903/062435.403619:INFO:basic_port_allocator.cc(1237)] All candidates gathered for 0:1:0
[103:144:0903/062435.403680:INFO:p2p_transport_channel.cc(993)] P2PTransportChannel: 0, component 1 gathering complete
[103:144:0903/062435.409517:INFO:basic_port_allocator.cc(1019)] Port[f5bd00:1:1:0:local:Net[any:0.0.0.x/0:Wildcard:id=0]]: Gathered candidate: Cand[:3574704926:1:tcp:1509957375:2a17da0c-851b-42b9-89d4-c6cd4d4fca29.local:9:local::0:edx/:Po10PBjsRqgkgNL++RaPyDrh:0:999:0]
[103:144:0903/062435.409611:INFO:basic_port_allocator.cc(1052)] Port[f5bd00:1:1:0:local:Net[any:0.0.0.x/0:Wildcard:id=0]]: Port ready.
[103:144:0903/062435.409675:VERBOSE1:basic_ice_controller.cc(542)] Sorting 0 available connections
[103:144:0903/062435.409731:INFO:basic_port_allocator.cc(1063)] Discarding candidate because it doesn't match filter.
[103:144:0903/062435.409791:INFO:basic_port_allocator.cc(1163)] Port[f5bd00:1:1:0:local:Net[any:0.0.0.x/0:Wildcard:id=0]]: Port completed gathering candidates.
[103:144:0903/062435.409920:INFO:basic_port_allocator.cc(1019)] Port[f5c700:1:1:0:local:Net[any:0:0:0:x:x:x:x:x/0:Wildcard:id=0]]: Gathered candidate: Cand[:3956071834:1:tcp:1509949951:3dfbf4c9-cdf1-4de8-befc-043f3f6a5fb1.local:9:local::0:edx/:Po10PBjsRqgkgNL++RaPyDrh:0:999:0]
[103:144:0903/062435.409976:INFO:basic_port_allocator.cc(1052)] Port[f5c700:1:1:0:local:Net[any:0:0:0:x:x:x:x:x/0:Wildcard:id=0]]: Port ready.
[103:144:0903/062435.410030:VERBOSE1:basic_ice_controller.cc(542)] Sorting 0 available connections
[103:144:0903/062435.410081:INFO:basic_port_allocator.cc(1063)] Discarding candidate because it doesn't match filter.
[103:144:0903/062435.410133:INFO:basic_port_allocator.cc(1163)] Port[f5c700:1:1:0:local:Net[any:0:0:0:x:x:x:x:x/0:Wildcard:id=0]]: Port completed gathering candidates.
[103:144:0903/062435.410185:INFO:basic_port_allocator.cc(1237)] All candidates gathered for 1:1:0
[103:144:0903/062435.410236:INFO:p2p_transport_channel.cc(993)] P2PTransportChannel: 1, component 1 gathering complete
[50:50:0903/062435.410863:INFO:CONSOLE(1)] "Received request: {"method":"iceCandidate","params":{"senderConnectionId":"con_HU6AWS99mn","endpointName":"RECORDER_str_CAM_KpIj_con_HU6AWS99mn","sdpMLineIndex":1,"sdpMid":"1","candidate":"candidate:8 2 TCP 1015022334 fe80::42f:9eff:fe08:4816 9 typ host tcptype active"}}", source: https://rdqa-video.qbiai.com/dashboard/main.faff32d6c38f32ae.js (1)
[50:50:0903/062435.411218:INFO:CONSOLE(1)] "Remote ICE candidate received [object RTCIceCandidate]", source: https://rdqa-video.qbiai.com/dashboard/main.faff32d6c38f32ae.js (1)
[50:50:0903/062435.411872:INFO:CONSOLE(1)] "Received request: {"method":"iceCandidate","params":{"senderConnectionId":"con_HU6AWS99mn","endpointName":"RECORDER_str_CAM_KpIj_con_HU6AWS99mn","sdpMLineIndex":1,"sdpMid":"1","candidate":"candidate:9 2 TCP 1010828030 fe80::42f:9eff:fe08:4816 56263 typ host tcptype passive"}}", source: https://rdqa-video.qbiai.com/dashboard/main.faff32d6c38f32ae.js (1)
[50:50:0903/062435.412096:INFO:CONSOLE(1)] "Remote ICE candidate received [object RTCIceCandidate]", source: https://rdqa-video.qbiai.com/dashboard/main.faff32d6c38f32ae.js (1)
[50:50:0903/062435.413652:INFO:CONSOLE(1)] "Received request: {"method":"iceCandidate","params":{"senderConnectionId":"con_HU6AWS99mn","endpointName":"RECORDER_str_CAM_KpIj_con_HU6AWS99mn","sdpMLineIndex":0,"sdpMid":"0","candidate":"candidate:15 2 TCP 843055358 13.251.82.2 49479 typ srflx raddr 172.31.30.70 rport 49479 tcptype passive"}}", source: https://rdqa-video.qbiai.com/dashboard/main.faff32d6c38f32ae.js (1)
[50:50:0903/062435.413869:INFO:CONSOLE(1)] "Remote ICE candidate received [object RTCIceCandidate]", source: https://rdqa-video.qbiai.com/dashboard/main.faff32d6c38f32ae.js (1)
[50:50:0903/062435.414775:INFO:CONSOLE(1)] "Received request: {"method":"iceCandidate","params":{"senderConnectionId":"con_HU6AWS99mn","endpointName":"RECORDER_str_CAM_KpIj_con_HU6AWS99mn","sdpMLineIndex":1,"sdpMid":"1","candidate":"candidate:18 1 TCP 843055615 13.251.82.2 53216 typ srflx raddr 192.168.160.1 rport 53216 tcptype passive"}}", source: https://rdqa-video.qbiai.com/dashboard/main.faff32d6c38f32ae.js (1)
[50:50:0903/062435.414985:INFO:CONSOLE(1)] "Remote ICE candidate received [object RTCIceCandidate]", source: https://rdqa-video.qbiai.com/dashboard/main.faff32d6c38f32ae.js (1)
[50:50:0903/062435.416874:INFO:CONSOLE(1)] "Received request: {"method":"iceCandidate","params":{"senderConnectionId":"con_HU6AWS99mn","endpointName":"RECORDER_str_CAM_KpIj_con_HU6AWS99mn","sdpMLineIndex":1,"sdpMid":"1","candidate":"candidate:14 2 TCP 847249662 13.251.82.2 9 typ srflx raddr 172.31.30.70 rport 9 tcptype active"}}", source: https://rdqa-video.qbiai.com/dashboard/main.faff32d6c38f32ae.js (1)
[50:50:0903/062435.417230:INFO:CONSOLE(1)] "Remote ICE candidate received [object RTCIceCandidate]", source: https://rdqa-video.qbiai.com/dashboard/main.faff32d6c38f32ae.js (1)
[50:50:0903/062435.417659:INFO:CONSOLE(1)] "Received request: {"method":"iceCandidate","params":{"senderConnectionId":"con_HU6AWS99mn","endpointName":"RECORDER_str_CAM_KpIj_con_HU6AWS99mn","sdpMLineIndex":1,"sdpMid":"1","candidate":"candidate:15 2 TCP 843055358 13.251.82.2 49479 typ srflx raddr 172.31.30.70 rport 49479 tcptype passive"}}", source: https://rdqa-video.qbiai.com/dashboard/main.faff32d6c38f32ae.js (1)
[50:50:0903/062435.417877:INFO:CONSOLE(1)] "Remote ICE candidate received [object RTCIceCandidate]", source: https://rdqa-video.qbiai.com/dashboard/main.faff32d6c38f32ae.js (1)
[50:50:0903/062435.422188:INFO:CONSOLE(1)] "Received request: {"method":"iceCandidate","params":{"senderConnectionId":"con_HU6AWS99mn","endpointName":"RECORDER_str_CAM_KpIj_con_HU6AWS99mn","sdpMLineIndex":1,"sdpMid":"1","candidate":"candidate:17 1 TCP 847249919 13.251.82.2 9 typ srflx raddr 192.168.160.1 rport 9 tcptype active"}}", source: https://rdqa-video.qbiai.com/dashboard/main.faff32d6c38f32ae.js (1)
[50:50:0903/062435.422493:INFO:CONSOLE(1)] "Remote ICE candidate received [object RTCIceCandidate]", source: https://rdqa-video.qbiai.com/dashboard/main.faff32d6c38f32ae.js (1)
[50:50:0903/062435.422935:INFO:CONSOLE(1)] "Received request: {"method":"iceCandidate","params":{"senderConnectionId":"con_HU6AWS99mn","endpointName":"RECORDER_str_CAM_KpIj_con_HU6AWS99mn","sdpMLineIndex":0,"sdpMid":"0","candidate":"candidate:17 1 TCP 847249919 13.251.82.2 9 typ srflx raddr 192.168.160.1 rport 9 tcptype active"}}", source: https://rdqa-video.qbiai.com/dashboard/main.faff32d6c38f32ae.js (1)
[50:50:0903/062435.423163:INFO:CONSOLE(1)] "Remote ICE candidate received [object RTCIceCandidate]", source: https://rdqa-video.qbiai.com/dashboard/main.faff32d6c38f32ae.js (1)
[50:50:0903/062435.424113:INFO:CONSOLE(1)] "Received request: {"method":"iceCandidate","params":{"senderConnectionId":"con_HU6AWS99mn","endpointName":"RECORDER_str_CAM_KpIj_con_HU6AWS99mn","sdpMLineIndex":0,"sdpMid":"0","candidate":"candidate:14 2 TCP 847249662 13.251.82.2 9 typ srflx raddr 172.31.30.70 rport 9 tcptype active"}}", source: https://rdqa-video.qbiai.com/dashboard/main.faff32d6c38f32ae.js (1)
[50:50:0903/062435.424461:INFO:CONSOLE(1)] "Remote ICE candidate received [object RTCIceCandidate]", source: https://rdqa-video.qbiai.com/dashboard/main.faff32d6c38f32ae.js (1)
[50:50:0903/062435.424946:INFO:CONSOLE(1)] "Received request: {"method":"iceCandidate","params":{"senderConnectionId":"con_HU6AWS99mn","endpointName":"RECORDER_str_CAM_KpIj_con_HU6AWS99mn","sdpMLineIndex":1,"sdpMid":"1","candidate":"candidate:16 1 UDP 1679819263 13.251.82.2 46700 typ srflx raddr 192.168.160.1 rport 46700"}}", source: https://rdqa-video.qbiai.com/dashboard/main.faff32d6c38f32ae.js (1)
[50:50:0903/062435.425205:INFO:CONSOLE(1)] "Remote ICE candidate received [object RTCIceCandidate]", source: https://rdqa-video.qbiai.com/dashboard/main.faff32d6c38f32ae.js (1)
[50:50:0903/062435.425554:INFO:CONSOLE(1)] "Received request: {"method":"iceCandidate","params":{"senderConnectionId":"con_HU6AWS99mn","endpointName":"RECORDER_str_CAM_KpIj_con_HU6AWS99mn","sdpMLineIndex":0,"sdpMid":"0","candidate":"candidate:16 1 UDP 1679819263 13.251.82.2 46700 typ srflx raddr 192.168.160.1 rport 46700"}}", source: https://rdqa-video.qbiai.com/dashboard/main.faff32d6c38f32ae.js (1)
[50:50:0903/062435.425760:INFO:CONSOLE(1)] "Remote ICE candidate received [object RTCIceCandidate]", source: https://rdqa-video.qbiai.com/dashboard/main.faff32d6c38f32ae.js (1)
[50:50:0903/062435.426083:INFO:CONSOLE(1)] "Received request: {"method":"iceCandidate","params":{"senderConnectionId":"con_HU6AWS99mn","endpointName":"RECORDER_str_CAM_KpIj_con_HU6AWS99mn","sdpMLineIndex":0,"sdpMid":"0","candidate":"candidate:12 2 TCP 1010828286 fe80::42:c1ff:fe81:3586 47265 typ host tcptype passive"}}", source: https://rdqa-video.qbiai.com/dashboard/main.faff32d6c38f32ae.js (1)
[50:50:0903/062435.426283:INFO:CONSOLE(1)] "Remote ICE candidate received [object RTCIceCandidate]", source: https://rdqa-video.qbiai.com/dashboard/main.faff32d6c38f32ae.js (1)
[50:50:0903/062435.429257:INFO:CONSOLE(1)] "Received request: {"method":"iceCandidate","params":{"senderConnectionId":"con_HU6AWS99mn","endpointName":"RECORDER_str_CAM_KpIj_con_HU6AWS99mn","sdpMLineIndex":1,"sdpMid":"1","candidate":"candidate:13 2 UDP 1679819006 13.251.82.2 42355 typ srflx raddr 172.31.30.70 rport 42355"}}", source: https://rdqa-video.qbiai.com/dashboard/main.faff32d6c38f32ae.js (1)
[50:50:0903/062435.429553:INFO:CONSOLE(1)] "Remote ICE candidate received [object RTCIceCandidate]", source: https://rdqa-video.qbiai.com/dashboard/main.faff32d6c38f32ae.js (1)
[50:50:0903/062435.429985:INFO:CONSOLE(1)] "Received request: {"method":"iceCandidate","params":{"senderConnectionId":"con_HU6AWS99mn","endpointName":"RECORDER_str_CAM_KpIj_con_HU6AWS99mn","sdpMLineIndex":1,"sdpMid":"1","candidate":"candidate:17 2 TCP 847249918 13.251.82.2 9 typ srflx raddr 192.168.160.1 rport 9 tcptype active"}}", source: https://rdqa-video.qbiai.com/dashboard/main.faff32d6c38f32ae.js (1)
[50:50:0903/062435.430199:INFO:CONSOLE(1)] "Remote ICE candidate received [object RTCIceCandidate]", source: https://rdqa-video.qbiai.com/dashboard/main.faff32d6c38f32ae.js (1)
[50:50:0903/062435.430578:INFO:CONSOLE(1)] "Received request: {"method":"iceCandidate","params":{"senderConnectionId":"con_HU6AWS99mn","endpointName":"RECORDER_str_CAM_KpIj_con_HU6AWS99mn","sdpMLineIndex":1,"sdpMid":"1","candidate":"candidate:10 2 UDP 2015364094 fe80::42:c1ff:fe81:3586 45046 typ host"}}", source: https://rdqa-video.qbiai.com/dashboard/main.faff32d6c38f32ae.js (1)
[50:50:0903/062435.430804:INFO:CONSOLE(1)] "Remote ICE candidate received [object RTCIceCandidate]", source: https://rdqa-video.qbiai.com/dashboard/main.faff32d6c38f32ae.js (1)
[50:50:0903/062435.431158:INFO:CONSOLE(1)] "Received request: {"method":"iceCandidate","params":{"senderConnectionId":"con_HU6AWS99mn","endpointName":"RECORDER_str_CAM_KpIj_con_HU6AWS99mn","sdpMLineIndex":0,"sdpMid":"0","candidate":"candidate:11 2 TCP 1015022590 fe80::42:c1ff:fe81:3586 9 typ host tcptype active"}}", source: https://rdqa-video.qbiai.com/dashboard/main.faff32d6c38f32ae.js (1)
[50:50:0903/062435.431368:INFO:CONSOLE(1)] "Remote ICE candidate received [object RTCIceCandidate]", source: https://rdqa-video.qbiai.com/dashboard/main.faff32d6c38f32ae.js (1)
[50:50:0903/062435.431711:INFO:CONSOLE(1)] "Received request: {"method":"iceCandidate","params":{"senderConnectionId":"con_HU6AWS99mn","endpointName":"RECORDER_str_CAM_KpIj_con_HU6AWS99mn","sdpMLineIndex":1,"sdpMid":"1","candidate":"candidate:11 2 TCP 1015022590 fe80::42:c1ff:fe81:3586 9 typ host tcptype active"}}", source: https://rdqa-video.qbiai.com/dashboard/main.faff32d6c38f32ae.js (1)
[50:50:0903/062435.431927:INFO:CONSOLE(1)] "Remote ICE candidate received [object RTCIceCandidate]", source: https://rdqa-video.qbiai.com/dashboard/main.faff32d6c38f32ae.js (1)
[50:50:0903/062435.432278:INFO:CONSOLE(1)] "Received request: {"method":"iceCandidate","params":{"senderConnectionId":"con_HU6AWS99mn","endpointName":"RECORDER_str_CAM_KpIj_con_HU6AWS99mn","sdpMLineIndex":0,"sdpMid":"0","candidate":"candidate:10 2 UDP 2015364094 fe80::42:c1ff:fe81:3586 45046 typ host"}}", source: https://rdqa-video.qbiai.com/dashboard/main.faff32d6c38f32ae.js (1)
[50:50:0903/062435.432474:INFO:CONSOLE(1)] "Remote ICE candidate received [object RTCIceCandidate]", source: https://rdqa-video.qbiai.com/dashboard/main.faff32d6c38f32ae.js (1)
[50:50:0903/062435.432803:INFO:CONSOLE(1)] "Received request: {"method":"iceCandidate","params":{"senderConnectionId":"con_HU6AWS99mn","endpointName":"RECORDER_str_CAM_KpIj_con_HU6AWS99mn","sdpMLineIndex":1,"sdpMid":"1","candidate":"candidate:18 2 TCP 843055614 13.251.82.2 53863 typ srflx raddr 192.168.160.1 rport 53863 tcptype passive"}}", source: https://rdqa-video.qbiai.com/dashboard/main.faff32d6c38f32ae.js (1)
[50:50:0903/062435.432989:INFO:CONSOLE(1)] "Remote ICE candidate received [object RTCIceCandidate]", source: https://rdqa-video.qbiai.com/dashboard/main.faff32d6c38f32ae.js (1)
[50:50:0903/062435.441160:INFO:CONSOLE(1)] "Response: {"sdpAnswer":"v=0\r\no=- 3965869475 3965869475 IN IP4 0.0.0.0\r\ns=Kurento Media Server\r\nc=IN IP4 0.0.0.0\r\nt=0 0\r\na=extmap-allow-mixed\r\na=msid-semantic: WMS\r\na=group:BUNDLE 0 1\r\nm=audio 1 UDP/TLS/RTP/SAVPF 111 0\r\na=extmap:2 http://www.webrtc.org/experiments/rtp-hdrext/abs-send-time\r\na=sendonly\r\na=mid:0\r\na=rtcp:9 IN IP4 0.0.0.0\r\na=rtpmap:111 opus/48000/2\r\na=rtpmap:0 PCMU/8000\r\na=setup:active\r\na=rtcp-mux\r\na=fmtp:111 minptime=10;useinbandfec=1\r\na=ssrc:2699730991 cname:user3856291134@host-1a85e921\r\na=ice-ufrag:JbP+\r\na=ice-pwd:3uZqbcfyCABTdTKDCShbTu\r\na=fingerprint:sha-256 DC:3D:04:AA:88:30:D6:A3:83:2A:E6:E8:7E:5F:CD:1E:96:FC:02:01:A0:8C:96:88:76:24:25:1A:4E:24:8D:D6\r\nm=video 1 UDP/TLS/RTP/SAVPF 96\r\na=extmap:2 http://www.webrtc.org/experiments/rtp-hdrext/abs-send-time\r\na=sendonly\r\na=mid:1\r\na=rtcp:9 IN IP4 0.0.0.0\r\na=rtpmap:96 VP8/90000\r\na=rtcp-fb:96 goog-remb\r\na=rtcp-fb:96 ccm fir\r\na=rtcp-fb:96 nack\r\na=rtcp-fb:96 nack pli\r\na=setup:active\r\na=rtcp-mux\r\na=ssrc:3965734886 cname:user3856291134@host-1a85e921\r\na=ice-ufrag:JbP+\r\na=ice-pwd:3uZqbcfyCABTdTKDCShbTu\r\na=fingerprint:sha-256 DC:3D:04:AA:88:30:D6:A3:83:2A:E6:E8:7E:5F:CD:1E:96:FC:02:01:A0:8C:96:88:76:24:25:1A:4E:24:8D:D6\r\n","sessionId":"ufsg8n70o81jc48qdt598g7nre"}", source: https://rdqa-video.qbiai.com/dashboard/main.faff32d6c38f32ae.js (1)
[50:50:0903/062435.441920:INFO:CONSOLE(1)] "SDP answer received, setting remote description", source: https://rdqa-video.qbiai.com/dashboard/main.faff32d6c38f32ae.js (1)
[103:103:0903/062435.442285:VERBOSE1:webrtc_sdp.cc(3368)] Ignoring send_rids without simulcast
[103:103:0903/062435.442497:VERBOSE1:webrtc_sdp.cc(3368)] Ignoring send_rids without simulcast
[103:144:0903/062435.442931:INFO:dtls_srtp_transport.cc(64)] Setting RTCP Transport on 0 transport (nil)
[103:144:0903/062435.443010:INFO:dtls_srtp_transport.cc(69)] Setting RTP Transport on 0 transport 0x1cc800290d00
[103:144:0903/062435.443071:INFO:p2p_transport_channel.cc(478)] Received remote ICE parameters: ufrag=JbP+, renomination disabled
[103:144:0903/062435.443145:INFO:dtls_transport.cc(395)] DtlsTransport[0|1|__]: DTLS setup complete.
[103:144:0903/062435.443252:INFO:ipc_socket_factory.cc(519)] Setting new p2p socket buffer limit to 262144
[103:144:0903/062435.443422:INFO:ipc_socket_factory.cc(519)] Setting new p2p socket buffer limit to 262144
[103:144:0903/062435.443537:INFO:ipc_socket_factory.cc(519)] Setting new p2p socket buffer limit to 262144
[103:144:0903/062435.443622:VERBOSE1:webrtc_video_engine.cc(1910)] OnReadyToSend: Not ready.
[103:145:0903/062435.443852:VERBOSE1:call.cc(1224)] UpdateAggregateNetworkState: aggregate_state remains at down
[103:145:0903/062435.444031:VERBOSE1:rtp_transport_controller_send.cc(332)] SignalNetworkState Down
[103:144:0903/062435.443819:INFO:turn_port.cc(1517)] Port[1eace00:1:1:0:relay:Net[any:0.0.0.x/0:Wildcard:id=0]]: TURN refresh request sent, id=69416c4a5135523753665731
[103:143:0903/062435.444709:INFO:sdp_offer_answer.cc(2816)] Session: 3265680784088421215 Old state: have-local-offer New state: stable
[103:145:0903/062435.444760:INFO:channel.cc(554)] Channel enabled: {mid: 0, media_type: audio}
[103:145:0903/062435.445061:INFO:channel.cc(923)] Changing voice state, recv=1 send=0 for {mid: 0, media_type: audio}
[103:145:0903/062435.445158:INFO:channel.cc(554)] Channel enabled: {mid: 1, media_type: video}
[103:145:0903/062435.445217:VERBOSE1:webrtc_video_engine.cc(1298)] SetSend: false
[103:145:0903/062435.445269:INFO:channel.cc(1082)] Changing video state, send=0 for {mid: 1, media_type: video}
[103:144:0903/062435.445341:VERBOSE1:basic_ice_controller.cc(542)] Sorting 0 available connections
[103:145:0903/062435.445484:INFO:channel.cc(991)] Setting remote voice description for {mid: 0, media_type: audio}
[103:145:0903/062435.445561:INFO:webrtc_voice_engine.cc(1288)] WebRtcVoiceMediaChannel::SetSendParameters: {codecs: [AudioCodec[111:opus:48000:0:2], AudioCodec[0:PCMU:8000:0:1]], extensions: [{uri: http://www.webrtc.org/experiments/rtp-hdrext/abs-send-time, id: 2}], extmap-allow-mixed: true, max_bandwidth_bps: -1, mid: 0, options: AudioOptions {}}
[103:145:0903/062435.445635:INFO:webrtc_voice_engine.cc(2292)] WebRtcVoiceMediaChannel::SetMaxSendBitrate.
[103:145:0903/062435.445686:INFO:webrtc_voice_engine.cc(1478)] Setting voice channel options: AudioOptions {}
[103:145:0903/062435.445739:INFO:webrtc_voice_engine.cc(422)] WebRtcVoiceEngine::ApplyOptions: AudioOptions {audio_jitter_buffer_max_packets: 200, audio_jitter_buffer_fast_accelerate: 0, audio_jitter_buffer_min_delay_ms: 0, }
[103:145:0903/062435.445791:INFO:webrtc_voice_engine.cc(1492)] Set voice channel options. Current options: AudioOptions {audio_jitter_buffer_max_packets: 200, audio_jitter_buffer_fast_accelerate: 0, audio_jitter_buffer_min_delay_ms: 0, }
[103:145:0903/062435.445849:INFO:webrtc_voice_engine.cc(1909)] AddRecvStream: {id:E7SoZKUf;ssrcs:[2699730991];ssrc_groups:;cname:user3856291134@host-1a85e921;stream_ids:default;}
[103:145:0903/062435.445972:INFO:delay_manager.cc(62)] Delay manager config: quantile=0.95 forget_factor=0.983 start_forget_weight=2 resample_interval_ms=500 use_reorder_optimizer=1 reorder_forget_factor=0.9993 ms_per_loss_percent=20
[103:145:0903/062435.446034:INFO:decision_logic.cc(80)] NetEq decision logic config: enable_stable_delay_mode=0 combine_concealment_decision=0 packet_history_size_ms=2000 cng_timeout_ms=-1 deceleration_target_level_offset_ms=85
[103:145:0903/062435.446105:INFO:neteq_impl.cc(139)] NetEq config: sample_rate_hz=48000, enable_post_decode_vad=true, max_packets_in_buffer=200, min_delay_ms=0, enable_fast_accelerate=false, enable_muted_state=true, enable_rtx_handling=false
[103:145:0903/062435.446158:VERBOSE1:neteq_impl.cc(2040)] SetSampleRateAndChannels 48000 1
[103:145:0903/062435.446272:VERBOSE1:neteq_impl.cc(443)] FlushBuffers
[103:145:0903/062435.446383:INFO:audio_receive_stream.cc(109)] AudioReceiveStreamImpl: 2699730991
[103:145:0903/062435.446465:VERBOSE1:call.cc(1224)] UpdateAggregateNetworkState: aggregate_state remains at down
[103:145:0903/062435.446515:VERBOSE1:rtp_transport_controller_send.cc(332)] SignalNetworkState Down
[103:145:0903/062435.446616:INFO:channel.cc(788)] Add remote ssrc: 2699730991 to {mid: 0, media_type: audio}
[103:145:0903/062435.446714:INFO:channel.cc(923)] Changing voice state, recv=1 send=0 for {mid: 0, media_type: audio}
[103:145:0903/062435.446793:INFO:channel.cc(1181)] Setting remote video description for {mid: 1, media_type: video}
[103:145:0903/062435.446889:INFO:webrtc_video_engine.cc(854)] SetSendParameters: {codecs: [VideoCodec[96:VP8]], conference_mode: no, extensions: [{uri: http://www.webrtc.org/experiments/rtp-hdrext/abs-send-time, id: 2}], extmap-allow-mixed: true, max_bandwidth_bps: -1, mid: 1}
[103:145:0903/062435.447004:INFO:webrtc_video_engine.cc(862)] Negotiated codec: VideoCodec[96:VP8]
[103:145:0903/062435.447057:VERBOSE1:rtp_transport_controller_send.cc(466)] WebRTC.RtpTransportControllerSend.SetSdpBitrateParameters: nothing to update
[103:145:0903/062435.447106:INFO:webrtc_video_engine.cc(993)] SetFeedbackParameters on all the receive streams because the send codec or RTCP mode has changed.
[103:145:0903/062435.447162:INFO:webrtc_video_engine.cc(1456)] AddRecvStream: {id:p22t5uI2;ssrcs:[3965734886];ssrc_groups:;cname:user3856291134@host-1a85e921;stream_ids:default;}
[103:145:0903/062435.447492:INFO:video_receive_stream2.cc(229)] VideoReceiveStream2: {decoders: [{payload_type: 96, payload_name: VP8, codec_params: {}}, {payload_type: 98, payload_name: VP9, codec_params: {profile-id: 0}}, {payload_type: 100, payload_name: VP9, codec_params: {profile-id: 2}}, {payload_type: 35, payload_name: VP9, codec_params: {profile-id: 1}}, {payload_type: 37, payload_name: VP9, codec_params: {profile-id: 3}}, {payload_type: 102, payload_name: H264, codec_params: {level-asymmetry-allowed: 1, packetization-mode: 1, profile-level-id: 42001f}}, {payload_type: 104, payload_name: H264, codec_params: {level-asymmetry-allowed: 1, packetization-mode: 0, profile-level-id: 42001f}}, {payload_type: 106, payload_name: H264, codec_params: {level-asymmetry-allowed: 1, packetization-mode: 1, profile-level-id: 42e01f}}, {payload_type: 108, payload_name: H264, codec_params: {level-asymmetry-allowed: 1, packetization-mode: 0, profile-level-id: 42e01f}}, {payload_type: 127, payload_name: H264, codec_params: {level-asymmetry-allowed: 1, packetization-mode: 1, profile-level-id: 4d001f}}, {payload_type: 39, payload_name: H264, codec_params: {level-asymmetry-allowed: 1, packetization-mode: 0, profile-level-id: 4d001f}}, {payload_type: 41, payload_name: H264, codec_params: {level-asymmetry-allowed: 1, packetization-mode: 1, profile-level-id: f4001f}}, {payload_type: 43, payload_name: H264, codec_params: {level-asymmetry-allowed: 1, packetization-mode: 0, profile-level-id: f4001f}}, {payload_type: 45, payload_name: AV1, codec_params: {}}, {payload_type: 47, payload_name: AV1, codec_params: {profile: 1}}], rtp: {remote_ssrc: 3965734886, local_ssrc: 1, rtcp_mode: RtcpMode::kCompound, rtcp_xr: {receiver_reference_time_report: off}, lntf: {enabled: false}, nack: {rtp_history_ms: 1000}, ulpfec_payload_type: 114, red_type: 112, rtx_ssrc: 0, rtx_payload_types: {36 (pt) -> 35 (apt), 38 (pt) -> 37 (apt), 40 (pt) -> 39 (apt), 42 (pt) -> 41 (apt), 44 (pt) -> 43 (apt), 46 (pt) -> 45 (apt), 48 (pt) -> 47 (apt), 97 (pt) -> 96 (apt), 99 (pt) -> 98 (apt), 101 (pt) -> 100 (apt), 103 (pt) -> 102 (apt), 105 (pt) -> 104 (apt), 107 (pt) -> 106 (apt), 109 (pt) -> 108 (apt), 113 (pt) -> 112 (apt), 125 (pt) -> 127 (apt), }, raw_payload_types: {}}, renderer: (renderer), render_delay_ms: 10, sync_group: default}
[103:145:0903/062435.447606:VERBOSE1:call.cc(1224)] UpdateAggregateNetworkState: aggregate_state remains at down
[103:145:0903/062435.447662:VERBOSE1:rtp_transport_controller_send.cc(332)] SignalNetworkState Down
[103:145:0903/062435.447818:INFO:channel.cc(788)] Add remote ssrc: 3965734886 to {mid: 1, media_type: video}
[103:145:0903/062435.447913:VERBOSE1:webrtc_video_engine.cc(1298)] SetSend: false
[103:145:0903/062435.447974:INFO:channel.cc(1082)] Changing video state, send=0 for {mid: 1, media_type: video}
[103:143:0903/062435.448040:INFO:peer_connection.cc(1954)] Changing IceConnectionState 0 => 1
[103:143:0903/062435.448104:INFO:sdp_offer_answer.cc(2104)] Processing the MSIDs for MID=0 (streams=[default]).
[103:143:0903/062435.448152:INFO:sdp_offer_answer.cc(2114)] Processing the addition of a remote track for MID=0.
[103:143:0903/062435.451136:INFO:rtp_transceiver.cc(525)] Changing transceiver (MID=0) current direction from <not set> to kRecvOnly.
[103:145:0903/062435.451229:VERBOSE1:webrtc_voice_engine.cc(2504)] WebRtcVoiceMediaChannel::SetRawAudioSink: ssrc:2699730991 (ptr)
[103:145:0903/062435.451300:INFO:webrtc_voice_engine.cc(2086)] SetBaseMinimumPlayoutDelayMs() to 0 for recv stream with ssrc 2699730991
[103:145:0903/062435.451351:INFO:webrtc_voice_engine.cc(2037)] WRVMC::SetOutputVolume({ssrc=2699730991}, {volume=0.00})
[103:145:0903/062435.451393:INFO:webrtc_voice_engine.cc(2047)] WRVMC::SetOutputVolume => (stream with SSRC 2699730991 now uses volume 0.00)
[103:143:0903/062435.451465:INFO:sdp_offer_answer.cc(2104)] Processing the MSIDs for MID=1 (streams=[default]).
[103:143:0903/062435.451517:INFO:sdp_offer_answer.cc(2114)] Processing the addition of a remote track for MID=1.
[103:143:0903/062435.451561:INFO:rtp_transceiver.cc(525)] Changing transceiver (MID=1) current direction from <not set> to kRecvOnly.
[103:145:0903/062435.453958:INFO:webrtc_video_engine.cc(1628)] SetSink: ssrc:3965734886 (ptr)
[50:50:0903/062435.455482:INFO:CONSOLE(1)] "Received request: {"method":"iceCandidate","params":{"senderConnectionId":"con_HU6AWS99mn","endpointName":"RECORDER_str_CAM_KpIj_con_HU6AWS99mn","sdpMLineIndex":1,"sdpMid":"1","candidate":"candidate:16 2 UDP 1679819262 13.251.82.2 56208 typ srflx raddr 192.168.160.1 rport 56208"}}", source: https://rdqa-video.qbiai.com/dashboard/main.faff32d6c38f32ae.js (1)
[50:50:0903/062435.455785:INFO:CONSOLE(1)] "Remote ICE candidate received [object RTCIceCandidate]", source: https://rdqa-video.qbiai.com/dashboard/main.faff32d6c38f32ae.js (1)
[50:50:0903/062435.456895:INFO:CONSOLE(1)] "Received request: {"method":"iceCandidate","params":{"senderConnectionId":"con_HU6AWS99mn","endpointName":"RECORDER_str_CAM_KpIj_con_HU6AWS99mn","sdpMLineIndex":0,"sdpMid":"0","candidate":"candidate:17 2 TCP 847249918 13.251.82.2 9 typ srflx raddr 192.168.160.1 rport 9 tcptype active"}}", source: https://rdqa-video.qbiai.com/dashboard/main.faff32d6c38f32ae.js (1)
[50:50:0903/062435.457163:INFO:CONSOLE(1)] "Remote ICE candidate received [object RTCIceCandidate]", source: https://rdqa-video.qbiai.com/dashboard/main.faff32d6c38f32ae.js (1)
[50:50:0903/062435.457686:INFO:CONSOLE(1)] "Response: {"sessionId":"ufsg8n70o81jc48qdt598g7nre"}", source: https://rdqa-video.qbiai.com/dashboard/main.faff32d6c38f32ae.js (1)
[103:144:0903/062435.459035:VERBOSE1:basic_ice_controller.cc(542)] Sorting 0 available connections
[103:103:0903/062435.459281:VERBOSE1:webrtc_logging.cc(35)] MSS::SetReadyState({id=75c4cd0a-3df9-40a8-a73a-d91fdd0784c6}, {ready_state=Live})
[103:103:0903/062435.459360:VERBOSE1:webrtc_logging.cc(35)] MST::setReadyState({ready_state=live}) [kind: audio, id: 75c4cd0a-3df9-40a8-a73a-d91fdd0784c6, label: 75c4cd0a-3df9-40a8-a73a-d91fdd0784c6, enabled: true, muted: true, readyState: live, remote=true]
[103:103:0903/062435.459410:VERBOSE1:webrtc_logging.cc(35)] MST::SourceChangedState() [kind: audio, id: 75c4cd0a-3df9-40a8-a73a-d91fdd0784c6, label: 75c4cd0a-3df9-40a8-a73a-d91fdd0784c6, enabled: true, muted: false, readyState: live, remote=true]
[103:103:0903/062435.459463:VERBOSE1:webrtc_logging.cc(35)] MSS::SetReadyState({id=18dfbee3-1c47-46ce-9ebc-18a0d9acc6bf}, {ready_state=Live})
[103:103:0903/062435.459506:VERBOSE1:webrtc_logging.cc(35)] MST::setReadyState({ready_state=live}) [kind: video, id: 18dfbee3-1c47-46ce-9ebc-18a0d9acc6bf, label: 18dfbee3-1c47-46ce-9ebc-18a0d9acc6bf, enabled: true, muted: true, readyState: live, remote=true]
[103:103:0903/062435.459547:VERBOSE1:webrtc_logging.cc(35)] MST::SourceChangedState() [kind: video, id: 18dfbee3-1c47-46ce-9ebc-18a0d9acc6bf, label: 18dfbee3-1c47-46ce-9ebc-18a0d9acc6bf, enabled: true, muted: false, readyState: live, remote=true]
[50:50:0903/062435.459896:INFO:CONSOLE(1)] "'Subscriber' (str_CAM_KpIj_con_HU6AWS99mn) successfully subscribed", source: https://rdqa-video.qbiai.com/dashboard/main.faff32d6c38f32ae.js (1)
[50:50:0903/062435.460332:INFO:CONSOLE(1)] "Peer remote stream [object MediaStream]", source: https://rdqa-video.qbiai.com/dashboard/main.faff32d6c38f32ae.js (1)
[50:50:0903/062435.460784:INFO:CONSOLE(1)] "Video srcObject [9d0a3beb-d1e5-4f8c-81d9-e36acb17ed2d] updated in stream [str_CAM_KpIj_con_HU6AWS99mn]", source: https://rdqa-video.qbiai.com/dashboard/main.faff32d6c38f32ae.js (1)
[50:50:0903/062435.461894:INFO:CONSOLE(1)] "WebRtc stats not enabled", source: https://rdqa-video.qbiai.com/dashboard/main.faff32d6c38f32ae.js (1)
[50:50:0903/062435.462176:INFO:CONSOLE(1)] "Subscribed correctly to con_HU6AWS99mn", source: https://rdqa-video.qbiai.com/dashboard/main.faff32d6c38f32ae.js (1)
[50:50:0903/062435.462769:INFO:CONSOLE(1)] "Response: {"sessionId":"ufsg8n70o81jc48qdt598g7nre"}", source: https://rdqa-video.qbiai.com/dashboard/main.faff32d6c38f32ae.js (1)
[50:50:0903/062435.463297:INFO:CONSOLE(1)] "Response: {"sessionId":"ufsg8n70o81jc48qdt598g7nre"}", source: https://rdqa-video.qbiai.com/dashboard/main.faff32d6c38f32ae.js (1)
[50:50:0903/062435.463687:INFO:CONSOLE(1)] "Response: {"sessionId":"ufsg8n70o81jc48qdt598g7nre"}", source: https://rdqa-video.qbiai.com/dashboard/main.faff32d6c38f32ae.js (1)
[50:50:0903/062435.464051:INFO:CONSOLE(1)] "Response: {"sessionId":"ufsg8n70o81jc48qdt598g7nre"}", source: https://rdqa-video.qbiai.com/dashboard/main.faff32d6c38f32ae.js (1)
[50:50:0903/062435.464616:INFO:CONSOLE(1)] "Response: {"sessionId":"ufsg8n70o81jc48qdt598g7nre"}", source: https://rdqa-video.qbiai.com/dashboard/main.faff32d6c38f32ae.js (1)
[103:144:0903/062435.465815:INFO:connection.cc(243)] Conn[1f27000:0:Net[any:0.0.0.x/0:Wildcard:id=0]:yp3Sqi6p:1:0:local:tcp:2a17da0c-851b-42b9-89d4-c6cd4d4fca29.local:9->80uWO1+J:1:1010827519:local:tcp:172.31.30.x:53282|C--W|-|0|0|4341471139021733375|-]: Connection created
[103:144:0903/062435.466013:VERBOSE1:tcp_port.cc(587)] Conn[1f27000:0:Net[any:0.0.0.x/0:Wildcard:id=0]:yp3Sqi6p:1:0:local:tcp:2a17da0c-851b-42b9-89d4-c6cd4d4fca29.local:9->80uWO1+J:1:1010827519:local:tcp:172.31.30.x:53282|C--W|-|0|0|4341471139021733375|-]: Connecting from 0.0.0.x:0 to 172.31.30.x:53282
[103:144:0903/062435.466081:VERBOSE1:connection.cc(351)] Conn[1f27000:0:Net[any:0.0.0.x/0:Wildcard:id=0]:yp3Sqi6p:1:0:local:tcp:2a17da0c-851b-42b9-89d4-c6cd4d4fca29.local:9->80uWO1+J:1:1010827519:local:tcp:172.31.30.x:53282|---W|-|0|0|4341471139021733375|-]: Change connected_ to 0
[103:144:0903/062435.466151:INFO:p2p_transport_channel.cc(1451)] Channel[0|1|__]: Created connection with origin: 2, total: 1
[103:144:0903/062435.466218:VERBOSE1:connection.cc(871)] Conn[1f27000:0:Net[any:0.0.0.x/0:Wildcard:id=0]:yp3Sqi6p:1:0:local:tcp:2a17da0c-851b-42b9-89d4-c6cd4d4fca29.local:9->80uWO1+J:1:1010827519:local:tcp:172.31.30.x:53282|---W|-|0|0|4341471139021733375|-]: UpdateState(), ms since last received response=13394298461, ms since last received data=13394298461, rtt=6000, pings_since_last_response=
[103:144:0903/062435.466275:VERBOSE1:basic_ice_controller.cc(542)] Sorting 1 available connections
[103:144:0903/062435.466333:VERBOSE1:basic_ice_controller.cc(545)] Conn[1f27000:0:Net[any:0.0.0.x/0:Wildcard:id=0]:yp3Sqi6p:1:0:local:tcp:2a17da0c-851b-42b9-89d4-c6cd4d4fca29.local:9->80uWO1+J:1:1010827519:local:tcp:172.31.30.x:53282|---W|-|0|0|4341471139021733375|-]
[103:144:0903/062435.466402:INFO:p2p_transport_channel.cc(1902)] Channel[0|1|__]: Transport channel state changed from 0 to 2
[103:144:0903/062435.466456:INFO:jsep_transport_controller.cc(1225)] 0 Transport 1 state changed. Check if state is complete.
[103:144:0903/062435.466512:INFO:jsep_transport_controller.cc(1225)] 0 Transport 1 state changed. Check if state is complete.
[103:143:0903/062435.466593:INFO:peer_connection.cc(1973)] Changing standardized IceConnectionState 0 => 1
[103:103:0903/062435.467193:VERBOSE1:webrtc_logging.cc(35)] WMPMS::WebMediaPlayerMS({delegate_id=1}, {is_audio_element=false}, {sink_id=}) [delegate_id=1]
[103:103:0903/062435.467903:VERBOSE1:webrtc_logging.cc(35)] WMPMS::SetVolume({volume=1.00}) [delegate_id=1]
[103:103:0903/062435.468166:VERBOSE1:webrtc_logging.cc(35)] WMPMS::Load({load_type=MediaStream}) [delegate_id=1]
[103:103:0903/062435.468259:VERBOSE1:webrtc_logging.cc(35)] WMPMS::SetNetworkState => (state=Empty) [delegate_id=1]
[103:103:0903/062435.468316:VERBOSE1:webrtc_logging.cc(35)] WMPMS::SetReadyState => (state=HaveNothing) [delegate_id=1]
[103:103:0903/062435.468382:VERBOSE1:webrtc_logging.cc(35)] WMPMS::Load => (stream_id=9d0a3beb-d1e5-4f8c-81d9-e36acb17ed2d) [delegate_id=1]
[103:103:0903/062435.468452:VERBOSE1:webrtc_logging.cc(35)] MSRF::GetAudioRenderer({web_stream_id=9d0a3beb-d1e5-4f8c-81d9-e36acb17ed2d}, {device_id=})
[103:103:0903/062435.468505:VERBOSE1:webrtc_logging.cc(35)] MSRF::GetAudioRenderer => (media stream is a remote WebRTC stream)
[103:103:0903/062435.468553:VERBOSE1:webrtc_logging.cc(35)] MSRF::GetAudioRenderer => (creating new WebRtcAudioRenderer for remote stream)
[103:103:0903/062435.468950:VERBOSE1:webrtc_logging.cc(35)] WRAR::WebRtcAudioRenderer({session_id=}, {device_id=}) [label=9d0a3beb-d1e5-4f8c-81d9-e36acb17ed2d]
[103:103:0903/062435.469046:VERBOSE1:webrtc_logging.cc(35)] WRADI::SetAudioRenderer()
[103:103:0903/062435.469098:VERBOSE1:webrtc_logging.cc(35)] WRAR::Initialize([state=UNINITIALIZED]) [label=9d0a3beb-d1e5-4f8c-81d9-e36acb17ed2d]
[50:74:0903/062435.469244:VERBOSE1:media_stream_manager.cc(1582)] RFAOSF::RequestDeviceAuthorization({device_id=}) [process_id=5, frame_id=1]
[103:144:0903/062435.539409:INFO:port.cc(380)] Received STUN BINDING request id=d04085a2ba363cc21455832d from unknown address 13.251.82.x:46700
[103:144:0903/062435.539611:INFO:connection.cc(243)] Conn[1f26400:0:Net[any:0.0.0.x/0:Wildcard:id=0]:iOnU5k9N:1:0:stun:udp:13.251.82.x:54444->bf/fi9AV:1:1847591423:prflx:udp:13.251.82.x:46700|C--W|-|0|0|7205793488053470206|-]: Connection created
[103:144:0903/062435.539687:INFO:p2p_transport_channel.cc(1131)] Adding connection from peer reflexive candidate: Cand[:4194097261:1:udp:1847591423:13.251.82.x:46700:prflx::0:JbP+:3uZqbcfyCABTdTKDCShbTu:0:0:0]
[103:144:0903/062435.539757:VERBOSE1:connection.cc(331)] Conn[1f26400:0:Net[any:0.0.0.x/0:Wildcard:id=0]:iOnU5k9N:1:0:stun:udp:13.251.82.x:54444->bf/fi9AV:1:1847591423:prflx:udp:13.251.82.x:46700|C--W|-|0|0|7205793488053470206|-]: set_receiving to 1
[103:144:0903/062435.539861:INFO:connection.cc(744)] Conn[1f26400:0:Net[any:0.0.0.x/0:Wildcard:id=0]:iOnU5k9N:1:0:stun:udp:13.251.82.x:54444->bf/fi9AV:1:1847591423:prflx:udp:13.251.82.x:46700|CR-W|-|0|0|7205793488053470206|-]: Sent STUN BINDING response, to=13.251.82.x:46700, id=d04085a2ba363cc21455832d
[103:144:0903/062435.540109:VERBOSE1:connection.cc(871)] Conn[1f27000:0:Net[any:0.0.0.x/0:Wildcard:id=0]:yp3Sqi6p:1:0:local:tcp:2a17da0c-851b-42b9-89d4-c6cd4d4fca29.local:9->80uWO1+J:1:1010827519:local:tcp:172.31.30.x:53282|---W|-|0|0|4341471139021733375|-]: UpdateState(), ms since last received response=13394298534, ms since last received data=13394298534, rtt=6000, pings_since_last_response=
[103:144:0903/062435.540452:VERBOSE1:connection.cc(871)] Conn[1f26400:0:Net[any:0.0.0.x/0:Wildcard:id=0]:iOnU5k9N:1:0:stun:udp:13.251.82.x:54444->bf/fi9AV:1:1847591423:prflx:udp:13.251.82.x:46700|CR-W|-|0|0|7205793488053470206|-]: UpdateState(), ms since last received response=13394298534, ms since last received data=13394298534, rtt=6000, pings_since_last_response=
[103:144:0903/062435.540534:VERBOSE1:basic_ice_controller.cc(542)] Sorting 2 available connections
[103:144:0903/062435.540588:VERBOSE1:basic_ice_controller.cc(545)] Conn[1f26400:0:Net[any:0.0.0.x/0:Wildcard:id=0]:iOnU5k9N:1:0:stun:udp:13.251.82.x:54444->bf/fi9AV:1:1847591423:prflx:udp:13.251.82.x:46700|CR-W|-|0|0|7205793488053470206|-]
[103:144:0903/062435.540640:VERBOSE1:basic_ice_controller.cc(545)] Conn[1f27000:0:Net[any:0.0.0.x/0:Wildcard:id=0]:yp3Sqi6p:1:0:local:tcp:2a17da0c-851b-42b9-89d4-c6cd4d4fca29.local:9->80uWO1+J:1:1010827519:local:tcp:172.31.30.x:53282|---W|-|0|0|4341471139021733375|-]
[103:144:0903/062435.540691:VERBOSE1:dtls_transport.cc(575)] DtlsTransport[0|1|__]: ice_transport receiving state changed to 1
[103:144:0903/062435.540733:VERBOSE1:p2p_transport_channel.cc(417)] Channel[0|1|R_]: Ice not completed yet for this channel as Net[any:0.0.0.x/0:Wildcard:id=0] has more than 1 connection.
[103:144:0903/062435.540772:INFO:p2p_transport_channel.cc(1902)] Channel[0|1|R_]: Transport channel state changed from 2 to 1
[103:144:0903/062435.540810:INFO:jsep_transport_controller.cc(1225)] 0 Transport 1 state changed. Check if state is complete.
[103:144:0903/062435.540857:INFO:p2p_transport_channel.cc(1698)] Channel[0|1|R_]: Have a pingable connection for the first time; starting to ping.
[103:144:0903/062435.540932:VERBOSE1:connection.cc(871)] Conn[1f27000:0:Net[any:0.0.0.x/0:Wildcard:id=0]:yp3Sqi6p:1:0:local:tcp:2a17da0c-851b-42b9-89d4-c6cd4d4fca29.local:9->80uWO1+J:1:1010827519:local:tcp:172.31.30.x:53282|---W|-|0|0|4341471139021733375|-]: UpdateState(), ms since last received response=13394298535, ms since last received data=13394298535, rtt=6000, pings_since_last_response=
[103:144:0903/062435.540995:VERBOSE1:connection.cc(871)] Conn[1f26400:0:Net[any:0.0.0.x/0:Wildcard:id=0]:iOnU5k9N:1:0:stun:udp:13.251.82.x:54444->bf/fi9AV:1:1847591423:prflx:udp:13.251.82.x:46700|CR-W|-|0|0|7205793488053470206|-]: UpdateState(), ms since last received response=13394298535, ms since last received data=13394298535, rtt=6000, pings_since_last_response=
[103:144:0903/062435.541039:VERBOSE1:basic_ice_controller.cc(542)] Sorting 2 available connections
[103:144:0903/062435.541082:VERBOSE1:basic_ice_controller.cc(545)] Conn[1f26400:0:Net[any:0.0.0.x/0:Wildcard:id=0]:iOnU5k9N:1:0:stun:udp:13.251.82.x:54444->bf/fi9AV:1:1847591423:prflx:udp:13.251.82.x:46700|CR-W|-|0|0|7205793488053470206|-]
[103:144:0903/062435.541158:VERBOSE1:basic_ice_controller.cc(545)] Conn[1f27000:0:Net[any:0.0.0.x/0:Wildcard:id=0]:yp3Sqi6p:1:0:local:tcp:2a17da0c-851b-42b9-89d4-c6cd4d4fca29.local:9->80uWO1+J:1:1010827519:local:tcp:172.31.30.x:53282|---W|-|0|0|4341471139021733375|-]
[103:144:0903/062435.541216:VERBOSE1:p2p_transport_channel.cc(417)] Channel[0|1|R_]: Ice not completed yet for this channel as Net[any:0.0.0.x/0:Wildcard:id=0] has more than 1 connection.
[103:144:0903/062435.541282:VERBOSE1:connection.cc(871)] Conn[1f27000:0:Net[any:0.0.0.x/0:Wildcard:id=0]:yp3Sqi6p:1:0:local:tcp:2a17da0c-851b-42b9-89d4-c6cd4d4fca29.local:9->80uWO1+J:1:1010827519:local:tcp:172.31.30.x:53282|---W|-|0|0|4341471139021733375|-]: UpdateState(), ms since last received response=13394298536, ms since last received data=13394298536, rtt=6000, pings_since_last_response=
[103:144:0903/062435.541343:VERBOSE1:connection.cc(871)] Conn[1f26400:0:Net[any:0.0.0.x/0:Wildcard:id=0]:iOnU5k9N:1:0:stun:udp:13.251.82.x:54444->bf/fi9AV:1:1847591423:prflx:udp:13.251.82.x:46700|CR-W|-|0|0|7205793488053470206|-]: UpdateState(), ms since last received response=13394298536, ms since last received data=13394298536, rtt=6000, pings_since_last_response=
[103:144:0903/062435.541413:INFO:basic_ice_controller.cc(231)] Selecting connection for triggered check: Conn[1f26400:0:Net[any:0.0.0.x/0:Wildcard:id=0]:iOnU5k9N:1:0:stun:udp:13.251.82.x:54444->bf/fi9AV:1:1847591423:prflx:udp:13.251.82.x:46700|CR-W|-|0|0|7205793488053470206|-]
[103:144:0903/062435.541509:VERBOSE1:connection.cc(961)] Conn[1f26400:0:Net[any:0.0.0.x/0:Wildcard:id=0]:iOnU5k9N:1:0:stun:udp:13.251.82.x:54444->bf/fi9AV:1:1847591423:prflx:udp:13.251.82.x:46700|CR-W|-|0|0|7205793488053470206|-]: Sending STUN ping, id=4a444c4e4f43325730746438, nomination=0
[103:144:0903/062435.541601:INFO:connection.cc(1441)] Conn[1f26400:0:Net[any:0.0.0.x/0:Wildcard:id=0]:iOnU5k9N:1:0:stun:udp:13.251.82.x:54444->bf/fi9AV:1:1847591423:prflx:udp:13.251.82.x:46700|CR-W|-|0|0|7205793488053470206|-]: Sent STUN BINDING request, id=4a444c4e4f43325730746438, use_candidate=1, nomination=0
[103:144:0903/062435.543099:INFO:connection.cc(1353)] Conn[1f26400:0:Net[any:0.0.0.x/0:Wildcard:id=0]:iOnU5k9N:1:0:stun:udp:13.251.82.x:54444->bf/fi9AV:1:1847591423:prflx:udp:13.251.82.x:46700|CR-I|-|0|0|7205793488053470206|-]: Received STUN BINDING response, id=4a444c4e4f43325730746438, code=0, rtt=1, pings_since_last_response=4a444c4e4f43325730746438 
[103:144:0903/062435.543223:VERBOSE1:connection.cc(305)] Conn[1f26400:0:Net[any:0.0.0.x/0:Wildcard:id=0]:iOnU5k9N:1:0:stun:udp:13.251.82.x:54444->bf/fi9AV:1:1847591423:prflx:udp:13.251.82.x:46700|CRWI|-|0|0|7205793488053470206|-]: set_write_state from: 2 to 0
[103:144:0903/062435.543289:VERBOSE1:connection.cc(342)] Conn[1f26400:0:Net[any:0.0.0.x/0:Wildcard:id=0]:iOnU5k9N:1:0:stun:udp:13.251.82.x:54444->bf/fi9AV:1:1847591423:prflx:udp:13.251.82.x:46700|CRWS|-|0|0|7205793488053470206|-]: set_state
[103:144:0903/062435.543364:VERBOSE1:port.cc(542)] Port[f57c00:0:1:0:local:Net[any:0.0.0.x/0:Wildcard:id=0]]: Received STUN BINDING indication: from 13.251.82.x:46700
[103:144:0903/062435.543433:VERBOSE1:connection.cc(871)] Conn[1f27000:0:Net[any:0.0.0.x/0:Wildcard:id=0]:yp3Sqi6p:1:0:local:tcp:2a17da0c-851b-42b9-89d4-c6cd4d4fca29.local:9->80uWO1+J:1:1010827519:local:tcp:172.31.30.x:53282|---W|-|0|0|4341471139021733375|-]: UpdateState(), ms since last received response=13394298538, ms since last received data=13394298538, rtt=6000, pings_since_last_response=
[103:144:0903/062435.543488:VERBOSE1:connection.cc(871)] Conn[1f26400:0:Net[any:0.0.0.x/0:Wildcard:id=0]:iOnU5k9N:1:0:stun:udp:13.251.82.x:54444->bf/fi9AV:1:1847591423:prflx:udp:13.251.82.x:46700|CRWS|-|0|0|7205793488053470206|1]: UpdateState(), ms since last received response=0, ms since last received data=13394298538, rtt=100, pings_since_last_response=
[103:144:0903/062435.544144:VERBOSE1:basic_ice_controller.cc(542)] Sorting 2 available connections
[103:144:0903/062435.548948:VERBOSE1:basic_ice_controller.cc(545)] Conn[1f26400:0:Net[any:0.0.0.x/0:Wildcard:id=0]:iOnU5k9N:1:0:stun:udp:13.251.82.x:54444->bf/fi9AV:1:1847591423:prflx:udp:13.251.82.x:46700|CRWS|-|0|0|7205793488053470206|1]
[103:144:0903/062435.549149:VERBOSE1:basic_ice_controller.cc(545)] Conn[1f27000:0:Net[any:0.0.0.x/0:Wildcard:id=0]:yp3Sqi6p:1:0:local:tcp:2a17da0c-851b-42b9-89d4-c6cd4d4fca29.local:9->80uWO1+J:1:1010827519:local:tcp:172.31.30.x:53282|---W|-|0|0|4341471139021733375|-]
[103:144:0903/062435.549199:INFO:wrapping_active_ice_controller.cc(192)] Switching selected connection due to: candidate pair state changed
[103:144:0903/062435.549254:INFO:p2p_transport_channel.cc(1810)] Channel[0|1|R_]: New selected connection: Conn[1f26400:0:Net[any:0.0.0.x/0:Wildcard:id=0]:iOnU5k9N:1:0:stun:udp:13.251.82.x:54444->bf/fi9AV:1:1847591423:prflx:udp:13.251.82.x:46700|CRWS|S|0|0|7205793488053470206|1]
[103:144:0903/062435.549339:INFO:channel.cc(371)] Network route changed for {mid: 0, media_type: audio}
[103:145:0903/062435.549449:INFO:rtp_transport_controller_send.cc(280)] Network route changed on transport 0: new_route = [ connected: 1 local: [ 32/0 Wildcard turn: 0 ] remote: [ 1/0 Ethernet turn: 0 ] packet_overhead_bytes: 28 ]
[103:144:0903/062435.549552:INFO:channel.cc(371)] Network route changed for {mid: 1, media_type: video}
[103:144:0903/062435.549739:INFO:connection.cc(778)] Conn[1f27000:0:Net[any:0.0.0.x/0:Wildcard:id=0]:yp3Sqi6p:1:0:local:tcp:2a17da0c-851b-42b9-89d4-c6cd4d4fca29.local:9->80uWO1+J:1:1010827519:local:tcp:172.31.30.x:53282|---W|-|0|0|4341471139021733375|-]: Connection pruned
[103:144:0903/062435.549806:VERBOSE1:connection.cc(305)] Conn[1f27000:0:Net[any:0.0.0.x/0:Wildcard:id=0]:yp3Sqi6p:1:0:local:tcp:2a17da0c-851b-42b9-89d4-c6cd4d4fca29.local:9->80uWO1+J:1:1010827519:local:tcp:172.31.30.x:53282|--xW|-|0|0|4341471139021733375|-]: set_write_state from: 2 to 3
[103:144:0903/062435.549852:VERBOSE1:p2p_transport_channel.cc(2261)] Channel[0|1|R_]: Changed writable_ to 1
[103:144:0903/062435.549894:VERBOSE1:dtls_transport.cc(532)] DtlsTransport[0|1|__]: ice_transport writable state changed to 1
[103:144:0903/062435.549935:INFO:dtls_transport.cc(859)] DtlsTransport[0|1|__]: configuring DTLS handshake timeout 50 based on ICE RTT 1
[103:144:0903/062435.550066:INFO:dtls_transport.cc(761)] DtlsTransport[0|1|__]: DtlsTransport: Started DTLS handshake active=1
[103:144:0903/062435.550114:VERBOSE1:dtls_transport.cc(840)] DtlsTransport[0|1|__]: set_dtls_state from:0 to 1
[103:144:0903/062435.550167:INFO:srtp_transport.cc(360)] The params in SRTP transport are reset.
[103:144:0903/062435.550219:INFO:p2p_transport_channel.cc(1902)] Channel[0|1|RW]: Transport channel state changed from 1 to 2
[103:144:0903/062435.550259:INFO:jsep_transport_controller.cc(1225)] 0 Transport 1 state changed. Check if state is complete.
[103:144:0903/062435.550303:INFO:jsep_transport_controller.cc(1225)] 0 Transport 1 state changed. Check if state is complete.
[103:143:0903/062435.550371:INFO:peer_connection.cc(1973)] Changing standardized IceConnectionState 1 => 2
[103:144:0903/062435.550814:VERBOSE1:connection.cc(871)] Conn[1f27000:0:Net[any:0.0.0.x/0:Wildcard:id=0]:yp3Sqi6p:1:0:local:tcp:2a17da0c-851b-42b9-89d4-c6cd4d4fca29.local:9->80uWO1+J:1:1010827519:local:tcp:172.31.30.x:53282|--xW|-|0|0|4341471139021733375|-]: UpdateState(), ms since last received response=13394298545, ms since last received data=13394298545, rtt=6000, pings_since_last_response=
[103:144:0903/062435.550933:VERBOSE1:connection.cc(871)] Conn[1f26400:0:Net[any:0.0.0.x/0:Wildcard:id=0]:iOnU5k9N:1:0:stun:udp:13.251.82.x:54444->bf/fi9AV:1:1847591423:prflx:udp:13.251.82.x:46700|CRWS|S|0|0|7205793488053470206|1]: UpdateState(), ms since last received response=7, ms since last received data=0, rtt=100, pings_since_last_response=
[103:144:0903/062435.558653:VERBOSE1:basic_ice_controller.cc(542)] Sorting 2 available connections
[103:144:0903/062435.558782:VERBOSE1:basic_ice_controller.cc(545)] Conn[1f26400:0:Net[any:0.0.0.x/0:Wildcard:id=0]:iOnU5k9N:1:0:stun:udp:13.251.82.x:54444->bf/fi9AV:1:1847591423:prflx:udp:13.251.82.x:46700|CRWS|S|0|0|7205793488053470206|1]
[103:144:0903/062435.558846:VERBOSE1:basic_ice_controller.cc(545)] Conn[1f27000:0:Net[any:0.0.0.x/0:Wildcard:id=0]:yp3Sqi6p:1:0:local:tcp:2a17da0c-851b-42b9-89d4-c6cd4d4fca29.local:9->80uWO1+J:1:1010827519:local:tcp:172.31.30.x:53282|--xW|-|0|0|4341471139021733375|-]
[103:144:0903/062435.559570:INFO:dtls_transport.cc(688)] DtlsTransport[0|1|__]: DTLS handshake complete.
[103:144:0903/062435.559634:VERBOSE1:dtls_transport.cc(840)] DtlsTransport[0|1|__]: set_dtls_state from:1 to 2
[103:144:0903/062435.559783:VERBOSE1:dtls_transport.cc(824)] DtlsTransport[0|1|__]: set_writable to: 1
[103:144:0903/062435.559849:VERBOSE1:webrtc_voice_engine.cc(2305)] OnReadyToSend: Ready.
[103:145:0903/062435.559912:INFO:call.cc(1220)] UpdateAggregateNetworkState: aggregate_state change to up
[103:145:0903/062435.559958:VERBOSE1:rtp_transport_controller_send.cc(332)] SignalNetworkState Up
[103:145:0903/062435.559997:INFO:pacing_controller.cc(116)] PacedSender resumed.
[103:145:0903/062435.560038:INFO:rtp_transport_controller_send.cc(607)] Creating fallback congestion controller
[103:145:0903/062435.562652:INFO:alr_experiment.cc(80)] Using ALR experiment settings: pacing factor: 1, max pacer queue length: 2875, ALR bandwidth usage percent: 80, ALR start budget level percent: 40, ALR end budget level percent: -60, ALR experiment group ID: 3
[103:145:0903/062435.562736:INFO:trendline_estimator.cc(184)] Using Trendline filter for delay change estimation with settings sort:false,cap:false,beginning_packets:7,end_packets:7,cap_uncertainty:0,window_size:20 and no network state predictor
[103:145:0903/062435.562810:INFO:trendline_estimator.cc(184)] Using Trendline filter for delay change estimation with settings sort:false,cap:false,beginning_packets:7,end_packets:7,cap_uncertainty:0,window_size:20 and no network state predictor
[103:145:0903/062435.562869:INFO:aimd_rate_control.cc(97)] Using aimd rate control with back off factor 0.85
[103:145:0903/062435.562924:INFO:delay_based_bwe.cc(84)] Initialized DelayBasedBwe with separate audio overuse detectionenabled:false,packet_threshold:10,time_threshold:1 s
[103:145:0903/062435.562987:INFO:delay_based_bwe.cc(291)] BWE Setting start bitrate to: 300 kbps
[103:145:0903/062435.563063:INFO:probe_controller.cc(300)] Measured bitrate: 300 kbps Minimum to probe further: 1260 kbps upper limit: +inf bps
[103:145:0903/062435.563114:VERBOSE1:goog_cc_network_control.cc(702)] bwe 13394298558 pushback_target_bps=300000 estimate_bps=300000
[103:145:0903/062435.563165:VERBOSE1:pacing_controller.cc(184)] bwe:pacer_updated pacing_kbps=750 padding_budget_kbps=0
[103:145:0903/062435.563233:INFO:bitrate_prober.cc(111)] Probe cluster (bitrate_bps:min bytes:min packets): (900000:1688:5, Inactive)
[103:145:0903/062435.563284:INFO:bitrate_prober.cc(111)] Probe cluster (bitrate_bps:min bytes:min packets): (1800000:3375:5, Inactive)
[103:145:0903/062435.563335:INFO:bitrate_allocator.cc(393)] Current BWE 300000
[103:144:0903/062435.563419:VERBOSE1:webrtc_video_engine.cc(1910)] OnReadyToSend: Ready.
[103:145:0903/062435.563498:VERBOSE1:call.cc(1224)] UpdateAggregateNetworkState: aggregate_state remains at up
[103:145:0903/062435.563548:VERBOSE1:rtp_transport_controller_send.cc(332)] SignalNetworkState Up
[103:144:0903/062435.563611:INFO:jsep_transport_controller.cc(1163)]  Transport 0 writability changed to 1.
[103:143:0903/062435.563700:INFO:peer_connection.cc(2419)] Changing to ICE completed state because all transports are complete.
[103:143:0903/062435.563755:INFO:peer_connection.cc(1954)] Changing IceConnectionState 1 => 2
[103:143:0903/062435.563805:INFO:peer_connection.cc(1954)] Changing IceConnectionState 2 => 3
[103:143:0903/062435.563882:INFO:peer_connection.cc(1973)] Changing standardized IceConnectionState 2 => 3
[103:144:0903/062435.563942:INFO:dtls_srtp_transport.cc(219)] Extracting keys from transport: 0
[103:144:0903/062435.580947:INFO:srtp_transport.cc(305)] SRTP activated with negotiated parameters: send cipher_suite 1 recv cipher_suite 1
[103:144:0903/062435.581219:INFO:channel.cc(584)] Channel writable ({mid: 0, media_type: audio}) for the first time
[103:145:0903/062435.581331:INFO:channel.cc(923)] Changing voice state, recv=1 send=0 for {mid: 0, media_type: audio}
[103:144:0903/062435.581403:INFO:channel.cc(584)] Channel writable ({mid: 1, media_type: video}) for the first time
[103:145:0903/062435.581480:VERBOSE1:webrtc_video_engine.cc(1298)] SetSend: false
[103:145:0903/062435.581534:INFO:channel.cc(1082)] Changing video state, send=0 for {mid: 1, media_type: video}
[103:144:0903/062435.609263:VERBOSE1:connection.cc(871)] Conn[1f27000:0:Net[any:0.0.0.x/0:Wildcard:id=0]:yp3Sqi6p:1:0:local:tcp:2a17da0c-851b-42b9-89d4-c6cd4d4fca29.local:9->80uWO1+J:1:1010827519:local:tcp:172.31.30.x:53282|--xW|-|0|0|4341471139021733375|-]: UpdateState(), ms since last received response=13394298604, ms since last received data=13394298604, rtt=6000, pings_since_last_response=
[103:144:0903/062435.609570:VERBOSE1:connection.cc(871)] Conn[1f26400:0:Net[any:0.0.0.x/0:Wildcard:id=0]:iOnU5k9N:1:0:stun:udp:13.251.82.x:54444->bf/fi9AV:1:1847591423:prflx:udp:13.251.82.x:46700|CRWS|S|0|0|7205793488053470206|1]: UpdateState(), ms since last received response=66, ms since last received data=13, rtt=100, pings_since_last_response=
[103:144:0903/062435.609693:VERBOSE1:connection.cc(961)] Conn[1f26400:0:Net[any:0.0.0.x/0:Wildcard:id=0]:iOnU5k9N:1:0:stun:udp:13.251.82.x:54444->bf/fi9AV:1:1847591423:prflx:udp:13.251.82.x:46700|CRWS|S|0|0|7205793488053470206|1]: Sending STUN ping, id=774b344f46504a7761304d6f, nomination=0
[50:74:0903/062435.609813:VERBOSE1:media_stream_manager.cc(1582)] RFAOSF::AuthorizationCompleted({status=OK}, {params=format: PCM_LOW_LATENCY, channel_layout: 3, channels: 2, sample_rate: 44100, frames_per_buffer: 512, effects: 0, mic_positions: }, {device_id=default}) [process_id=5, frame_id=1]
[103:144:0903/062435.609797:VERBOSE1:connection.cc(1441)] Conn[1f26400:0:Net[any:0.0.0.x/0:Wildcard:id=0]:iOnU5k9N:1:0:stun:udp:13.251.82.x:54444->bf/fi9AV:1:1847591423:prflx:udp:13.251.82.x:46700|CRWS|S|0|0|7205793488053470206|1]: Sent STUN BINDING request, id=774b344f46504a7761304d6f, use_candidate=1, nomination=0
[50:74:0903/062435.609839:VERBOSE1:media_stream_manager.cc(1582)] RFAOSF::AuthorizationCompleted => (authorization time=140 ms) [process_id=5, frame_id=1]
[103:103:0903/062435.611866:VERBOSE1:webrtc_logging.cc(35)] WRAR::Initialize => (sink device_status=OK) [label=9d0a3beb-d1e5-4f8c-81d9-e36acb17ed2d]
[103:103:0903/062435.612286:VERBOSE1:webrtc_logging.cc(35)] WRAR::PrepareSink() [label=9d0a3beb-d1e5-4f8c-81d9-e36acb17ed2d]
[103:103:0903/062435.612465:VERBOSE1:webrtc_logging.cc(35)] WRAR::PrepareSink => (hardware parameters=[format: PCM_LOW_LATENCY, channel_layout: 3, channels: 2, sample_rate: 44100, frames_per_buffer: 512, effects: 0, mic_positions: ]) [label=9d0a3beb-d1e5-4f8c-81d9-e36acb17ed2d]
[103:103:0903/062435.612532:VERBOSE1:webrtc_logging.cc(35)] WRAR::PrepareSink => (source_frames_per_buffer=441) [label=9d0a3beb-d1e5-4f8c-81d9-e36acb17ed2d]
[103:103:0903/062435.612592:VERBOSE1:webrtc_logging.cc(35)] WRAR::PrepareSink => (sink_params=[format: PCM_LOW_LATENCY, channel_layout: 3, channels: 2, sample_rate: 44100, frames_per_buffer: 441, effects: 0, mic_positions: ]) [label=9d0a3beb-d1e5-4f8c-81d9-e36acb17ed2d]
[103:103:0903/062435.612657:VERBOSE1:webrtc_logging.cc(35)] WRADI::SetOutputDeviceForAec({output_device_id=})
[103:103:0903/062435.612756:VERBOSE1:webrtc_logging.cc(35)] WRAR::UpdateSourceVolume => (source volume changed to 0.00) [label=9d0a3beb-d1e5-4f8c-81d9-e36acb17ed2d]
[103:143:0903/062435.613393:INFO:remote_audio_source.cc(118)] RAS::SetVolume({volume=0.00})
[103:145:0903/062435.613736:INFO:webrtc_voice_engine.cc(2037)] WRVMC::SetOutputVolume({ssrc=2699730991}, {volume=0.00})
[103:145:0903/062435.613813:INFO:webrtc_voice_engine.cc(2047)] WRVMC::SetOutputVolume => (stream with SSRC 2699730991 now uses volume 0.00)
[103:103:0903/062435.613359:VERBOSE1:webrtc_logging.cc(35)] WRAR::Start([state=PAUSED]) [label=9d0a3beb-d1e5-4f8c-81d9-e36acb17ed2d]
[103:103:0903/062435.613969:VERBOSE1:webrtc_logging.cc(35)] WMPMS::Load => (audio_track_id=75c4cd0a-3df9-40a8-a73a-d91fdd0784c6) [delegate_id=1]
[103:144:0903/062435.615864:VERBOSE1:connection.cc(1353)] Conn[1f26400:0:Net[any:0.0.0.x/0:Wildcard:id=0]:iOnU5k9N:1:0:stun:udp:13.251.82.x:54444->bf/fi9AV:1:1847591423:prflx:udp:13.251.82.x:46700|CRWI|S|0|0|7205793488053470206|1]: Received STUN BINDING response, id=774b344f46504a7761304d6f, code=0, rtt=6, pings_since_last_response=774b344f46504a7761304d6f 
[103:103:0903/062435.616232:VERBOSE1:webrtc_logging.cc(35)] WMPMS::Load => (video_track_id=18dfbee3-1c47-46ce-9ebc-18a0d9acc6bf) [delegate_id=1]
[50:74:0903/062435.616841:VERBOSE1:media_stream_manager.cc(1582)] AMB::MakeAudioOutputStream({device_id=}, {params=[format: PCM_LOW_LATENCY, channel_layout: 3, channels: 2, sample_rate: 44100, frames_per_buffer: 512, effects: 0, mic_positions: ]})
[50:74:0903/062435.616866:VERBOSE1:media_stream_manager.cc(1582)] PAOS::PulseAudioOutputStream({device_id=default}, {params=[format: PCM_LOW_LATENCY, channel_layout: 3, channels: 2, sample_rate: 44100, frames_per_buffer: 512, effects: 0, mic_positions: ]}) [this=0x2fac002adea0]
[50:74:0903/062435.616879:VERBOSE1:media_stream_manager.cc(1582)] AMB::MakeAudioOutputStream => (number of streams=1)
[50:74:0903/062435.616891:VERBOSE1:media_stream_manager.cc(1582)] PAOS::Open() [this=0x2fac002adea0]
[103:144:0903/062435.616179:VERBOSE1:connection.cc(342)] Conn[1f26400:0:Net[any:0.0.0.x/0:Wildcard:id=0]:iOnU5k9N:1:0:stun:udp:13.251.82.x:54444->bf/fi9AV:1:1847591423:prflx:udp:13.251.82.x:46700|CRWS|S|0|0|7205793488053470206|1]: set_state
[103:144:0903/062435.626481:WARNING:jsep_transport_controller.cc(294)] Not adding candidate because the JsepTransport doesn't exist. Ignore it.
[88:138:0903/062435.628378:VERBOSE1:socket_tcp.cc(164)] Local address: 172.31.30.70:48036
[88:138:0903/062435.628409:VERBOSE1:socket_tcp.cc(179)] Remote address: 172.31.30.70:53282
[50:50:0903/062435.631875:INFO:CONSOLE(1)] "IceConnectionState of RTCPeerConnection 28c5b1e0-414a-4c09-a711-00dec80191cf (str_CAM_KpIj_con_HU6AWS99mn) change to "checking"", source: https://rdqa-video.qbiai.com/dashboard/main.faff32d6c38f32ae.js (1)
[103:144:0903/062435.633213:WARNING:tcp_port.cc(477)] Socket is bound to the address:172.31.30.x, rather than an address associated with network:Net[any:0.0.0.x/0:Wildcard:id=0]. Still allowing it since it's the 'any' address, possibly caused by multiple_routes being disabled.
[50:74:0903/062435.634133:VERBOSE1:media_stream_manager.cc(1582)] audio::OS::Ctor({audio_manager_name=PulseAudio}, {device_id=default}, {params=[format: PCM_LOW_LATENCY, channel_layout: 3, channels: 2, sample_rate: 44100, frames_per_buffer: 441, effects: 0, mic_positions: ]}) [controller=0x2FAC0022F988]
[50:74:0903/062435.634192:VERBOSE1:media_stream_manager.cc(1582)] AOC::CreateStream([state=empty]) [this=0x2FAC0022F988]
[50:74:0903/062435.634208:VERBOSE1:media_stream_manager.cc(1582)] AOC::RecreateStream({reason = INITIAL_STREAM}, {params = [format: PCM_LOW_LATENCY, channel_layout: 3, channels: 2, sample_rate: 44100, frames_per_buffer: 441, effects: 0, mic_positions: ]}, [state = empty]) [this=0x2FAC0022F988]
[50:74:0903/062435.634220:VERBOSE1:media_stream_manager.cc(1582)] AOC::CreateStream => (state=created) [this=0x2FAC0022F988]
[50:74:0903/062435.634230:VERBOSE1:media_stream_manager.cc(1582)] audio::OS::CreateAudioPipe() [controller=0x2FAC0022F988]
[103:144:0903/062435.633423:VERBOSE1:connection.cc(351)] Conn[1f27000:0:Net[any:0.0.0.x/0:Wildcard:id=0]:yp3Sqi6p:1:0:local:tcp:2a17da0c-851b-42b9-89d4-c6cd4d4fca29.local:9->80uWO1+J:1:1010827519:local:tcp:172.31.30.x:53282|C-xW|-|0|0|4341471139021733375|-]: Change connected_ to 1
[103:144:0903/062435.641775:VERBOSE1:connection.cc(871)] Conn[1f27000:0:Net[any:0.0.0.x/0:Wildcard:id=0]:yp3Sqi6p:1:0:local:tcp:2a17da0c-851b-42b9-89d4-c6cd4d4fca29.local:9->80uWO1+J:1:1010827519:local:tcp:172.31.30.x:53282|C-xW|-|0|0|4341471139021733375|-]: UpdateState(), ms since last received response=13394298636, ms since last received data=13394298636, rtt=6000, pings_since_last_response=
[103:144:0903/062435.642156:VERBOSE1:connection.cc(871)] Conn[1f26400:0:Net[any:0.0.0.x/0:Wildcard:id=0]:iOnU5k9N:1:0:stun:udp:13.251.82.x:54444->bf/fi9AV:1:1847591423:prflx:udp:13.251.82.x:46700|CRWS|S|0|0|7205793488053470206|2]: UpdateState(), ms since last received response=25, ms since last received data=0, rtt=100, pings_since_last_response=
[50:74:0903/062435.642438:VERBOSE1:media_stream_manager.cc(1582)] PAOS::Start() [this=0x2fac002adea0]
[103:144:0903/062435.642355:VERBOSE1:basic_ice_controller.cc(542)] Sorting 2 available connections
[103:144:0903/062435.642531:VERBOSE1:basic_ice_controller.cc(545)] Conn[1f26400:0:Net[any:0.0.0.x/0:Wildcard:id=0]:iOnU5k9N:1:0:stun:udp:13.251.82.x:54444->bf/fi9AV:1:1847591423:prflx:udp:13.251.82.x:46700|CRWS|S|0|0|7205793488053470206|2]
[50:74:0903/062435.642608:VERBOSE1:media_stream_manager.cc(1582)] audio::OS::Play() [controller=0x2FAC0022F988]
[50:74:0903/062435.642625:VERBOSE1:media_stream_manager.cc(1582)] AOC::Play([state=created]) [this=0x2FAC0022F988]
[50:74:0903/062435.642637:VERBOSE1:media_stream_manager.cc(1582)] AOC::StartStream => (state=playing) [this=0x2FAC0022F988]
[103:144:0903/062435.642619:VERBOSE1:basic_ice_controller.cc(545)] Conn[1f27000:0:Net[any:0.0.0.x/0:Wildcard:id=0]:yp3Sqi6p:1:0:local:tcp:2a17da0c-851b-42b9-89d4-c6cd4d4fca29.local:9->80uWO1+J:1:1010827519:local:tcp:172.31.30.x:53282|C-xW|-|0|0|4341471139021733375|-]
[50:50:0903/062435.643170:INFO:CONSOLE(1)] "IceConnectionState of RTCPeerConnection 28c5b1e0-414a-4c09-a711-00dec80191cf (str_CAM_KpIj_con_HU6AWS99mn) change to "connected"", source: https://rdqa-video.qbiai.com/dashboard/main.faff32d6c38f32ae.js (1)
[103:144:0903/062435.644222:WARNING:jsep_transport_controller.cc(294)] Not adding candidate because the JsepTransport doesn't exist. Ignore it.
[103:144:0903/062435.649906:INFO:connection.cc(243)] Conn[1f28800:0:Net[any:0.0.0.x/0:Wildcard:id=0]:XhrZDDoj:1:0:relay:udp:192.168.160.x:61798->RymAdc+Q:1:2015363327:local:udp:172.31.30.x:48717|C--W|-|0|0|144150372183704062|-]: Connection created
[103:144:0903/062435.650233:INFO:turn_port.cc(1613)] Port[1ead400:0:1:0:relay:Net[any:0.0.0.x/0:Wildcard:id=0]]: TURN create permission request sent, id=4f67686673334d7a5259642f
[103:144:0903/062435.650495:INFO:p2p_transport_channel.cc(1451)] Channel[0|1|RW]: Created connection with origin: 2, total: 3
[103:144:0903/062435.653315:INFO:connection.cc(243)] Conn[1f27c00:0:Net[any:0.0.0.x/0:Wildcard:id=0]:iOnU5k9N:1:0:stun:udp:13.251.82.x:54444->RymAdc+Q:1:2015363327:local:udp:172.31.30.x:48717|C--W|-|0|0|7205793488389014014|-]: Connection created
[103:144:0903/062435.653472:INFO:p2p_transport_channel.cc(1451)] Channel[0|1|RW]: Created connection with origin: 2, total: 4
[103:144:0903/062435.653541:VERBOSE1:connection.cc(871)] Conn[1f27000:0:Net[any:0.0.0.x/0:Wildcard:id=0]:yp3Sqi6p:1:0:local:tcp:2a17da0c-851b-42b9-89d4-c6cd4d4fca29.local:9->80uWO1+J:1:1010827519:local:tcp:172.31.30.x:53282|C-xW|-|0|0|4341471139021733375|-]: UpdateState(), ms since last received response=13394298648, ms since last received data=13394298648, rtt=6000, pings_since_last_response=
[103:144:0903/062435.653594:VERBOSE1:connection.cc(871)] Conn[1f26400:0:Net[any:0.0.0.x/0:Wildcard:id=0]:iOnU5k9N:1:0:stun:udp:13.251.82.x:54444->bf/fi9AV:1:1847591423:prflx:udp:13.251.82.x:46700|CRWS|S|0|0|7205793488053470206|2]: UpdateState(), ms since last received response=37, ms since last received data=12, rtt=100, pings_since_last_response=
[103:144:0903/062435.653645:VERBOSE1:connection.cc(871)] Conn[1f28800:0:Net[any:0.0.0.x/0:Wildcard:id=0]:XhrZDDoj:1:0:relay:udp:192.168.160.x:61798->RymAdc+Q:1:2015363327:local:udp:172.31.30.x:48717|C--W|-|0|0|144150372183704062|-]: UpdateState(), ms since last received response=13394298648, ms since last received data=13394298648, rtt=6000, pings_since_last_response=
[103:144:0903/062435.653693:VERBOSE1:connection.cc(871)] Conn[1f27c00:0:Net[any:0.0.0.x/0:Wildcard:id=0]:iOnU5k9N:1:0:stun:udp:13.251.82.x:54444->RymAdc+Q:1:2015363327:local:udp:172.31.30.x:48717|C--W|-|0|0|7205793488389014014|-]: UpdateState(), ms since last received response=13394298648, ms since last received data=13394298648, rtt=6000, pings_since_last_response=
[103:144:0903/062435.653738:VERBOSE1:basic_ice_controller.cc(542)] Sorting 4 available connections
[103:144:0903/062435.653787:VERBOSE1:basic_ice_controller.cc(545)] Conn[1f26400:0:Net[any:0.0.0.x/0:Wildcard:id=0]:iOnU5k9N:1:0:stun:udp:13.251.82.x:54444->bf/fi9AV:1:1847591423:prflx:udp:13.251.82.x:46700|CRWS|S|0|0|7205793488053470206|2]
[103:144:0903/062435.653836:VERBOSE1:basic_ice_controller.cc(545)] Conn[1f27c00:0:Net[any:0.0.0.x/0:Wildcard:id=0]:iOnU5k9N:1:0:stun:udp:13.251.82.x:54444->RymAdc+Q:1:2015363327:local:udp:172.31.30.x:48717|C--W|-|0|0|7205793488389014014|-]
[103:144:0903/062435.653884:VERBOSE1:basic_ice_controller.cc(545)] Conn[1f28800:0:Net[any:0.0.0.x/0:Wildcard:id=0]:XhrZDDoj:1:0:relay:udp:192.168.160.x:61798->RymAdc+Q:1:2015363327:local:udp:172.31.30.x:48717|C--W|-|0|0|144150372183704062|-]
[103:144:0903/062435.653933:VERBOSE1:basic_ice_controller.cc(545)] Conn[1f27000:0:Net[any:0.0.0.x/0:Wildcard:id=0]:yp3Sqi6p:1:0:local:tcp:2a17da0c-851b-42b9-89d4-c6cd4d4fca29.local:9->80uWO1+J:1:1010827519:local:tcp:172.31.30.x:53282|C-xW|-|0|0|4341471139021733375|-]
[103:144:0903/062435.653984:INFO:connection.cc(778)] Conn[1f28800:0:Net[any:0.0.0.x/0:Wildcard:id=0]:XhrZDDoj:1:0:relay:udp:192.168.160.x:61798->RymAdc+Q:1:2015363327:local:udp:172.31.30.x:48717|C--W|-|0|0|144150372183704062|-]: Connection pruned
[103:144:0903/062435.654032:VERBOSE1:connection.cc(305)] Conn[1f28800:0:Net[any:0.0.0.x/0:Wildcard:id=0]:XhrZDDoj:1:0:relay:udp:192.168.160.x:61798->RymAdc+Q:1:2015363327:local:udp:172.31.30.x:48717|C-xW|-|0|0|144150372183704062|-]: set_write_state from: 2 to 3
[103:144:0903/062435.654093:VERBOSE1:p2p_transport_channel.cc(417)] Channel[0|1|RW]: Ice not completed yet for this channel as Net[any:0.0.0.x/0:Wildcard:id=0] has more than 1 connection.
[103:144:0903/062435.654136:INFO:p2p_transport_channel.cc(1902)] Channel[0|1|RW]: Transport channel state changed from 2 to 1
[103:144:0903/062435.654178:INFO:jsep_transport_controller.cc(1225)] 0 Transport 1 state changed. Check if state is complete.
[103:143:0903/062435.654333:INFO:peer_connection.cc(2399)] Changing to ICE connected state because all transports are writable.
[103:143:0903/062435.654401:INFO:peer_connection.cc(1954)] Changing IceConnectionState 3 => 2
[103:143:0903/062435.654448:INFO:peer_connection.cc(1973)] Changing standardized IceConnectionState 3 => 2
[103:157:0903/062435.654695:VERBOSE1:webrtc_logging.cc(35)] MSAS::SetFormat({params=[format: PCM_LOW_LATENCY, channel_layout: 2, channels: 1, sample_rate: 48000, frames_per_buffer: 480, effects: 0, mic_positions: ]}, {old_params=[format: PCM_LINEAR, channel_layout: 0, channels: 0, sample_rate: 0, frames_per_buffer: 0, effects: 0, mic_positions: ]}) [this=0x1CC80097E900]
[103:144:0903/062435.654287:VERBOSE1:connection.cc(871)] Conn[1f27000:0:Net[any:0.0.0.x/0:Wildcard:id=0]:yp3Sqi6p:1:0:local:tcp:2a17da0c-851b-42b9-89d4-c6cd4d4fca29.local:9->80uWO1+J:1:1010827519:local:tcp:172.31.30.x:53282|C-xW|-|0|0|4341471139021733375|-]: UpdateState(), ms since last received response=13394298649, ms since last received data=13394298649, rtt=6000, pings_since_last_response=
[103:157:0903/062435.661805:VERBOSE1:webrtc_logging.cc(35)] MSAD::OnSetFormat({params=[format: PCM_LOW_LATENCY, channel_layout: 2, channels: 1, sample_rate: 48000, frames_per_buffer: 480, effects: 0, mic_positions: ]}) [this=0x1CC80097EA20]
[103:157:0903/062435.664657:VERBOSE1:webrtc_logging.cc(35)] MSAT::OnSetFormat({params: [format: PCM_LOW_LATENCY, channel_layout: 2, channels: 1, sample_rate: 48000, frames_per_buffer: 480, effects: 0, mic_positions: ]}) [this=0x1CC801628100]
[103:157:0903/062435.664723:VERBOSE1:webrtc_logging.cc(35)] MSAD::OnSetFormat({params=[format: PCM_LOW_LATENCY, channel_layout: 2, channels: 1, sample_rate: 48000, frames_per_buffer: 480, effects: 0, mic_positions: ]}) [this=0x1CC801628118]
[103:157:0903/062435.664773:VERBOSE1:webrtc_logging.cc(35)] MSAD::OnData => (number of active consumers=1) [this=0x1CC80097EA20]
[103:157:0903/062435.664818:VERBOSE1:webrtc_logging.cc(35)] MSAT::OnData() => (audio track is alive)) [this=0x1CC801628100]
[103:144:0903/062435.662279:VERBOSE1:connection.cc(871)] Conn[1f26400:0:Net[any:0.0.0.x/0:Wildcard:id=0]:iOnU5k9N:1:0:stun:udp:13.251.82.x:54444->bf/fi9AV:1:1847591423:prflx:udp:13.251.82.x:46700|CRWS|S|0|0|7205793488053470206|2]: UpdateState(), ms since last received response=38, ms since last received data=13, rtt=100, pings_since_last_response=
[103:144:0903/062435.665152:VERBOSE1:connection.cc(871)] Conn[1f28800:0:Net[any:0.0.0.x/0:Wildcard:id=0]:XhrZDDoj:1:0:relay:udp:192.168.160.x:61798->RymAdc+Q:1:2015363327:local:udp:172.31.30.x:48717|C-xW|-|0|0|144150372183704062|-]: UpdateState(), ms since last received response=13394298649, ms since last received data=13394298649, rtt=6000, pings_since_last_response=
[103:144:0903/062435.669461:VERBOSE1:connection.cc(871)] Conn[1f27c00:0:Net[any:0.0.0.x/0:Wildcard:id=0]:iOnU5k9N:1:0:stun:udp:13.251.82.x:54444->RymAdc+Q:1:2015363327:local:udp:172.31.30.x:48717|C--W|-|0|0|7205793488389014014|-]: UpdateState(), ms since last received response=13394298649, ms since last received data=13394298649, rtt=6000, pings_since_last_response=
[103:144:0903/062435.670134:VERBOSE1:basic_ice_controller.cc(542)] Sorting 4 available connections
[103:144:0903/062435.670306:VERBOSE1:basic_ice_controller.cc(545)] Conn[1f26400:0:Net[any:0.0.0.x/0:Wildcard:id=0]:iOnU5k9N:1:0:stun:udp:13.251.82.x:54444->bf/fi9AV:1:1847591423:prflx:udp:13.251.82.x:46700|CRWS|S|0|0|7205793488053470206|2]
[103:144:0903/062435.673443:VERBOSE1:basic_ice_controller.cc(545)] Conn[1f27c00:0:Net[any:0.0.0.x/0:Wildcard:id=0]:iOnU5k9N:1:0:stun:udp:13.251.82.x:54444->RymAdc+Q:1:2015363327:local:udp:172.31.30.x:48717|C--W|-|0|0|7205793488389014014|-]
[103:144:0903/062435.674108:VERBOSE1:basic_ice_controller.cc(545)] Conn[1f27000:0:Net[any:0.0.0.x/0:Wildcard:id=0]:yp3Sqi6p:1:0:local:tcp:2a17da0c-851b-42b9-89d4-c6cd4d4fca29.local:9->80uWO1+J:1:1010827519:local:tcp:172.31.30.x:53282|C-xW|-|0|0|4341471139021733375|-]
[103:144:0903/062435.674859:VERBOSE1:basic_ice_controller.cc(545)] Conn[1f28800:0:Net[any:0.0.0.x/0:Wildcard:id=0]:XhrZDDoj:1:0:relay:udp:192.168.160.x:61798->RymAdc+Q:1:2015363327:local:udp:172.31.30.x:48717|C-xW|-|0|0|144150372183704062|-]
[103:144:0903/062435.677350:VERBOSE1:p2p_transport_channel.cc(417)] Channel[0|1|RW]: Ice not completed yet for this channel as Net[any:0.0.0.x/0:Wildcard:id=0] has more than 1 connection.
[103:144:0903/062435.677993:INFO:turn_port.cc(1620)] Port[1ead400:0:1:0:relay:Net[any:0.0.0.x/0:Wildcard:id=0]]: TURN permission requested successfully, id=4f67686673334d7a5259642f, code=0, rtt=27
[103:144:0903/062435.678646:INFO:turn_port.cc(1808)] Port[1ead400:0:1:0:relay:Net[any:0.0.0.x/0:Wildcard:id=0]]: Create permission for 172.31.30.x:48717 succeeded
[103:144:0903/062435.679261:INFO:turn_port.cc(1822)] Port[1ead400:0:1:0:relay:Net[any:0.0.0.x/0:Wildcard:id=0]]: Scheduled create-permission-request in 240000ms.
[103:144:0903/062435.688037:WARNING:jsep_transport_controller.cc(294)] Not adding candidate because the JsepTransport doesn't exist. Ignore it.
[103:144:0903/062435.692564:WARNING:jsep_transport_controller.cc(294)] Not adding candidate because the JsepTransport doesn't exist. Ignore it.
[103:144:0903/062435.693391:INFO:connection.cc(243)] Conn[1f2a000:0:Net[any:0.0.0.x/0:Wildcard:id=0]:XhrZDDoj:1:0:relay:udp:192.168.160.x:61798->pAnvqXqS:1:2015363583:local:udp:192.168.160.x:46700|C--W|-|0|0|144150372183704574|-]: Connection created
[103:144:0903/062435.694744:INFO:turn_port.cc(1613)] Port[1ead400:0:1:0:relay:Net[any:0.0.0.x/0:Wildcard:id=0]]: TURN create permission request sent, id=30536d334269554e684c4237
[103:144:0903/062435.695880:INFO:p2p_transport_channel.cc(1451)] Channel[0|1|RW]: Created connection with origin: 2, total: 5
[103:144:0903/062435.701370:INFO:connection.cc(243)] Conn[1f29400:0:Net[any:0.0.0.x/0:Wildcard:id=0]:iOnU5k9N:1:0:stun:udp:13.251.82.x:54444->pAnvqXqS:1:2015363583:local:udp:192.168.160.x:46700|C--W|-|0|0|7205793488389014526|-]: Connection created
[103:144:0903/062435.702102:INFO:p2p_transport_channel.cc(1451)] Channel[0|1|RW]: Created connection with origin: 2, total: 6
[103:144:0903/062435.702251:VERBOSE1:connection.cc(871)] Conn[1f27000:0:Net[any:0.0.0.x/0:Wildcard:id=0]:yp3Sqi6p:1:0:local:tcp:2a17da0c-851b-42b9-89d4-c6cd4d4fca29.local:9->80uWO1+J:1:1010827519:local:tcp:172.31.30.x:53282|C-xW|-|0|0|4341471139021733375|-]: UpdateState(), ms since last received response=13394298697, ms since last received data=13394298697, rtt=6000, pings_since_last_response=
[103:144:0903/062435.703343:VERBOSE1:connection.cc(871)] Conn[1f26400:0:Net[any:0.0.0.x/0:Wildcard:id=0]:iOnU5k9N:1:0:stun:udp:13.251.82.x:54444->bf/fi9AV:1:1847591423:prflx:udp:13.251.82.x:46700|CRWS|S|0|0|7205793488053470206|2]: UpdateState(), ms since last received response=86, ms since last received data=17, rtt=100, pings_since_last_response=
[103:144:0903/062435.704814:VERBOSE1:connection.cc(871)] Conn[1f28800:0:Net[any:0.0.0.x/0:Wildcard:id=0]:XhrZDDoj:1:0:relay:udp:192.168.160.x:61798->RymAdc+Q:1:2015363327:local:udp:172.31.30.x:48717|C-xW|-|0|0|144150372183704062|-]: UpdateState(), ms since last received response=13394298697, ms since last received data=13394298697, rtt=6000, pings_since_last_response=
[103:144:0903/062435.708686:VERBOSE1:connection.cc(871)] Conn[1f27c00:0:Net[any:0.0.0.x/0:Wildcard:id=0]:iOnU5k9N:1:0:stun:udp:13.251.82.x:54444->RymAdc+Q:1:2015363327:local:udp:172.31.30.x:48717|C--W|-|0|0|7205793488389014014|-]: UpdateState(), ms since last received response=13394298697, ms since last received data=13394298697, rtt=6000, pings_since_last_response=
[103:144:0903/062435.709435:VERBOSE1:connection.cc(871)] Conn[1f2a000:0:Net[any:0.0.0.x/0:Wildcard:id=0]:XhrZDDoj:1:0:relay:udp:192.168.160.x:61798->pAnvqXqS:1:2015363583:local:udp:192.168.160.x:46700|C--W|-|0|0|144150372183704574|-]: UpdateState(), ms since last received response=13394298697, ms since last received data=13394298697, rtt=6000, pings_since_last_response=
[103:144:0903/062435.709554:VERBOSE1:connection.cc(871)] Conn[1f29400:0:Net[any:0.0.0.x/0:Wildcard:id=0]:iOnU5k9N:1:0:stun:udp:13.251.82.x:54444->pAnvqXqS:1:2015363583:local:udp:192.168.160.x:46700|C--W|-|0|0|7205793488389014526|-]: UpdateState(), ms since last received response=13394298697, ms since last received data=13394298697, rtt=6000, pings_since_last_response=
[103:144:0903/062435.710260:VERBOSE1:basic_ice_controller.cc(542)] Sorting 6 available connections
[103:144:0903/062435.710343:VERBOSE1:basic_ice_controller.cc(545)] Conn[1f26400:0:Net[any:0.0.0.x/0:Wildcard:id=0]:iOnU5k9N:1:0:stun:udp:13.251.82.x:54444->bf/fi9AV:1:1847591423:prflx:udp:13.251.82.x:46700|CRWS|S|0|0|7205793488053470206|2]
[103:144:0903/062435.710951:VERBOSE1:basic_ice_controller.cc(545)] Conn[1f29400:0:Net[any:0.0.0.x/0:Wildcard:id=0]:iOnU5k9N:1:0:stun:udp:13.251.82.x:54444->pAnvqXqS:1:2015363583:local:udp:192.168.160.x:46700|C--W|-|0|0|7205793488389014526|-]
[103:144:0903/062435.711024:VERBOSE1:basic_ice_controller.cc(545)] Conn[1f27c00:0:Net[any:0.0.0.x/0:Wildcard:id=0]:iOnU5k9N:1:0:stun:udp:13.251.82.x:54444->RymAdc+Q:1:2015363327:local:udp:172.31.30.x:48717|C--W|-|0|0|7205793488389014014|-]
[103:144:0903/062435.711619:VERBOSE1:basic_ice_controller.cc(545)] Conn[1f2a000:0:Net[any:0.0.0.x/0:Wildcard:id=0]:XhrZDDoj:1:0:relay:udp:192.168.160.x:61798->pAnvqXqS:1:2015363583:local:udp:192.168.160.x:46700|C--W|-|0|0|144150372183704574|-]
[103:144:0903/062435.711688:VERBOSE1:basic_ice_controller.cc(545)] Conn[1f27000:0:Net[any:0.0.0.x/0:Wildcard:id=0]:yp3Sqi6p:1:0:local:tcp:2a17da0c-851b-42b9-89d4-c6cd4d4fca29.local:9->80uWO1+J:1:1010827519:local:tcp:172.31.30.x:53282|C-xW|-|0|0|4341471139021733375|-]
[103:144:0903/062435.712492:VERBOSE1:basic_ice_controller.cc(545)] Conn[1f28800:0:Net[any:0.0.0.x/0:Wildcard:id=0]:XhrZDDoj:1:0:relay:udp:192.168.160.x:61798->RymAdc+Q:1:2015363327:local:udp:172.31.30.x:48717|C-xW|-|0|0|144150372183704062|-]
[103:144:0903/062435.712608:INFO:connection.cc(778)] Conn[1f2a000:0:Net[any:0.0.0.x/0:Wildcard:id=0]:XhrZDDoj:1:0:relay:udp:192.168.160.x:61798->pAnvqXqS:1:2015363583:local:udp:192.168.160.x:46700|C--W|-|0|0|144150372183704574|-]: Connection pruned
[103:144:0903/062435.713371:VERBOSE1:connection.cc(305)] Conn[1f2a000:0:Net[any:0.0.0.x/0:Wildcard:id=0]:XhrZDDoj:1:0:relay:udp:192.168.160.x:61798->pAnvqXqS:1:2015363583:local:udp:192.168.160.x:46700|C-xW|-|0|0|144150372183704574|-]: set_write_state from: 2 to 3
[103:144:0903/062435.713445:VERBOSE1:p2p_transport_channel.cc(417)] Channel[0|1|RW]: Ice not completed yet for this channel as Net[any:0.0.0.x/0:Wildcard:id=0] has more than 1 connection.
[103:144:0903/062435.714696:INFO:connection.cc(243)] Conn[20ec000:0:Net[any:0.0.0.x/0:Wildcard:id=0]:yp3Sqi6p:1:0:local:tcp:2a17da0c-851b-42b9-89d4-c6cd4d4fca29.local:9->/rZ3bpd6:1:843055359:stun:tcp:13.251.82.x:53282|C--W|-|0|0|3620895198642454015|-]: Connection created
[103:144:0903/062435.715515:VERBOSE1:tcp_port.cc(587)] Conn[20ec000:0:Net[any:0.0.0.x/0:Wildcard:id=0]:yp3Sqi6p:1:0:local:tcp:2a17da0c-851b-42b9-89d4-c6cd4d4fca29.local:9->/rZ3bpd6:1:843055359:stun:tcp:13.251.82.x:53282|C--W|-|0|0|3620895198642454015|-]: Connecting from 0.0.0.x:0 to 13.251.82.x:53282
[103:144:0903/062435.716391:VERBOSE1:connection.cc(351)] Conn[20ec000:0:Net[any:0.0.0.x/0:Wildcard:id=0]:yp3Sqi6p:1:0:local:tcp:2a17da0c-851b-42b9-89d4-c6cd4d4fca29.local:9->/rZ3bpd6:1:843055359:stun:tcp:13.251.82.x:53282|---W|-|0|0|3620895198642454015|-]: Change connected_ to 0
[103:144:0903/062435.717197:INFO:p2p_transport_channel.cc(1451)] Channel[0|1|RW]: Created connection with origin: 2, total: 7
[103:144:0903/062435.717488:VERBOSE1:connection.cc(871)] Conn[1f27000:0:Net[any:0.0.0.x/0:Wildcard:id=0]:yp3Sqi6p:1:0:local:tcp:2a17da0c-851b-42b9-89d4-c6cd4d4fca29.local:9->80uWO1+J:1:1010827519:local:tcp:172.31.30.x:53282|C-xW|-|0|0|4341471139021733375|-]: UpdateState(), ms since last received response=13394298712, ms since last received data=13394298712, rtt=6000, pings_since_last_response=
[88:138:0903/062435.717573:VERBOSE1:socket_tcp.cc(164)] Local address: 172.31.30.70:55052
[88:138:0903/062435.717596:VERBOSE1:socket_tcp.cc(179)] Remote address: 13.251.82.2:53282
[103:144:0903/062435.717554:VERBOSE1:connection.cc(871)] Conn[1f26400:0:Net[any:0.0.0.x/0:Wildcard:id=0]:iOnU5k9N:1:0:stun:udp:13.251.82.x:54444->bf/fi9AV:1:1847591423:prflx:udp:13.251.82.x:46700|CRWS|S|0|0|7205793488053470206|2]: UpdateState(), ms since last received response=101, ms since last received data=32, rtt=100, pings_since_last_response=
[103:144:0903/062435.717701:VERBOSE1:connection.cc(871)] Conn[1f28800:0:Net[any:0.0.0.x/0:Wildcard:id=0]:XhrZDDoj:1:0:relay:udp:192.168.160.x:61798->RymAdc+Q:1:2015363327:local:udp:172.31.30.x:48717|C-xW|-|0|0|144150372183704062|-]: UpdateState(), ms since last received response=13394298712, ms since last received data=13394298712, rtt=6000, pings_since_last_response=
[103:144:0903/062435.718251:VERBOSE1:connection.cc(871)] Conn[1f27c00:0:Net[any:0.0.0.x/0:Wildcard:id=0]:iOnU5k9N:1:0:stun:udp:13.251.82.x:54444->RymAdc+Q:1:2015363327:local:udp:172.31.30.x:48717|C--W|-|0|0|7205793488389014014|-]: UpdateState(), ms since last received response=13394298712, ms since last received data=13394298712, rtt=6000, pings_since_last_response=
[103:144:0903/062435.719129:VERBOSE1:connection.cc(871)] Conn[1f2a000:0:Net[any:0.0.0.x/0:Wildcard:id=0]:XhrZDDoj:1:0:relay:udp:192.168.160.x:61798->pAnvqXqS:1:2015363583:local:udp:192.168.160.x:46700|C-xW|-|0|0|144150372183704574|-]: UpdateState(), ms since last received response=13394298712, ms since last received data=13394298712, rtt=6000, pings_since_last_response=
[103:144:0903/062435.720016:VERBOSE1:connection.cc(871)] Conn[1f29400:0:Net[any:0.0.0.x/0:Wildcard:id=0]:iOnU5k9N:1:0:stun:udp:13.251.82.x:54444->pAnvqXqS:1:2015363583:local:udp:192.168.160.x:46700|C--W|-|0|0|7205793488389014526|-]: UpdateState(), ms since last received response=13394298712, ms since last received data=13394298712, rtt=6000, pings_since_last_response=
[103:144:0903/062435.720719:VERBOSE1:connection.cc(871)] Conn[20ec000:0:Net[any:0.0.0.x/0:Wildcard:id=0]:yp3Sqi6p:1:0:local:tcp:2a17da0c-851b-42b9-89d4-c6cd4d4fca29.local:9->/rZ3bpd6:1:843055359:stun:tcp:13.251.82.x:53282|---W|-|0|0|3620895198642454015|-]: UpdateState(), ms since last received response=13394298712, ms since last received data=13394298712, rtt=6000, pings_since_last_response=
[103:144:0903/062435.720797:VERBOSE1:basic_ice_controller.cc(542)] Sorting 7 available connections
[103:144:0903/062435.721410:VERBOSE1:basic_ice_controller.cc(545)] Conn[1f26400:0:Net[any:0.0.0.x/0:Wildcard:id=0]:iOnU5k9N:1:0:stun:udp:13.251.82.x:54444->bf/fi9AV:1:1847591423:prflx:udp:13.251.82.x:46700|CRWS|S|0|0|7205793488053470206|2]
[103:144:0903/062435.722315:VERBOSE1:basic_ice_controller.cc(545)] Conn[1f29400:0:Net[any:0.0.0.x/0:Wildcard:id=0]:iOnU5k9N:1:0:stun:udp:13.251.82.x:54444->pAnvqXqS:1:2015363583:local:udp:192.168.160.x:46700|C--W|-|0|0|7205793488389014526|-]
[103:144:0903/062435.722397:VERBOSE1:basic_ice_controller.cc(545)] Conn[1f27c00:0:Net[any:0.0.0.x/0:Wildcard:id=0]:iOnU5k9N:1:0:stun:udp:13.251.82.x:54444->RymAdc+Q:1:2015363327:local:udp:172.31.30.x:48717|C--W|-|0|0|7205793488389014014|-]
[103:144:0903/062435.724059:VERBOSE1:basic_ice_controller.cc(545)] Conn[20ec000:0:Net[any:0.0.0.x/0:Wildcard:id=0]:yp3Sqi6p:1:0:local:tcp:2a17da0c-851b-42b9-89d4-c6cd4d4fca29.local:9->/rZ3bpd6:1:843055359:stun:tcp:13.251.82.x:53282|---W|-|0|0|3620895198642454015|-]
[103:144:0903/062435.724134:VERBOSE1:basic_ice_controller.cc(545)] Conn[1f27000:0:Net[any:0.0.0.x/0:Wildcard:id=0]:yp3Sqi6p:1:0:local:tcp:2a17da0c-851b-42b9-89d4-c6cd4d4fca29.local:9->80uWO1+J:1:1010827519:local:tcp:172.31.30.x:53282|C-xW|-|0|0|4341471139021733375|-]
[103:144:0903/062435.724203:VERBOSE1:basic_ice_controller.cc(545)] Conn[1f2a000:0:Net[any:0.0.0.x/0:Wildcard:id=0]:XhrZDDoj:1:0:relay:udp:192.168.160.x:61798->pAnvqXqS:1:2015363583:local:udp:192.168.160.x:46700|C-xW|-|0|0|144150372183704574|-]
[103:144:0903/062435.724259:VERBOSE1:basic_ice_controller.cc(545)] Conn[1f28800:0:Net[any:0.0.0.x/0:Wildcard:id=0]:XhrZDDoj:1:0:relay:udp:192.168.160.x:61798->RymAdc+Q:1:2015363327:local:udp:172.31.30.x:48717|C-xW|-|0|0|144150372183704062|-]
[103:144:0903/062435.724319:INFO:connection.cc(778)] Conn[20ec000:0:Net[any:0.0.0.x/0:Wildcard:id=0]:yp3Sqi6p:1:0:local:tcp:2a17da0c-851b-42b9-89d4-c6cd4d4fca29.local:9->/rZ3bpd6:1:843055359:stun:tcp:13.251.82.x:53282|---W|-|0|0|3620895198642454015|-]: Connection pruned
[103:144:0903/062435.725234:VERBOSE1:connection.cc(305)] Conn[20ec000:0:Net[any:0.0.0.x/0:Wildcard:id=0]:yp3Sqi6p:1:0:local:tcp:2a17da0c-851b-42b9-89d4-c6cd4d4fca29.local:9->/rZ3bpd6:1:843055359:stun:tcp:13.251.82.x:53282|--xW|-|0|0|3620895198642454015|-]: set_write_state from: 2 to 3
[103:144:0903/062435.726175:VERBOSE1:p2p_transport_channel.cc(417)] Channel[0|1|RW]: Ice not completed yet for this channel as Net[any:0.0.0.x/0:Wildcard:id=0] has more than 1 connection.
[103:144:0903/062435.726281:VERBOSE1:connection.cc(871)] Conn[1f27000:0:Net[any:0.0.0.x/0:Wildcard:id=0]:yp3Sqi6p:1:0:local:tcp:2a17da0c-851b-42b9-89d4-c6cd4d4fca29.local:9->80uWO1+J:1:1010827519:local:tcp:172.31.30.x:53282|C-xW|-|0|0|4341471139021733375|-]: UpdateState(), ms since last received response=13394298721, ms since last received data=13394298721, rtt=6000, pings_since_last_response=
[103:144:0903/062435.726344:VERBOSE1:connection.cc(871)] Conn[1f26400:0:Net[any:0.0.0.x/0:Wildcard:id=0]:iOnU5k9N:1:0:stun:udp:13.251.82.x:54444->bf/fi9AV:1:1847591423:prflx:udp:13.251.82.x:46700|CRWS|S|0|0|7205793488053470206|2]: UpdateState(), ms since last received response=110, ms since last received data=41, rtt=100, pings_since_last_response=
[103:144:0903/062435.727160:VERBOSE1:connection.cc(871)] Conn[1f28800:0:Net[any:0.0.0.x/0:Wildcard:id=0]:XhrZDDoj:1:0:relay:udp:192.168.160.x:61798->RymAdc+Q:1:2015363327:local:udp:172.31.30.x:48717|C-xW|-|0|0|144150372183704062|-]: UpdateState(), ms since last received response=13394298721, ms since last received data=13394298721, rtt=6000, pings_since_last_response=
[103:144:0903/062435.728074:VERBOSE1:connection.cc(871)] Conn[1f27c00:0:Net[any:0.0.0.x/0:Wildcard:id=0]:iOnU5k9N:1:0:stun:udp:13.251.82.x:54444->RymAdc+Q:1:2015363327:local:udp:172.31.30.x:48717|C--W|-|0|0|7205793488389014014|-]: UpdateState(), ms since last received response=13394298721, ms since last received data=13394298721, rtt=6000, pings_since_last_response=
[103:144:0903/062435.728153:VERBOSE1:connection.cc(871)] Conn[1f2a000:0:Net[any:0.0.0.x/0:Wildcard:id=0]:XhrZDDoj:1:0:relay:udp:192.168.160.x:61798->pAnvqXqS:1:2015363583:local:udp:192.168.160.x:46700|C-xW|-|0|0|144150372183704574|-]: UpdateState(), ms since last received response=13394298721, ms since last received data=13394298721, rtt=6000, pings_since_last_response=
[103:144:0903/062435.732867:VERBOSE1:connection.cc(871)] Conn[1f29400:0:Net[any:0.0.0.x/0:Wildcard:id=0]:iOnU5k9N:1:0:stun:udp:13.251.82.x:54444->pAnvqXqS:1:2015363583:local:udp:192.168.160.x:46700|C--W|-|0|0|7205793488389014526|-]: UpdateState(), ms since last received response=13394298721, ms since last received data=13394298721, rtt=6000, pings_since_last_response=
[103:144:0903/062435.732991:VERBOSE1:connection.cc(871)] Conn[20ec000:0:Net[any:0.0.0.x/0:Wildcard:id=0]:yp3Sqi6p:1:0:local:tcp:2a17da0c-851b-42b9-89d4-c6cd4d4fca29.local:9->/rZ3bpd6:1:843055359:stun:tcp:13.251.82.x:53282|--xW|-|0|0|3620895198642454015|-]: UpdateState(), ms since last received response=13394298721, ms since last received data=13394298721, rtt=6000, pings_since_last_response=
[103:144:0903/062435.733505:VERBOSE1:basic_ice_controller.cc(542)] Sorting 7 available connections
[103:144:0903/062435.733660:VERBOSE1:basic_ice_controller.cc(545)] Conn[1f26400:0:Net[any:0.0.0.x/0:Wildcard:id=0]:iOnU5k9N:1:0:stun:udp:13.251.82.x:54444->bf/fi9AV:1:1847591423:prflx:udp:13.251.82.x:46700|CRWS|S|0|0|7205793488053470206|2]
[103:144:0903/062435.733783:VERBOSE1:basic_ice_controller.cc(545)] Conn[1f29400:0:Net[any:0.0.0.x/0:Wildcard:id=0]:iOnU5k9N:1:0:stun:udp:13.251.82.x:54444->pAnvqXqS:1:2015363583:local:udp:192.168.160.x:46700|C--W|-|0|0|7205793488389014526|-]
[103:144:0903/062435.734532:VERBOSE1:basic_ice_controller.cc(545)] Conn[1f27c00:0:Net[any:0.0.0.x/0:Wildcard:id=0]:iOnU5k9N:1:0:stun:udp:13.251.82.x:54444->RymAdc+Q:1:2015363327:local:udp:172.31.30.x:48717|C--W|-|0|0|7205793488389014014|-]
[103:144:0903/062435.735690:VERBOSE1:basic_ice_controller.cc(545)] Conn[1f27000:0:Net[any:0.0.0.x/0:Wildcard:id=0]:yp3Sqi6p:1:0:local:tcp:2a17da0c-851b-42b9-89d4-c6cd4d4fca29.local:9->80uWO1+J:1:1010827519:local:tcp:172.31.30.x:53282|C-xW|-|0|0|4341471139021733375|-]
[103:144:0903/062435.735767:VERBOSE1:basic_ice_controller.cc(545)] Conn[20ec000:0:Net[any:0.0.0.x/0:Wildcard:id=0]:yp3Sqi6p:1:0:local:tcp:2a17da0c-851b-42b9-89d4-c6cd4d4fca29.local:9->/rZ3bpd6:1:843055359:stun:tcp:13.251.82.x:53282|--xW|-|0|0|3620895198642454015|-]
[103:144:0903/062435.735825:VERBOSE1:basic_ice_controller.cc(545)] Conn[1f2a000:0:Net[any:0.0.0.x/0:Wildcard:id=0]:XhrZDDoj:1:0:relay:udp:192.168.160.x:61798->pAnvqXqS:1:2015363583:local:udp:192.168.160.x:46700|C-xW|-|0|0|144150372183704574|-]
[103:144:0903/062435.736762:VERBOSE1:basic_ice_controller.cc(545)] Conn[1f28800:0:Net[any:0.0.0.x/0:Wildcard:id=0]:XhrZDDoj:1:0:relay:udp:192.168.160.x:61798->RymAdc+Q:1:2015363327:local:udp:172.31.30.x:48717|C-xW|-|0|0|144150372183704062|-]
[103:144:0903/062435.736844:VERBOSE1:p2p_transport_channel.cc(417)] Channel[0|1|RW]: Ice not completed yet for this channel as Net[any:0.0.0.x/0:Wildcard:id=0] has more than 1 connection.
[103:144:0903/062435.738021:WARNING:jsep_transport_controller.cc(294)] Not adding candidate because the JsepTransport doesn't exist. Ignore it.
[103:144:0903/062435.738099:WARNING:jsep_transport_controller.cc(294)] Not adding candidate because the JsepTransport doesn't exist. Ignore it.
[103:144:0903/062435.738179:VERBOSE1:connection.cc(871)] Conn[1f27000:0:Net[any:0.0.0.x/0:Wildcard:id=0]:yp3Sqi6p:1:0:local:tcp:2a17da0c-851b-42b9-89d4-c6cd4d4fca29.local:9->80uWO1+J:1:1010827519:local:tcp:172.31.30.x:53282|C-xW|-|0|0|4341471139021733375|-]: UpdateState(), ms since last received response=13394298733, ms since last received data=13394298733, rtt=6000, pings_since_last_response=
[103:144:0903/062435.738285:VERBOSE1:connection.cc(871)] Conn[1f26400:0:Net[any:0.0.0.x/0:Wildcard:id=0]:iOnU5k9N:1:0:stun:udp:13.251.82.x:54444->bf/fi9AV:1:1847591423:prflx:udp:13.251.82.x:46700|CRWS|S|0|0|7205793488053470206|2]: UpdateState(), ms since last received response=122, ms since last received data=53, rtt=100, pings_since_last_response=
[103:144:0903/062435.738995:VERBOSE1:connection.cc(871)] Conn[1f28800:0:Net[any:0.0.0.x/0:Wildcard:id=0]:XhrZDDoj:1:0:relay:udp:192.168.160.x:61798->RymAdc+Q:1:2015363327:local:udp:172.31.30.x:48717|C-xW|-|0|0|144150372183704062|-]: UpdateState(), ms since last received response=13394298733, ms since last received data=13394298733, rtt=6000, pings_since_last_response=
[103:144:0903/062435.739655:VERBOSE1:connection.cc(871)] Conn[1f27c00:0:Net[any:0.0.0.x/0:Wildcard:id=0]:iOnU5k9N:1:0:stun:udp:13.251.82.x:54444->RymAdc+Q:1:2015363327:local:udp:172.31.30.x:48717|C--W|-|0|0|7205793488389014014|-]: UpdateState(), ms since last received response=13394298733, ms since last received data=13394298733, rtt=6000, pings_since_last_response=
[103:144:0903/062435.739729:VERBOSE1:connection.cc(871)] Conn[1f2a000:0:Net[any:0.0.0.x/0:Wildcard:id=0]:XhrZDDoj:1:0:relay:udp:192.168.160.x:61798->pAnvqXqS:1:2015363583:local:udp:192.168.160.x:46700|C-xW|-|0|0|144150372183704574|-]: UpdateState(), ms since last received response=13394298733, ms since last received data=13394298733, rtt=6000, pings_since_last_response=
[103:144:0903/062435.740016:VERBOSE1:connection.cc(871)] Conn[1f29400:0:Net[any:0.0.0.x/0:Wildcard:id=0]:iOnU5k9N:1:0:stun:udp:13.251.82.x:54444->pAnvqXqS:1:2015363583:local:udp:192.168.160.x:46700|C--W|-|0|0|7205793488389014526|-]: UpdateState(), ms since last received response=13394298733, ms since last received data=13394298733, rtt=6000, pings_since_last_response=
[103:144:0903/062435.741036:VERBOSE1:connection.cc(871)] Conn[20ec000:0:Net[any:0.0.0.x/0:Wildcard:id=0]:yp3Sqi6p:1:0:local:tcp:2a17da0c-851b-42b9-89d4-c6cd4d4fca29.local:9->/rZ3bpd6:1:843055359:stun:tcp:13.251.82.x:53282|--xW|-|0|0|3620895198642454015|-]: UpdateState(), ms since last received response=13394298733, ms since last received data=13394298733, rtt=6000, pings_since_last_response=
[103:144:0903/062435.741959:VERBOSE1:basic_ice_controller.cc(542)] Sorting 7 available connections
[103:144:0903/062435.742036:VERBOSE1:basic_ice_controller.cc(545)] Conn[1f26400:0:Net[any:0.0.0.x/0:Wildcard:id=0]:iOnU5k9N:1:0:stun:udp:13.251.82.x:54444->bf/fi9AV:1:1847591423:prflx:udp:13.251.82.x:46700|CRWS|S|0|0|7205793488053470206|2]
[103:144:0903/062435.742089:VERBOSE1:basic_ice_controller.cc(545)] Conn[1f29400:0:Net[any:0.0.0.x/0:Wildcard:id=0]:iOnU5k9N:1:0:stun:udp:13.251.82.x:54444->pAnvqXqS:1:2015363583:local:udp:192.168.160.x:46700|C--W|-|0|0|7205793488389014526|-]
[103:144:0903/062435.748147:VERBOSE1:basic_ice_controller.cc(545)] Conn[1f27c00:0:Net[any:0.0.0.x/0:Wildcard:id=0]:iOnU5k9N:1:0:stun:udp:13.251.82.x:54444->RymAdc+Q:1:2015363327:local:udp:172.31.30.x:48717|C--W|-|0|0|7205793488389014014|-]
[103:144:0903/062435.748251:VERBOSE1:basic_ice_controller.cc(545)] Conn[1f27000:0:Net[any:0.0.0.x/0:Wildcard:id=0]:yp3Sqi6p:1:0:local:tcp:2a17da0c-851b-42b9-89d4-c6cd4d4fca29.local:9->80uWO1+J:1:1010827519:local:tcp:172.31.30.x:53282|C-xW|-|0|0|4341471139021733375|-]
[103:144:0903/062435.748310:VERBOSE1:basic_ice_controller.cc(545)] Conn[20ec000:0:Net[any:0.0.0.x/0:Wildcard:id=0]:yp3Sqi6p:1:0:local:tcp:2a17da0c-851b-42b9-89d4-c6cd4d4fca29.local:9->/rZ3bpd6:1:843055359:stun:tcp:13.251.82.x:53282|--xW|-|0|0|3620895198642454015|-]
[103:144:0903/062435.748358:VERBOSE1:basic_ice_controller.cc(545)] Conn[1f2a000:0:Net[any:0.0.0.x/0:Wildcard:id=0]:XhrZDDoj:1:0:relay:udp:192.168.160.x:61798->pAnvqXqS:1:2015363583:local:udp:192.168.160.x:46700|C-xW|-|0|0|144150372183704574|-]
[103:144:0903/062435.748404:VERBOSE1:basic_ice_controller.cc(545)] Conn[1f28800:0:Net[any:0.0.0.x/0:Wildcard:id=0]:XhrZDDoj:1:0:relay:udp:192.168.160.x:61798->RymAdc+Q:1:2015363327:local:udp:172.31.30.x:48717|C-xW|-|0|0|144150372183704062|-]
[103:144:0903/062435.748456:VERBOSE1:p2p_transport_channel.cc(417)] Channel[0|1|RW]: Ice not completed yet for this channel as Net[any:0.0.0.x/0:Wildcard:id=0] has more than 1 connection.
[103:144:0903/062435.748536:VERBOSE1:connection.cc(871)] Conn[1f27000:0:Net[any:0.0.0.x/0:Wildcard:id=0]:yp3Sqi6p:1:0:local:tcp:2a17da0c-851b-42b9-89d4-c6cd4d4fca29.local:9->80uWO1+J:1:1010827519:local:tcp:172.31.30.x:53282|C-xW|-|0|0|4341471139021733375|-]: UpdateState(), ms since last received response=13394298743, ms since last received data=13394298743, rtt=6000, pings_since_last_response=
[103:144:0903/062435.748589:VERBOSE1:connection.cc(871)] Conn[1f26400:0:Net[any:0.0.0.x/0:Wildcard:id=0]:iOnU5k9N:1:0:stun:udp:13.251.82.x:54444->bf/fi9AV:1:1847591423:prflx:udp:13.251.82.x:46700|CRWS|S|0|0|7205793488053470206|2]: UpdateState(), ms since last received response=132, ms since last received data=63, rtt=100, pings_since_last_response=
[103:144:0903/062435.748635:VERBOSE1:connection.cc(871)] Conn[1f28800:0:Net[any:0.0.0.x/0:Wildcard:id=0]:XhrZDDoj:1:0:relay:udp:192.168.160.x:61798->RymAdc+Q:1:2015363327:local:udp:172.31.30.x:48717|C-xW|-|0|0|144150372183704062|-]: UpdateState(), ms since last received response=13394298743, ms since last received data=13394298743, rtt=6000, pings_since_last_response=
[103:144:0903/062435.748681:VERBOSE1:connection.cc(871)] Conn[1f27c00:0:Net[any:0.0.0.x/0:Wildcard:id=0]:iOnU5k9N:1:0:stun:udp:13.251.82.x:54444->RymAdc+Q:1:2015363327:local:udp:172.31.30.x:48717|C--W|-|0|0|7205793488389014014|-]: UpdateState(), ms since last received response=13394298743, ms since last received data=13394298743, rtt=6000, pings_since_last_response=
[103:144:0903/062435.748739:VERBOSE1:connection.cc(871)] Conn[1f2a000:0:Net[any:0.0.0.x/0:Wildcard:id=0]:XhrZDDoj:1:0:relay:udp:192.168.160.x:61798->pAnvqXqS:1:2015363583:local:udp:192.168.160.x:46700|C-xW|-|0|0|144150372183704574|-]: UpdateState(), ms since last received response=13394298743, ms since last received data=13394298743, rtt=6000, pings_since_last_response=
[103:144:0903/062435.748785:VERBOSE1:connection.cc(871)] Conn[1f29400:0:Net[any:0.0.0.x/0:Wildcard:id=0]:iOnU5k9N:1:0:stun:udp:13.251.82.x:54444->pAnvqXqS:1:2015363583:local:udp:192.168.160.x:46700|C--W|-|0|0|7205793488389014526|-]: UpdateState(), ms since last received response=13394298743, ms since last received data=13394298743, rtt=6000, pings_since_last_response=
[103:144:0903/062435.748827:VERBOSE1:connection.cc(871)] Conn[20ec000:0:Net[any:0.0.0.x/0:Wildcard:id=0]:yp3Sqi6p:1:0:local:tcp:2a17da0c-851b-42b9-89d4-c6cd4d4fca29.local:9->/rZ3bpd6:1:843055359:stun:tcp:13.251.82.x:53282|--xW|-|0|0|3620895198642454015|-]: UpdateState(), ms since last received response=13394298743, ms since last received data=13394298743, rtt=6000, pings_since_last_response=
[103:144:0903/062435.748896:VERBOSE1:connection.cc(961)] Conn[1f26400:0:Net[any:0.0.0.x/0:Wildcard:id=0]:iOnU5k9N:1:0:stun:udp:13.251.82.x:54444->bf/fi9AV:1:1847591423:prflx:udp:13.251.82.x:46700|CRWS|S|0|0|7205793488053470206|2]: Sending STUN ping, id=505a49544467657741324b57, nomination=0
[103:144:0903/062435.750507:VERBOSE1:connection.cc(1441)] Conn[1f26400:0:Net[any:0.0.0.x/0:Wildcard:id=0]:iOnU5k9N:1:0:stun:udp:13.251.82.x:54444->bf/fi9AV:1:1847591423:prflx:udp:13.251.82.x:46700|CRWS|S|0|0|7205793488053470206|2]: Sent STUN BINDING request, id=505a49544467657741324b57, use_candidate=1, nomination=0
[103:144:0903/062435.750651:VERBOSE1:connection.cc(871)] Conn[1f27000:0:Net[any:0.0.0.x/0:Wildcard:id=0]:yp3Sqi6p:1:0:local:tcp:2a17da0c-851b-42b9-89d4-c6cd4d4fca29.local:9->80uWO1+J:1:1010827519:local:tcp:172.31.30.x:53282|C-xW|-|0|0|4341471139021733375|-]: UpdateState(), ms since last received response=13394298745, ms since last received data=13394298745, rtt=6000, pings_since_last_response=
[103:144:0903/062435.750714:VERBOSE1:connection.cc(871)] Conn[1f26400:0:Net[any:0.0.0.x/0:Wildcard:id=0]:iOnU5k9N:1:0:stun:udp:13.251.82.x:54444->bf/fi9AV:1:1847591423:prflx:udp:13.251.82.x:46700|CRWI|S|0|0|7205793488053470206|2]: UpdateState(), ms since last received response=134, ms since last received data=65, rtt=100, pings_since_last_response=505a49544467657741324b57 
[103:144:0903/062435.750766:VERBOSE1:connection.cc(871)] Conn[1f28800:0:Net[any:0.0.0.x/0:Wildcard:id=0]:XhrZDDoj:1:0:relay:udp:192.168.160.x:61798->RymAdc+Q:1:2015363327:local:udp:172.31.30.x:48717|C-xW|-|0|0|144150372183704062|-]: UpdateState(), ms since last received response=13394298745, ms since last received data=13394298745, rtt=6000, pings_since_last_response=
[103:144:0903/062435.750816:VERBOSE1:connection.cc(871)] Conn[1f27c00:0:Net[any:0.0.0.x/0:Wildcard:id=0]:iOnU5k9N:1:0:stun:udp:13.251.82.x:54444->RymAdc+Q:1:2015363327:local:udp:172.31.30.x:48717|C--W|-|0|0|7205793488389014014|-]: UpdateState(), ms since last received response=13394298745, ms since last received data=13394298745, rtt=6000, pings_since_last_response=
[103:144:0903/062435.750867:VERBOSE1:connection.cc(871)] Conn[1f2a000:0:Net[any:0.0.0.x/0:Wildcard:id=0]:XhrZDDoj:1:0:relay:udp:192.168.160.x:61798->pAnvqXqS:1:2015363583:local:udp:192.168.160.x:46700|C-xW|-|0|0|144150372183704574|-]: UpdateState(), ms since last received response=13394298745, ms since last received data=13394298745, rtt=6000, pings_since_last_response=
[103:144:0903/062435.750915:VERBOSE1:connection.cc(871)] Conn[1f29400:0:Net[any:0.0.0.x/0:Wildcard:id=0]:iOnU5k9N:1:0:stun:udp:13.251.82.x:54444->pAnvqXqS:1:2015363583:local:udp:192.168.160.x:46700|C--W|-|0|0|7205793488389014526|-]: UpdateState(), ms since last received response=13394298745, ms since last received data=13394298745, rtt=6000, pings_since_last_response=
[103:144:0903/062435.750974:VERBOSE1:connection.cc(871)] Conn[20ec000:0:Net[any:0.0.0.x/0:Wildcard:id=0]:yp3Sqi6p:1:0:local:tcp:2a17da0c-851b-42b9-89d4-c6cd4d4fca29.local:9->/rZ3bpd6:1:843055359:stun:tcp:13.251.82.x:53282|--xW|-|0|0|3620895198642454015|-]: UpdateState(), ms since last received response=13394298745, ms since last received data=13394298745, rtt=6000, pings_since_last_response=
[103:144:0903/062435.751019:VERBOSE1:basic_ice_controller.cc(542)] Sorting 7 available connections
[103:144:0903/062435.751067:VERBOSE1:basic_ice_controller.cc(545)] Conn[1f26400:0:Net[any:0.0.0.x/0:Wildcard:id=0]:iOnU5k9N:1:0:stun:udp:13.251.82.x:54444->bf/fi9AV:1:1847591423:prflx:udp:13.251.82.x:46700|CRWI|S|0|0|7205793488053470206|2]
[103:144:0903/062435.751114:VERBOSE1:basic_ice_controller.cc(545)] Conn[1f29400:0:Net[any:0.0.0.x/0:Wildcard:id=0]:iOnU5k9N:1:0:stun:udp:13.251.82.x:54444->pAnvqXqS:1:2015363583:local:udp:192.168.160.x:46700|C--W|-|0|0|7205793488389014526|-]
[103:144:0903/062435.751161:VERBOSE1:basic_ice_controller.cc(545)] Conn[1f27c00:0:Net[any:0.0.0.x/0:Wildcard:id=0]:iOnU5k9N:1:0:stun:udp:13.251.82.x:54444->RymAdc+Q:1:2015363327:local:udp:172.31.30.x:48717|C--W|-|0|0|7205793488389014014|-]
[103:144:0903/062435.751209:VERBOSE1:basic_ice_controller.cc(545)] Conn[1f27000:0:Net[any:0.0.0.x/0:Wildcard:id=0]:yp3Sqi6p:1:0:local:tcp:2a17da0c-851b-42b9-89d4-c6cd4d4fca29.local:9->80uWO1+J:1:1010827519:local:tcp:172.31.30.x:53282|C-xW|-|0|0|4341471139021733375|-]
[103:144:0903/062435.751255:VERBOSE1:basic_ice_controller.cc(545)] Conn[20ec000:0:Net[any:0.0.0.x/0:Wildcard:id=0]:yp3Sqi6p:1:0:local:tcp:2a17da0c-851b-42b9-89d4-c6cd4d4fca29.local:9->/rZ3bpd6:1:843055359:stun:tcp:13.251.82.x:53282|--xW|-|0|0|3620895198642454015|-]
[103:144:0903/062435.751300:VERBOSE1:basic_ice_controller.cc(545)] Conn[1f2a000:0:Net[any:0.0.0.x/0:Wildcard:id=0]:XhrZDDoj:1:0:relay:udp:192.168.160.x:61798->pAnvqXqS:1:2015363583:local:udp:192.168.160.x:46700|C-xW|-|0|0|144150372183704574|-]
[103:144:0903/062435.751345:VERBOSE1:basic_ice_controller.cc(545)] Conn[1f28800:0:Net[any:0.0.0.x/0:Wildcard:id=0]:XhrZDDoj:1:0:relay:udp:192.168.160.x:61798->RymAdc+Q:1:2015363327:local:udp:172.31.30.x:48717|C-xW|-|0|0|144150372183704062|-]
[103:144:0903/062435.751396:VERBOSE1:p2p_transport_channel.cc(417)] Channel[0|1|RW]: Ice not completed yet for this channel as Net[any:0.0.0.x/0:Wildcard:id=0] has more than 1 connection.
[103:144:0903/062435.751447:WARNING:jsep_transport_controller.cc(294)] Not adding candidate because the JsepTransport doesn't exist. Ignore it.
[103:144:0903/062435.751513:VERBOSE1:connection.cc(871)] Conn[1f27000:0:Net[any:0.0.0.x/0:Wildcard:id=0]:yp3Sqi6p:1:0:local:tcp:2a17da0c-851b-42b9-89d4-c6cd4d4fca29.local:9->80uWO1+J:1:1010827519:local:tcp:172.31.30.x:53282|C-xW|-|0|0|4341471139021733375|-]: UpdateState(), ms since last received response=13394298746, ms since last received data=13394298746, rtt=6000, pings_since_last_response=
[103:144:0903/062435.751566:VERBOSE1:connection.cc(871)] Conn[1f26400:0:Net[any:0.0.0.x/0:Wildcard:id=0]:iOnU5k9N:1:0:stun:udp:13.251.82.x:54444->bf/fi9AV:1:1847591423:prflx:udp:13.251.82.x:46700|CRWI|S|0|0|7205793488053470206|2]: UpdateState(), ms since last received response=135, ms since last received data=66, rtt=100, pings_since_last_response=505a49544467657741324b57 
[103:144:0903/062435.751615:VERBOSE1:connection.cc(871)] Conn[1f28800:0:Net[any:0.0.0.x/0:Wildcard:id=0]:XhrZDDoj:1:0:relay:udp:192.168.160.x:61798->RymAdc+Q:1:2015363327:local:udp:172.31.30.x:48717|C-xW|-|0|0|144150372183704062|-]: UpdateState(), ms since last received response=13394298746, ms since last received data=13394298746, rtt=6000, pings_since_last_response=
[103:144:0903/062435.751664:VERBOSE1:connection.cc(871)] Conn[1f27c00:0:Net[any:0.0.0.x/0:Wildcard:id=0]:iOnU5k9N:1:0:stun:udp:13.251.82.x:54444->RymAdc+Q:1:2015363327:local:udp:172.31.30.x:48717|C--W|-|0|0|7205793488389014014|-]: UpdateState(), ms since last received response=13394298746, ms since last received data=13394298746, rtt=6000, pings_since_last_response=
[103:144:0903/062435.751721:VERBOSE1:connection.cc(871)] Conn[1f2a000:0:Net[any:0.0.0.x/0:Wildcard:id=0]:XhrZDDoj:1:0:relay:udp:192.168.160.x:61798->pAnvqXqS:1:2015363583:local:udp:192.168.160.x:46700|C-xW|-|0|0|144150372183704574|-]: UpdateState(), ms since last received response=13394298746, ms since last received data=13394298746, rtt=6000, pings_since_last_response=
[103:144:0903/062435.751770:VERBOSE1:connection.cc(871)] Conn[1f29400:0:Net[any:0.0.0.x/0:Wildcard:id=0]:iOnU5k9N:1:0:stun:udp:13.251.82.x:54444->pAnvqXqS:1:2015363583:local:udp:192.168.160.x:46700|C--W|-|0|0|7205793488389014526|-]: UpdateState(), ms since last received response=13394298746, ms since last received data=13394298746, rtt=6000, pings_since_last_response=
[103:144:0903/062435.751819:VERBOSE1:connection.cc(871)] Conn[20ec000:0:Net[any:0.0.0.x/0:Wildcard:id=0]:yp3Sqi6p:1:0:local:tcp:2a17da0c-851b-42b9-89d4-c6cd4d4fca29.local:9->/rZ3bpd6:1:843055359:stun:tcp:13.251.82.x:53282|--xW|-|0|0|3620895198642454015|-]: UpdateState(), ms since last received response=13394298746, ms since last received data=13394298746, rtt=6000, pings_since_last_response=
[103:144:0903/062435.751862:VERBOSE1:basic_ice_controller.cc(542)] Sorting 7 available connections
[103:144:0903/062435.751913:VERBOSE1:basic_ice_controller.cc(545)] Conn[1f26400:0:Net[any:0.0.0.x/0:Wildcard:id=0]:iOnU5k9N:1:0:stun:udp:13.251.82.x:54444->bf/fi9AV:1:1847591423:prflx:udp:13.251.82.x:46700|CRWI|S|0|0|7205793488053470206|2]
[103:144:0903/062435.751959:VERBOSE1:basic_ice_controller.cc(545)] Conn[1f29400:0:Net[any:0.0.0.x/0:Wildcard:id=0]:iOnU5k9N:1:0:stun:udp:13.251.82.x:54444->pAnvqXqS:1:2015363583:local:udp:192.168.160.x:46700|C--W|-|0|0|7205793488389014526|-]
[103:144:0903/062435.752291:VERBOSE1:basic_ice_controller.cc(545)] Conn[1f27c00:0:Net[any:0.0.0.x/0:Wildcard:id=0]:iOnU5k9N:1:0:stun:udp:13.251.82.x:54444->RymAdc+Q:1:2015363327:local:udp:172.31.30.x:48717|C--W|-|0|0|7205793488389014014|-]
[103:144:0903/062435.752369:VERBOSE1:basic_ice_controller.cc(545)] Conn[1f27000:0:Net[any:0.0.0.x/0:Wildcard:id=0]:yp3Sqi6p:1:0:local:tcp:2a17da0c-851b-42b9-89d4-c6cd4d4fca29.local:9->80uWO1+J:1:1010827519:local:tcp:172.31.30.x:53282|C-xW|-|0|0|4341471139021733375|-]
[103:144:0903/062435.754253:VERBOSE1:basic_ice_controller.cc(545)] Conn[20ec000:0:Net[any:0.0.0.x/0:Wildcard:id=0]:yp3Sqi6p:1:0:local:tcp:2a17da0c-851b-42b9-89d4-c6cd4d4fca29.local:9->/rZ3bpd6:1:843055359:stun:tcp:13.251.82.x:53282|--xW|-|0|0|3620895198642454015|-]
[103:144:0903/062435.754330:VERBOSE1:basic_ice_controller.cc(545)] Conn[1f2a000:0:Net[any:0.0.0.x/0:Wildcard:id=0]:XhrZDDoj:1:0:relay:udp:192.168.160.x:61798->pAnvqXqS:1:2015363583:local:udp:192.168.160.x:46700|C-xW|-|0|0|144150372183704574|-]
[103:144:0903/062435.754384:VERBOSE1:basic_ice_controller.cc(545)] Conn[1f28800:0:Net[any:0.0.0.x/0:Wildcard:id=0]:XhrZDDoj:1:0:relay:udp:192.168.160.x:61798->RymAdc+Q:1:2015363327:local:udp:172.31.30.x:48717|C-xW|-|0|0|144150372183704062|-]
[103:144:0903/062435.754433:VERBOSE1:p2p_transport_channel.cc(417)] Channel[0|1|RW]: Ice not completed yet for this channel as Net[any:0.0.0.x/0:Wildcard:id=0] has more than 1 connection.
[103:145:0903/062435.754572:INFO:receive_side_congestion_controller.cc(48)] WrappingBitrateEstimator: Switching to absolute send time RBE.
[103:145:0903/062435.754659:INFO:aimd_rate_control.cc(97)] Using aimd rate control with back off factor 0.85
[103:144:0903/062435.754639:VERBOSE1:connection.cc(871)] Conn[1f27000:0:Net[any:0.0.0.x/0:Wildcard:id=0]:yp3Sqi6p:1:0:local:tcp:2a17da0c-851b-42b9-89d4-c6cd4d4fca29.local:9->80uWO1+J:1:1010827519:local:tcp:172.31.30.x:53282|C-xW|-|0|0|4341471139021733375|-]: UpdateState(), ms since last received response=13394298749, ms since last received data=13394298749, rtt=6000, pings_since_last_response=
[103:145:0903/062435.754712:INFO:remote_bitrate_estimator_abs_send_time.cc(103)] RemoteBitrateEstimatorAbsSendTime: Instantiating.
[103:144:0903/062435.754757:VERBOSE1:connection.cc(871)] Conn[1f26400:0:Net[any:0.0.0.x/0:Wildcard:id=0]:iOnU5k9N:1:0:stun:udp:13.251.82.x:54444->bf/fi9AV:1:1847591423:prflx:udp:13.251.82.x:46700|CRWI|S|0|0|7205793488053470206|2]: UpdateState(), ms since last received response=138, ms since last received data=0, rtt=100, pings_since_last_response=505a49544467657741324b57 
[103:145:0903/062435.754785:INFO:remote_bitrate_estimator_abs_send_time.cc(290)] Probe packet received: send time=58657 ms, recv time=13394298658 ms, send delta=-1 ms, recv delta=-1 ms.
[103:145:0903/062435.754867:INFO:rtp_video_stream_receiver2.cc(1271)] Packet received on SSRC: 3965734886 with payload type: 96, timestamp: 1582293868, sequence number: 10788, arrival time: 13394298658445 us, abs send time: 15376580
[103:144:0903/062435.754848:VERBOSE1:connection.cc(871)] Conn[1f28800:0:Net[any:0.0.0.x/0:Wildcard:id=0]:XhrZDDoj:1:0:relay:udp:192.168.160.x:61798->RymAdc+Q:1:2015363327:local:udp:172.31.30.x:48717|C-xW|-|0|0|144150372183704062|-]: UpdateState(), ms since last received response=13394298749, ms since last received data=13394298749, rtt=6000, pings_since_last_response=
[103:145:0903/062435.754940:INFO:remote_bitrate_estimator_abs_send_time.cc(290)] Probe packet received: send time=58657 ms, recv time=13394298658 ms, send delta=0 ms, recv delta=0 ms.
[103:144:0903/062435.754934:VERBOSE1:connection.cc(871)] Conn[1f27c00:0:Net[any:0.0.0.x/0:Wildcard:id=0]:iOnU5k9N:1:0:stun:udp:13.251.82.x:54444->RymAdc+Q:1:2015363327:local:udp:172.31.30.x:48717|C--W|-|0|0|7205793488389014014|-]: UpdateState(), ms since last received response=13394298749, ms since last received data=13394298749, rtt=6000, pings_since_last_response=
[103:145:0903/062435.754999:INFO:remote_bitrate_estimator_abs_send_time.cc(290)] Probe packet received: send time=58657 ms, recv time=13394298658 ms, send delta=0 ms, recv delta=0 ms.
[103:144:0903/062435.755006:VERBOSE1:connection.cc(871)] Conn[1f2a000:0:Net[any:0.0.0.x/0:Wildcard:id=0]:XhrZDDoj:1:0:relay:udp:192.168.160.x:61798->pAnvqXqS:1:2015363583:local:udp:192.168.160.x:46700|C-xW|-|0|0|144150372183704574|-]: UpdateState(), ms since last received response=13394298749, ms since last received data=13394298749, rtt=6000, pings_since_last_response=
[103:144:0903/062435.755079:VERBOSE1:connection.cc(871)] Conn[1f29400:0:Net[any:0.0.0.x/0:Wildcard:id=0]:iOnU5k9N:1:0:stun:udp:13.251.82.x:54444->pAnvqXqS:1:2015363583:local:udp:192.168.160.x:46700|C--W|-|0|0|7205793488389014526|-]: UpdateState(), ms since last received response=13394298749, ms since last received data=13394298749, rtt=6000, pings_since_last_response=
[103:144:0903/062435.755128:VERBOSE1:connection.cc(871)] Conn[20ec000:0:Net[any:0.0.0.x/0:Wildcard:id=0]:yp3Sqi6p:1:0:local:tcp:2a17da0c-851b-42b9-89d4-c6cd4d4fca29.local:9->/rZ3bpd6:1:843055359:stun:tcp:13.251.82.x:53282|--xW|-|0|0|3620895198642454015|-]: UpdateState(), ms since last received response=13394298749, ms since last received data=13394298749, rtt=6000, pings_since_last_response=
[103:144:0903/062435.755171:VERBOSE1:basic_ice_controller.cc(542)] Sorting 7 available connections
[103:144:0903/062435.755215:VERBOSE1:basic_ice_controller.cc(545)] Conn[1f26400:0:Net[any:0.0.0.x/0:Wildcard:id=0]:iOnU5k9N:1:0:stun:udp:13.251.82.x:54444->bf/fi9AV:1:1847591423:prflx:udp:13.251.82.x:46700|CRWI|S|0|0|7205793488053470206|2]
[103:144:0903/062435.755260:VERBOSE1:basic_ice_controller.cc(545)] Conn[1f29400:0:Net[any:0.0.0.x/0:Wildcard:id=0]:iOnU5k9N:1:0:stun:udp:13.251.82.x:54444->pAnvqXqS:1:2015363583:local:udp:192.168.160.x:46700|C--W|-|0|0|7205793488389014526|-]
[103:144:0903/062435.755304:VERBOSE1:basic_ice_controller.cc(545)] Conn[1f27c00:0:Net[any:0.0.0.x/0:Wildcard:id=0]:iOnU5k9N:1:0:stun:udp:13.251.82.x:54444->RymAdc+Q:1:2015363327:local:udp:172.31.30.x:48717|C--W|-|0|0|7205793488389014014|-]
[103:105:0903/062435.755351:INFO:generic_decoder.cc(256)] Decoder implementation: DecoderInfo { prefers_late_decoding = implementation_name = 'libvpx', is_hardware_accelerated = false }
[103:144:0903/062435.755354:VERBOSE1:basic_ice_controller.cc(545)] Conn[1f27000:0:Net[any:0.0.0.x/0:Wildcard:id=0]:yp3Sqi6p:1:0:local:tcp:2a17da0c-851b-42b9-89d4-c6cd4d4fca29.local:9->80uWO1+J:1:1010827519:local:tcp:172.31.30.x:53282|C-xW|-|0|0|4341471139021733375|-]
[103:144:0903/062435.755428:VERBOSE1:basic_ice_controller.cc(545)] Conn[20ec000:0:Net[any:0.0.0.x/0:Wildcard:id=0]:yp3Sqi6p:1:0:local:tcp:2a17da0c-851b-42b9-89d4-c6cd4d4fca29.local:9->/rZ3bpd6:1:843055359:stun:tcp:13.251.82.x:53282|--xW|-|0|0|3620895198642454015|-]
[103:144:0903/062435.755480:VERBOSE1:basic_ice_controller.cc(545)] Conn[1f2a000:0:Net[any:0.0.0.x/0:Wildcard:id=0]:XhrZDDoj:1:0:relay:udp:192.168.160.x:61798->pAnvqXqS:1:2015363583:local:udp:192.168.160.x:46700|C-xW|-|0|0|144150372183704574|-]
[103:144:0903/062435.755533:VERBOSE1:basic_ice_controller.cc(545)] Conn[1f28800:0:Net[any:0.0.0.x/0:Wildcard:id=0]:XhrZDDoj:1:0:relay:udp:192.168.160.x:61798->RymAdc+Q:1:2015363327:local:udp:172.31.30.x:48717|C-xW|-|0|0|144150372183704062|-]
[103:144:0903/062435.755586:VERBOSE1:p2p_transport_channel.cc(417)] Channel[0|1|RW]: Ice not completed yet for this channel as Net[any:0.0.0.x/0:Wildcard:id=0] has more than 1 connection.
[103:144:0903/062435.755646:WARNING:jsep_transport_controller.cc(294)] Not adding candidate because the JsepTransport doesn't exist. Ignore it.
[103:144:0903/062435.755727:INFO:connection.cc(243)] Conn[20ed800:0:Net[any:0.0.0.x/0:Wildcard:id=0]:yp3Sqi6p:1:0:local:tcp:2a17da0c-851b-42b9-89d4-c6cd4d4fca29.local:9->NYiT23x4:1:1010827775:local:tcp:192.168.160.x:53216|C--W|-|0|0|4341472238533361151|-]: Connection created
[103:144:0903/062435.755839:VERBOSE1:tcp_port.cc(587)] Conn[20ed800:0:Net[any:0.0.0.x/0:Wildcard:id=0]:yp3Sqi6p:1:0:local:tcp:2a17da0c-851b-42b9-89d4-c6cd4d4fca29.local:9->NYiT23x4:1:1010827775:local:tcp:192.168.160.x:53216|C--W|-|0|0|4341472238533361151|-]: Connecting from 0.0.0.x:0 to 192.168.160.x:53216
[103:144:0903/062435.755893:VERBOSE1:connection.cc(351)] Conn[20ed800:0:Net[any:0.0.0.x/0:Wildcard:id=0]:yp3Sqi6p:1:0:local:tcp:2a17da0c-851b-42b9-89d4-c6cd4d4fca29.local:9->NYiT23x4:1:1010827775:local:tcp:192.168.160.x:53216|---W|-|0|0|4341472238533361151|-]: Change connected_ to 0
[103:144:0903/062435.755951:INFO:p2p_transport_channel.cc(1451)] Channel[0|1|RW]: Created connection with origin: 2, total: 8
[103:144:0903/062435.756006:VERBOSE1:connection.cc(871)] Conn[1f27000:0:Net[any:0.0.0.x/0:Wildcard:id=0]:yp3Sqi6p:1:0:local:tcp:2a17da0c-851b-42b9-89d4-c6cd4d4fca29.local:9->80uWO1+J:1:1010827519:local:tcp:172.31.30.x:53282|C-xW|-|0|0|4341471139021733375|-]: UpdateState(), ms since last received response=13394298750, ms since last received data=13394298750, rtt=6000, pings_since_last_response=
[103:144:0903/062435.756055:VERBOSE1:connection.cc(871)] Conn[1f26400:0:Net[any:0.0.0.x/0:Wildcard:id=0]:iOnU5k9N:1:0:stun:udp:13.251.82.x:54444->bf/fi9AV:1:1847591423:prflx:udp:13.251.82.x:46700|CRWI|S|0|0|7205793488053470206|2]: UpdateState(), ms since last received response=139, ms since last received data=1, rtt=100, pings_since_last_response=505a49544467657741324b57 
[103:144:0903/062435.756100:VERBOSE1:connection.cc(871)] Conn[1f28800:0:Net[any:0.0.0.x/0:Wildcard:id=0]:XhrZDDoj:1:0:relay:udp:192.168.160.x:61798->RymAdc+Q:1:2015363327:local:udp:172.31.30.x:48717|C-xW|-|0|0|144150372183704062|-]: UpdateState(), ms since last received response=13394298750, ms since last received data=13394298750, rtt=6000, pings_since_last_response=
[103:144:0903/062435.756144:VERBOSE1:connection.cc(871)] Conn[1f27c00:0:Net[any:0.0.0.x/0:Wildcard:id=0]:iOnU5k9N:1:0:stun:udp:13.251.82.x:54444->RymAdc+Q:1:2015363327:local:udp:172.31.30.x:48717|C--W|-|0|0|7205793488389014014|-]: UpdateState(), ms since last received response=13394298750, ms since last received data=13394298750, rtt=6000, pings_since_last_response=
[103:144:0903/062435.756187:VERBOSE1:connection.cc(871)] Conn[1f2a000:0:Net[any:0.0.0.x/0:Wildcard:id=0]:XhrZDDoj:1:0:relay:udp:192.168.160.x:61798->pAnvqXqS:1:2015363583:local:udp:192.168.160.x:46700|C-xW|-|0|0|144150372183704574|-]: UpdateState(), ms since last received response=13394298750, ms since last received data=13394298750, rtt=6000, pings_since_last_response=
[103:144:0903/062435.756230:VERBOSE1:connection.cc(871)] Conn[1f29400:0:Net[any:0.0.0.x/0:Wildcard:id=0]:iOnU5k9N:1:0:stun:udp:13.251.82.x:54444->pAnvqXqS:1:2015363583:local:udp:192.168.160.x:46700|C--W|-|0|0|7205793488389014526|-]: UpdateState(), ms since last received response=13394298750, ms since last received data=13394298750, rtt=6000, pings_since_last_response=
[103:144:0903/062435.756279:VERBOSE1:connection.cc(871)] Conn[20ec000:0:Net[any:0.0.0.x/0:Wildcard:id=0]:yp3Sqi6p:1:0:local:tcp:2a17da0c-851b-42b9-89d4-c6cd4d4fca29.local:9->/rZ3bpd6:1:843055359:stun:tcp:13.251.82.x:53282|--xW|-|0|0|3620895198642454015|-]: UpdateState(), ms since last received response=13394298750, ms since last received data=13394298750, rtt=6000, pings_since_last_response=
[103:144:0903/062435.756324:VERBOSE1:connection.cc(871)] Conn[20ed800:0:Net[any:0.0.0.x/0:Wildcard:id=0]:yp3Sqi6p:1:0:local:tcp:2a17da0c-851b-42b9-89d4-c6cd4d4fca29.local:9->NYiT23x4:1:1010827775:local:tcp:192.168.160.x:53216|---W|-|0|0|4341472238533361151|-]: UpdateState(), ms since last received response=13394298750, ms since last received data=13394298750, rtt=6000, pings_since_last_response=
[103:144:0903/062435.756366:VERBOSE1:basic_ice_controller.cc(542)] Sorting 8 available connections
[103:144:0903/062435.756414:VERBOSE1:basic_ice_controller.cc(545)] Conn[1f26400:0:Net[any:0.0.0.x/0:Wildcard:id=0]:iOnU5k9N:1:0:stun:udp:13.251.82.x:54444->bf/fi9AV:1:1847591423:prflx:udp:13.251.82.x:46700|CRWI|S|0|0|7205793488053470206|2]
[103:144:0903/062435.756460:VERBOSE1:basic_ice_controller.cc(545)] Conn[1f29400:0:Net[any:0.0.0.x/0:Wildcard:id=0]:iOnU5k9N:1:0:stun:udp:13.251.82.x:54444->pAnvqXqS:1:2015363583:local:udp:192.168.160.x:46700|C--W|-|0|0|7205793488389014526|-]
[103:144:0903/062435.756505:VERBOSE1:basic_ice_controller.cc(545)] Conn[1f27c00:0:Net[any:0.0.0.x/0:Wildcard:id=0]:iOnU5k9N:1:0:stun:udp:13.251.82.x:54444->RymAdc+Q:1:2015363327:local:udp:172.31.30.x:48717|C--W|-|0|0|7205793488389014014|-]
[103:144:0903/062435.756549:VERBOSE1:basic_ice_controller.cc(545)] Conn[20ed800:0:Net[any:0.0.0.x/0:Wildcard:id=0]:yp3Sqi6p:1:0:local:tcp:2a17da0c-851b-42b9-89d4-c6cd4d4fca29.local:9->NYiT23x4:1:1010827775:local:tcp:192.168.160.x:53216|---W|-|0|0|4341472238533361151|-]
[103:144:0903/062435.756594:VERBOSE1:basic_ice_controller.cc(545)] Conn[1f27000:0:Net[any:0.0.0.x/0:Wildcard:id=0]:yp3Sqi6p:1:0:local:tcp:2a17da0c-851b-42b9-89d4-c6cd4d4fca29.local:9->80uWO1+J:1:1010827519:local:tcp:172.31.30.x:53282|C-xW|-|0|0|4341471139021733375|-]
[103:144:0903/062435.756639:VERBOSE1:basic_ice_controller.cc(545)] Conn[20ec000:0:Net[any:0.0.0.x/0:Wildcard:id=0]:yp3Sqi6p:1:0:local:tcp:2a17da0c-851b-42b9-89d4-c6cd4d4fca29.local:9->/rZ3bpd6:1:843055359:stun:tcp:13.251.82.x:53282|--xW|-|0|0|3620895198642454015|-]
[103:144:0903/062435.756683:VERBOSE1:basic_ice_controller.cc(545)] Conn[1f2a000:0:Net[any:0.0.0.x/0:Wildcard:id=0]:XhrZDDoj:1:0:relay:udp:192.168.160.x:61798->pAnvqXqS:1:2015363583:local:udp:192.168.160.x:46700|C-xW|-|0|0|144150372183704574|-]
[103:144:0903/062435.756728:VERBOSE1:basic_ice_controller.cc(545)] Conn[1f28800:0:Net[any:0.0.0.x/0:Wildcard:id=0]:XhrZDDoj:1:0:relay:udp:192.168.160.x:61798->RymAdc+Q:1:2015363327:local:udp:172.31.30.x:48717|C-xW|-|0|0|144150372183704062|-]
[103:144:0903/062435.756778:INFO:connection.cc(778)] Conn[20ed800:0:Net[any:0.0.0.x/0:Wildcard:id=0]:yp3Sqi6p:1:0:local:tcp:2a17da0c-851b-42b9-89d4-c6cd4d4fca29.local:9->NYiT23x4:1:1010827775:local:tcp:192.168.160.x:53216|---W|-|0|0|4341472238533361151|-]: Connection pruned
[103:144:0903/062435.756823:VERBOSE1:connection.cc(305)] Conn[20ed800:0:Net[any:0.0.0.x/0:Wildcard:id=0]:yp3Sqi6p:1:0:local:tcp:2a17da0c-851b-42b9-89d4-c6cd4d4fca29.local:9->NYiT23x4:1:1010827775:local:tcp:192.168.160.x:53216|--xW|-|0|0|4341472238533361151|-]: set_write_state from: 2 to 3
[103:144:0903/062435.756869:VERBOSE1:p2p_transport_channel.cc(417)] Channel[0|1|RW]: Ice not completed yet for this channel as Net[any:0.0.0.x/0:Wildcard:id=0] has more than 1 connection.
[103:144:0903/062435.756917:WARNING:jsep_transport_controller.cc(294)] Not adding candidate because the JsepTransport doesn't exist. Ignore it.
[103:144:0903/062435.756980:WARNING:jsep_transport_controller.cc(294)] Not adding candidate because the JsepTransport doesn't exist. Ignore it.
[103:144:0903/062435.757026:WARNING:jsep_transport_controller.cc(294)] Not adding candidate because the JsepTransport doesn't exist. Ignore it.
[103:144:0903/062435.757082:VERBOSE1:connection.cc(871)] Conn[1f27000:0:Net[any:0.0.0.x/0:Wildcard:id=0]:yp3Sqi6p:1:0:local:tcp:2a17da0c-851b-42b9-89d4-c6cd4d4fca29.local:9->80uWO1+J:1:1010827519:local:tcp:172.31.30.x:53282|C-xW|-|0|0|4341471139021733375|-]: UpdateState(), ms since last received response=13394298751, ms since last received data=13394298751, rtt=6000, pings_since_last_response=
[103:144:0903/062435.757162:VERBOSE1:connection.cc(871)] Conn[1f26400:0:Net[any:0.0.0.x/0:Wildcard:id=0]:iOnU5k9N:1:0:stun:udp:13.251.82.x:54444->bf/fi9AV:1:1847591423:prflx:udp:13.251.82.x:46700|CRWI|S|0|0|7205793488053470206|2]: UpdateState(), ms since last received response=140, ms since last received data=2, rtt=100, pings_since_last_response=505a49544467657741324b57 
[103:144:0903/062435.757217:VERBOSE1:connection.cc(871)] Conn[1f28800:0:Net[any:0.0.0.x/0:Wildcard:id=0]:XhrZDDoj:1:0:relay:udp:192.168.160.x:61798->RymAdc+Q:1:2015363327:local:udp:172.31.30.x:48717|C-xW|-|0|0|144150372183704062|-]: UpdateState(), ms since last received response=13394298751, ms since last received data=13394298751, rtt=6000, pings_since_last_response=
[103:144:0903/062435.757267:VERBOSE1:connection.cc(871)] Conn[1f27c00:0:Net[any:0.0.0.x/0:Wildcard:id=0]:iOnU5k9N:1:0:stun:udp:13.251.82.x:54444->RymAdc+Q:1:2015363327:local:udp:172.31.30.x:48717|C--W|-|0|0|7205793488389014014|-]: UpdateState(), ms since last received response=13394298751, ms since last received data=13394298751, rtt=6000, pings_since_last_response=
[103:144:0903/062435.757315:VERBOSE1:connection.cc(871)] Conn[1f2a000:0:Net[any:0.0.0.x/0:Wildcard:id=0]:XhrZDDoj:1:0:relay:udp:192.168.160.x:61798->pAnvqXqS:1:2015363583:local:udp:192.168.160.x:46700|C-xW|-|0|0|144150372183704574|-]: UpdateState(), ms since last received response=13394298751, ms since last received data=13394298751, rtt=6000, pings_since_last_response=
[103:144:0903/062435.757363:VERBOSE1:connection.cc(871)] Conn[1f29400:0:Net[any:0.0.0.x/0:Wildcard:id=0]:iOnU5k9N:1:0:stun:udp:13.251.82.x:54444->pAnvqXqS:1:2015363583:local:udp:192.168.160.x:46700|C--W|-|0|0|7205793488389014526|-]: UpdateState(), ms since last received response=13394298751, ms since last received data=13394298751, rtt=6000, pings_since_last_response=
[103:144:0903/062435.757410:VERBOSE1:connection.cc(871)] Conn[20ec000:0:Net[any:0.0.0.x/0:Wildcard:id=0]:yp3Sqi6p:1:0:local:tcp:2a17da0c-851b-42b9-89d4-c6cd4d4fca29.local:9->/rZ3bpd6:1:843055359:stun:tcp:13.251.82.x:53282|--xW|-|0|0|3620895198642454015|-]: UpdateState(), ms since last received response=13394298751, ms since last received data=13394298751, rtt=6000, pings_since_last_response=
[103:144:0903/062435.757458:VERBOSE1:connection.cc(871)] Conn[20ed800:0:Net[any:0.0.0.x/0:Wildcard:id=0]:yp3Sqi6p:1:0:local:tcp:2a17da0c-851b-42b9-89d4-c6cd4d4fca29.local:9->NYiT23x4:1:1010827775:local:tcp:192.168.160.x:53216|--xW|-|0|0|4341472238533361151|-]: UpdateState(), ms since last received response=13394298751, ms since last received data=13394298751, rtt=6000, pings_since_last_response=
[103:144:0903/062435.757500:VERBOSE1:basic_ice_controller.cc(542)] Sorting 8 available connections
[103:144:0903/062435.757544:VERBOSE1:basic_ice_controller.cc(545)] Conn[1f26400:0:Net[any:0.0.0.x/0:Wildcard:id=0]:iOnU5k9N:1:0:stun:udp:13.251.82.x:54444->bf/fi9AV:1:1847591423:prflx:udp:13.251.82.x:46700|CRWI|S|0|0|7205793488053470206|2]
[103:144:0903/062435.757592:VERBOSE1:basic_ice_controller.cc(545)] Conn[1f29400:0:Net[any:0.0.0.x/0:Wildcard:id=0]:iOnU5k9N:1:0:stun:udp:13.251.82.x:54444->pAnvqXqS:1:2015363583:local:udp:192.168.160.x:46700|C--W|-|0|0|7205793488389014526|-]
[103:144:0903/062435.757645:VERBOSE1:basic_ice_controller.cc(545)] Conn[1f27c00:0:Net[any:0.0.0.x/0:Wildcard:id=0]:iOnU5k9N:1:0:stun:udp:13.251.82.x:54444->RymAdc+Q:1:2015363327:local:udp:172.31.30.x:48717|C--W|-|0|0|7205793488389014014|-]
[103:144:0903/062435.757696:VERBOSE1:basic_ice_controller.cc(545)] Conn[20ed800:0:Net[any:0.0.0.x/0:Wildcard:id=0]:yp3Sqi6p:1:0:local:tcp:2a17da0c-851b-42b9-89d4-c6cd4d4fca29.local:9->NYiT23x4:1:1010827775:local:tcp:192.168.160.x:53216|--xW|-|0|0|4341472238533361151|-]
[103:144:0903/062435.757742:VERBOSE1:basic_ice_controller.cc(545)] Conn[1f27000:0:Net[any:0.0.0.x/0:Wildcard:id=0]:yp3Sqi6p:1:0:local:tcp:2a17da0c-851b-42b9-89d4-c6cd4d4fca29.local:9->80uWO1+J:1:1010827519:local:tcp:172.31.30.x:53282|C-xW|-|0|0|4341471139021733375|-]
[103:144:0903/062435.757788:VERBOSE1:basic_ice_controller.cc(545)] Conn[20ec000:0:Net[any:0.0.0.x/0:Wildcard:id=0]:yp3Sqi6p:1:0:local:tcp:2a17da0c-851b-42b9-89d4-c6cd4d4fca29.local:9->/rZ3bpd6:1:843055359:stun:tcp:13.251.82.x:53282|--xW|-|0|0|3620895198642454015|-]
[103:144:0903/062435.757831:VERBOSE1:basic_ice_controller.cc(545)] Conn[1f2a000:0:Net[any:0.0.0.x/0:Wildcard:id=0]:XhrZDDoj:1:0:relay:udp:192.168.160.x:61798->pAnvqXqS:1:2015363583:local:udp:192.168.160.x:46700|C-xW|-|0|0|144150372183704574|-]
[103:144:0903/062435.757876:VERBOSE1:basic_ice_controller.cc(545)] Conn[1f28800:0:Net[any:0.0.0.x/0:Wildcard:id=0]:XhrZDDoj:1:0:relay:udp:192.168.160.x:61798->RymAdc+Q:1:2015363327:local:udp:172.31.30.x:48717|C-xW|-|0|0|144150372183704062|-]
[103:144:0903/062435.757922:VERBOSE1:p2p_transport_channel.cc(417)] Channel[0|1|RW]: Ice not completed yet for this channel as Net[any:0.0.0.x/0:Wildcard:id=0] has more than 1 connection.
[103:144:0903/062435.757989:INFO:connection.cc(243)] Conn[20ecc00:0:Net[any:0.0.0.x/0:Wildcard:id=0]:XhrZDDoj:1:0:relay:udp:192.168.160.x:61798->HKpcngki:1:1679819007:stun:udp:13.251.82.x:48717|C--W|-|0|0|144150371512615422|-]: Connection created
[103:144:0903/062435.758199:INFO:turn_port.cc(1613)] Port[1ead400:0:1:0:relay:Net[any:0.0.0.x/0:Wildcard:id=0]]: TURN create permission request sent, id=686441726d2b525153356934
[103:144:0903/062435.758343:INFO:p2p_transport_channel.cc(1451)] Channel[0|1|RW]: Created connection with origin: 2, total: 9
[103:144:0903/062435.758707:INFO:connection.cc(243)] Conn[20ef000:0:Net[any:0.0.0.x/0:Wildcard:id=0]:iOnU5k9N:1:0:stun:udp:13.251.82.x:54444->HKpcngki:1:1679819007:stun:udp:13.251.82.x:48717|C--W|-|0|0|7205793487717925374|-]: Connection created
[103:144:0903/062435.758773:INFO:p2p_transport_channel.cc(1451)] Channel[0|1|RW]: Created connection with origin: 2, total: 10
[103:144:0903/062435.758823:VERBOSE1:connection.cc(871)] Conn[1f27000:0:Net[any:0.0.0.x/0:Wildcard:id=0]:yp3Sqi6p:1:0:local:tcp:2a17da0c-851b-42b9-89d4-c6cd4d4fca29.local:9->80uWO1+J:1:1010827519:local:tcp:172.31.30.x:53282|C-xW|-|0|0|4341471139021733375|-]: UpdateState(), ms since last received response=13394298753, ms since last received data=13394298753, rtt=6000, pings_since_last_response=
[103:144:0903/062435.758873:VERBOSE1:connection.cc(871)] Conn[1f26400:0:Net[any:0.0.0.x/0:Wildcard:id=0]:iOnU5k9N:1:0:stun:udp:13.251.82.x:54444->bf/fi9AV:1:1847591423:prflx:udp:13.251.82.x:46700|CRWI|S|0|0|7205793488053470206|2]: UpdateState(), ms since last received response=142, ms since last received data=4, rtt=100, pings_since_last_response=505a49544467657741324b57 
[103:144:0903/062435.758925:VERBOSE1:connection.cc(871)] Conn[1f28800:0:Net[any:0.0.0.x/0:Wildcard:id=0]:XhrZDDoj:1:0:relay:udp:192.168.160.x:61798->RymAdc+Q:1:2015363327:local:udp:172.31.30.x:48717|C-xW|-|0|0|144150372183704062|-]: UpdateState(), ms since last received response=13394298753, ms since last received data=13394298753, rtt=6000, pings_since_last_response=
[103:144:0903/062435.758971:VERBOSE1:connection.cc(871)] Conn[1f27c00:0:Net[any:0.0.0.x/0:Wildcard:id=0]:iOnU5k9N:1:0:stun:udp:13.251.82.x:54444->RymAdc+Q:1:2015363327:local:udp:172.31.30.x:48717|C--W|-|0|0|7205793488389014014|-]: UpdateState(), ms since last received response=13394298753, ms since last received data=13394298753, rtt=6000, pings_since_last_response=
[103:144:0903/062435.759016:VERBOSE1:connection.cc(871)] Conn[1f2a000:0:Net[any:0.0.0.x/0:Wildcard:id=0]:XhrZDDoj:1:0:relay:udp:192.168.160.x:61798->pAnvqXqS:1:2015363583:local:udp:192.168.160.x:46700|C-xW|-|0|0|144150372183704574|-]: UpdateState(), ms since last received response=13394298753, ms since last received data=13394298753, rtt=6000, pings_since_last_response=
[103:144:0903/062435.759069:VERBOSE1:connection.cc(871)] Conn[1f29400:0:Net[any:0.0.0.x/0:Wildcard:id=0]:iOnU5k9N:1:0:stun:udp:13.251.82.x:54444->pAnvqXqS:1:2015363583:local:udp:192.168.160.x:46700|C--W|-|0|0|7205793488389014526|-]: UpdateState(), ms since last received response=13394298753, ms since last received data=13394298753, rtt=6000, pings_since_last_response=
[103:144:0903/062435.759114:VERBOSE1:connection.cc(871)] Conn[20ec000:0:Net[any:0.0.0.x/0:Wildcard:id=0]:yp3Sqi6p:1:0:local:tcp:2a17da0c-851b-42b9-89d4-c6cd4d4fca29.local:9->/rZ3bpd6:1:843055359:stun:tcp:13.251.82.x:53282|--xW|-|0|0|3620895198642454015|-]: UpdateState(), ms since last received response=13394298753, ms since last received data=13394298753, rtt=6000, pings_since_last_response=
[103:144:0903/062435.759167:VERBOSE1:connection.cc(871)] Conn[20ed800:0:Net[any:0.0.0.x/0:Wildcard:id=0]:yp3Sqi6p:1:0:local:tcp:2a17da0c-851b-42b9-89d4-c6cd4d4fca29.local:9->NYiT23x4:1:1010827775:local:tcp:192.168.160.x:53216|--xW|-|0|0|4341472238533361151|-]: UpdateState(), ms since last received response=13394298753, ms since last received data=13394298753, rtt=6000, pings_since_last_response=
[103:144:0903/062435.759213:VERBOSE1:connection.cc(871)] Conn[20ecc00:0:Net[any:0.0.0.x/0:Wildcard:id=0]:XhrZDDoj:1:0:relay:udp:192.168.160.x:61798->HKpcngki:1:1679819007:stun:udp:13.251.82.x:48717|C--W|-|0|0|144150371512615422|-]: UpdateState(), ms since last received response=13394298753, ms since last received data=13394298753, rtt=6000, pings_since_last_response=
[103:144:0903/062435.759258:VERBOSE1:connection.cc(871)] Conn[20ef000:0:Net[any:0.0.0.x/0:Wildcard:id=0]:iOnU5k9N:1:0:stun:udp:13.251.82.x:54444->HKpcngki:1:1679819007:stun:udp:13.251.82.x:48717|C--W|-|0|0|7205793487717925374|-]: UpdateState(), ms since last received response=13394298753, ms since last received data=13394298753, rtt=6000, pings_since_last_response=
[103:144:0903/062435.759299:VERBOSE1:basic_ice_controller.cc(542)] Sorting 10 available connections
[103:144:0903/062435.759345:VERBOSE1:basic_ice_controller.cc(545)] Conn[1f26400:0:Net[any:0.0.0.x/0:Wildcard:id=0]:iOnU5k9N:1:0:stun:udp:13.251.82.x:54444->bf/fi9AV:1:1847591423:prflx:udp:13.251.82.x:46700|CRWI|S|0|0|7205793488053470206|2]
[103:144:0903/062435.759388:VERBOSE1:basic_ice_controller.cc(545)] Conn[1f29400:0:Net[any:0.0.0.x/0:Wildcard:id=0]:iOnU5k9N:1:0:stun:udp:13.251.82.x:54444->pAnvqXqS:1:2015363583:local:udp:192.168.160.x:46700|C--W|-|0|0|7205793488389014526|-]
[103:144:0903/062435.759430:VERBOSE1:basic_ice_controller.cc(545)] Conn[1f27c00:0:Net[any:0.0.0.x/0:Wildcard:id=0]:iOnU5k9N:1:0:stun:udp:13.251.82.x:54444->RymAdc+Q:1:2015363327:local:udp:172.31.30.x:48717|C--W|-|0|0|7205793488389014014|-]
[103:144:0903/062435.759471:VERBOSE1:basic_ice_controller.cc(545)] Conn[20ef000:0:Net[any:0.0.0.x/0:Wildcard:id=0]:iOnU5k9N:1:0:stun:udp:13.251.82.x:54444->HKpcngki:1:1679819007:stun:udp:13.251.82.x:48717|C--W|-|0|0|7205793487717925374|-]
[103:144:0903/062435.759514:VERBOSE1:basic_ice_controller.cc(545)] Conn[20ecc00:0:Net[any:0.0.0.x/0:Wildcard:id=0]:XhrZDDoj:1:0:relay:udp:192.168.160.x:61798->HKpcngki:1:1679819007:stun:udp:13.251.82.x:48717|C--W|-|0|0|144150371512615422|-]
[103:144:0903/062435.761236:VERBOSE1:basic_ice_controller.cc(545)] Conn[20ed800:0:Net[any:0.0.0.x/0:Wildcard:id=0]:yp3Sqi6p:1:0:local:tcp:2a17da0c-851b-42b9-89d4-c6cd4d4fca29.local:9->NYiT23x4:1:1010827775:local:tcp:192.168.160.x:53216|--xW|-|0|0|4341472238533361151|-]
[103:144:0903/062435.761304:VERBOSE1:basic_ice_controller.cc(545)] Conn[1f27000:0:Net[any:0.0.0.x/0:Wildcard:id=0]:yp3Sqi6p:1:0:local:tcp:2a17da0c-851b-42b9-89d4-c6cd4d4fca29.local:9->80uWO1+J:1:1010827519:local:tcp:172.31.30.x:53282|C-xW|-|0|0|4341471139021733375|-]
[103:144:0903/062435.761353:VERBOSE1:basic_ice_controller.cc(545)] Conn[20ec000:0:Net[any:0.0.0.x/0:Wildcard:id=0]:yp3Sqi6p:1:0:local:tcp:2a17da0c-851b-42b9-89d4-c6cd4d4fca29.local:9->/rZ3bpd6:1:843055359:stun:tcp:13.251.82.x:53282|--xW|-|0|0|3620895198642454015|-]
[103:144:0903/062435.761408:VERBOSE1:basic_ice_controller.cc(545)] Conn[1f2a000:0:Net[any:0.0.0.x/0:Wildcard:id=0]:XhrZDDoj:1:0:relay:udp:192.168.160.x:61798->pAnvqXqS:1:2015363583:local:udp:192.168.160.x:46700|C-xW|-|0|0|144150372183704574|-]
[103:144:0903/062435.761452:VERBOSE1:basic_ice_controller.cc(545)] Conn[1f28800:0:Net[any:0.0.0.x/0:Wildcard:id=0]:XhrZDDoj:1:0:relay:udp:192.168.160.x:61798->RymAdc+Q:1:2015363327:local:udp:172.31.30.x:48717|C-xW|-|0|0|144150372183704062|-]
[103:144:0903/062435.761504:INFO:connection.cc(778)] Conn[20ef000:0:Net[any:0.0.0.x/0:Wildcard:id=0]:iOnU5k9N:1:0:stun:udp:13.251.82.x:54444->HKpcngki:1:1679819007:stun:udp:13.251.82.x:48717|C--W|-|0|0|7205793487717925374|-]: Connection pruned
[103:144:0903/062435.761551:VERBOSE1:connection.cc(305)] Conn[20ef000:0:Net[any:0.0.0.x/0:Wildcard:id=0]:iOnU5k9N:1:0:stun:udp:13.251.82.x:54444->HKpcngki:1:1679819007:stun:udp:13.251.82.x:48717|C-xW|-|0|0|7205793487717925374|-]: set_write_state from: 2 to 3
[103:144:0903/062435.761602:INFO:connection.cc(778)] Conn[20ecc00:0:Net[any:0.0.0.x/0:Wildcard:id=0]:XhrZDDoj:1:0:relay:udp:192.168.160.x:61798->HKpcngki:1:1679819007:stun:udp:13.251.82.x:48717|C--W|-|0|0|144150371512615422|-]: Connection pruned
[103:144:0903/062435.761649:VERBOSE1:connection.cc(305)] Conn[20ecc00:0:Net[any:0.0.0.x/0:Wildcard:id=0]:XhrZDDoj:1:0:relay:udp:192.168.160.x:61798->HKpcngki:1:1679819007:stun:udp:13.251.82.x:48717|C-xW|-|0|0|144150371512615422|-]: set_write_state from: 2 to 3
[103:144:0903/062435.761693:VERBOSE1:p2p_transport_channel.cc(417)] Channel[0|1|RW]: Ice not completed yet for this channel as Net[any:0.0.0.x/0:Wildcard:id=0] has more than 1 connection.
[103:144:0903/062435.761748:WARNING:jsep_transport_controller.cc(294)] Not adding candidate because the JsepTransport doesn't exist. Ignore it.
[103:144:0903/062435.761792:WARNING:jsep_transport_controller.cc(294)] Not adding candidate because the JsepTransport doesn't exist. Ignore it.
[103:144:0903/062435.761833:WARNING:jsep_transport_controller.cc(294)] Not adding candidate because the JsepTransport doesn't exist. Ignore it.
[103:144:0903/062435.761891:VERBOSE1:connection.cc(871)] Conn[1f27000:0:Net[any:0.0.0.x/0:Wildcard:id=0]:yp3Sqi6p:1:0:local:tcp:2a17da0c-851b-42b9-89d4-c6cd4d4fca29.local:9->80uWO1+J:1:1010827519:local:tcp:172.31.30.x:53282|C-xW|-|0|0|4341471139021733375|-]: UpdateState(), ms since last received response=13394298756, ms since last received data=13394298756, rtt=6000, pings_since_last_response=
[103:144:0903/062435.761941:VERBOSE1:connection.cc(871)] Conn[1f26400:0:Net[any:0.0.0.x/0:Wildcard:id=0]:iOnU5k9N:1:0:stun:udp:13.251.82.x:54444->bf/fi9AV:1:1847591423:prflx:udp:13.251.82.x:46700|CRWI|S|0|0|7205793488053470206|2]: UpdateState(), ms since last received response=145, ms since last received data=7, rtt=100, pings_since_last_response=505a49544467657741324b57 
[103:144:0903/062435.761985:VERBOSE1:connection.cc(871)] Conn[1f28800:0:Net[any:0.0.0.x/0:Wildcard:id=0]:XhrZDDoj:1:0:relay:udp:192.168.160.x:61798->RymAdc+Q:1:2015363327:local:udp:172.31.30.x:48717|C-xW|-|0|0|144150372183704062|-]: UpdateState(), ms since last received response=13394298756, ms since last received data=13394298756, rtt=6000, pings_since_last_response=
[103:144:0903/062435.762029:VERBOSE1:connection.cc(871)] Conn[1f27c00:0:Net[any:0.0.0.x/0:Wildcard:id=0]:iOnU5k9N:1:0:stun:udp:13.251.82.x:54444->RymAdc+Q:1:2015363327:local:udp:172.31.30.x:48717|C--W|-|0|0|7205793488389014014|-]: UpdateState(), ms since last received response=13394298756, ms since last received data=13394298756, rtt=6000, pings_since_last_response=
[103:144:0903/062435.762073:VERBOSE1:connection.cc(871)] Conn[1f2a000:0:Net[any:0.0.0.x/0:Wildcard:id=0]:XhrZDDoj:1:0:relay:udp:192.168.160.x:61798->pAnvqXqS:1:2015363583:local:udp:192.168.160.x:46700|C-xW|-|0|0|144150372183704574|-]: UpdateState(), ms since last received response=13394298756, ms since last received data=13394298756, rtt=6000, pings_since_last_response=
[103:144:0903/062435.762135:VERBOSE1:connection.cc(871)] Conn[1f29400:0:Net[any:0.0.0.x/0:Wildcard:id=0]:iOnU5k9N:1:0:stun:udp:13.251.82.x:54444->pAnvqXqS:1:2015363583:local:udp:192.168.160.x:46700|C--W|-|0|0|7205793488389014526|-]: UpdateState(), ms since last received response=13394298756, ms since last received data=13394298756, rtt=6000, pings_since_last_response=
[103:144:0903/062435.762184:VERBOSE1:connection.cc(871)] Conn[20ec000:0:Net[any:0.0.0.x/0:Wildcard:id=0]:yp3Sqi6p:1:0:local:tcp:2a17da0c-851b-42b9-89d4-c6cd4d4fca29.local:9->/rZ3bpd6:1:843055359:stun:tcp:13.251.82.x:53282|--xW|-|0|0|3620895198642454015|-]: UpdateState(), ms since last received response=13394298756, ms since last received data=13394298756, rtt=6000, pings_since_last_response=
[103:144:0903/062435.762232:VERBOSE1:connection.cc(871)] Conn[20ed800:0:Net[any:0.0.0.x/0:Wildcard:id=0]:yp3Sqi6p:1:0:local:tcp:2a17da0c-851b-42b9-89d4-c6cd4d4fca29.local:9->NYiT23x4:1:1010827775:local:tcp:192.168.160.x:53216|--xW|-|0|0|4341472238533361151|-]: UpdateState(), ms since last received response=13394298756, ms since last received data=13394298756, rtt=6000, pings_since_last_response=
[103:144:0903/062435.762278:VERBOSE1:connection.cc(871)] Conn[20ecc00:0:Net[any:0.0.0.x/0:Wildcard:id=0]:XhrZDDoj:1:0:relay:udp:192.168.160.x:61798->HKpcngki:1:1679819007:stun:udp:13.251.82.x:48717|C-xW|-|0|0|144150371512615422|-]: UpdateState(), ms since last received response=13394298756, ms since last received data=13394298756, rtt=6000, pings_since_last_response=
[103:144:0903/062435.762323:VERBOSE1:connection.cc(871)] Conn[20ef000:0:Net[any:0.0.0.x/0:Wildcard:id=0]:iOnU5k9N:1:0:stun:udp:13.251.82.x:54444->HKpcngki:1:1679819007:stun:udp:13.251.82.x:48717|C-xW|-|0|0|7205793487717925374|-]: UpdateState(), ms since last received response=13394298756, ms since last received data=13394298756, rtt=6000, pings_since_last_response=
[103:144:0903/062435.762365:VERBOSE1:basic_ice_controller.cc(542)] Sorting 10 available connections
[103:144:0903/062435.762409:VERBOSE1:basic_ice_controller.cc(545)] Conn[1f26400:0:Net[any:0.0.0.x/0:Wildcard:id=0]:iOnU5k9N:1:0:stun:udp:13.251.82.x:54444->bf/fi9AV:1:1847591423:prflx:udp:13.251.82.x:46700|CRWI|S|0|0|7205793488053470206|2]
[103:144:0903/062435.762452:VERBOSE1:basic_ice_controller.cc(545)] Conn[1f29400:0:Net[any:0.0.0.x/0:Wildcard:id=0]:iOnU5k9N:1:0:stun:udp:13.251.82.x:54444->pAnvqXqS:1:2015363583:local:udp:192.168.160.x:46700|C--W|-|0|0|7205793488389014526|-]
[103:144:0903/062435.762495:VERBOSE1:basic_ice_controller.cc(545)] Conn[1f27c00:0:Net[any:0.0.0.x/0:Wildcard:id=0]:iOnU5k9N:1:0:stun:udp:13.251.82.x:54444->RymAdc+Q:1:2015363327:local:udp:172.31.30.x:48717|C--W|-|0|0|7205793488389014014|-]
[103:144:0903/062435.762540:VERBOSE1:basic_ice_controller.cc(545)] Conn[20ef000:0:Net[any:0.0.0.x/0:Wildcard:id=0]:iOnU5k9N:1:0:stun:udp:13.251.82.x:54444->HKpcngki:1:1679819007:stun:udp:13.251.82.x:48717|C-xW|-|0|0|7205793487717925374|-]
[103:144:0903/062435.762595:VERBOSE1:basic_ice_controller.cc(545)] Conn[20ed800:0:Net[any:0.0.0.x/0:Wildcard:id=0]:yp3Sqi6p:1:0:local:tcp:2a17da0c-851b-42b9-89d4-c6cd4d4fca29.local:9->NYiT23x4:1:1010827775:local:tcp:192.168.160.x:53216|--xW|-|0|0|4341472238533361151|-]
[103:144:0903/062435.762639:VERBOSE1:basic_ice_controller.cc(545)] Conn[1f27000:0:Net[any:0.0.0.x/0:Wildcard:id=0]:yp3Sqi6p:1:0:local:tcp:2a17da0c-851b-42b9-89d4-c6cd4d4fca29.local:9->80uWO1+J:1:1010827519:local:tcp:172.31.30.x:53282|C-xW|-|0|0|4341471139021733375|-]
[103:144:0903/062435.762684:VERBOSE1:basic_ice_controller.cc(545)] Conn[20ec000:0:Net[any:0.0.0.x/0:Wildcard:id=0]:yp3Sqi6p:1:0:local:tcp:2a17da0c-851b-42b9-89d4-c6cd4d4fca29.local:9->/rZ3bpd6:1:843055359:stun:tcp:13.251.82.x:53282|--xW|-|0|0|3620895198642454015|-]
[103:144:0903/062435.762729:VERBOSE1:basic_ice_controller.cc(545)] Conn[1f2a000:0:Net[any:0.0.0.x/0:Wildcard:id=0]:XhrZDDoj:1:0:relay:udp:192.168.160.x:61798->pAnvqXqS:1:2015363583:local:udp:192.168.160.x:46700|C-xW|-|0|0|144150372183704574|-]
[103:144:0903/062435.762781:VERBOSE1:basic_ice_controller.cc(545)] Conn[1f28800:0:Net[any:0.0.0.x/0:Wildcard:id=0]:XhrZDDoj:1:0:relay:udp:192.168.160.x:61798->RymAdc+Q:1:2015363327:local:udp:172.31.30.x:48717|C-xW|-|0|0|144150372183704062|-]
[103:144:0903/062435.762825:VERBOSE1:basic_ice_controller.cc(545)] Conn[20ecc00:0:Net[any:0.0.0.x/0:Wildcard:id=0]:XhrZDDoj:1:0:relay:udp:192.168.160.x:61798->HKpcngki:1:1679819007:stun:udp:13.251.82.x:48717|C-xW|-|0|0|144150371512615422|-]
[103:144:0903/062435.762873:VERBOSE1:p2p_transport_channel.cc(417)] Channel[0|1|RW]: Ice not completed yet for this channel as Net[any:0.0.0.x/0:Wildcard:id=0] has more than 1 connection.
[103:144:0903/062435.762928:WARNING:peer_connection.cc(2708)] Candidate has an unknown component: Cand[:1:2:udp:2015363326:172.31.30.x:42355:local::0:::0:0:0] for mid 0
[103:144:0903/062435.762974:WARNING:jsep_transport_controller.cc(294)] Not adding candidate because the JsepTransport doesn't exist. Ignore it.
[103:144:0903/062435.763023:WARNING:jsep_transport_controller.cc(294)] Not adding candidate because the JsepTransport doesn't exist. Ignore it.
[103:144:0903/062435.763074:VERBOSE1:connection.cc(871)] Conn[1f27000:0:Net[any:0.0.0.x/0:Wildcard:id=0]:yp3Sqi6p:1:0:local:tcp:2a17da0c-851b-42b9-89d4-c6cd4d4fca29.local:9->80uWO1+J:1:1010827519:local:tcp:172.31.30.x:53282|C-xW|-|0|0|4341471139021733375|-]: UpdateState(), ms since last received response=13394298757, ms since last received data=13394298757, rtt=6000, pings_since_last_response=
[103:144:0903/062435.763124:VERBOSE1:connection.cc(871)] Conn[1f26400:0:Net[any:0.0.0.x/0:Wildcard:id=0]:iOnU5k9N:1:0:stun:udp:13.251.82.x:54444->bf/fi9AV:1:1847591423:prflx:udp:13.251.82.x:46700|CRWI|S|0|0|7205793488053470206|2]: UpdateState(), ms since last received response=146, ms since last received data=8, rtt=100, pings_since_last_response=505a49544467657741324b57 
[103:144:0903/062435.763170:VERBOSE1:connection.cc(871)] Conn[1f28800:0:Net[any:0.0.0.x/0:Wildcard:id=0]:XhrZDDoj:1:0:relay:udp:192.168.160.x:61798->RymAdc+Q:1:2015363327:local:udp:172.31.30.x:48717|C-xW|-|0|0|144150372183704062|-]: UpdateState(), ms since last received response=13394298757, ms since last received data=13394298757, rtt=6000, pings_since_last_response=
[103:144:0903/062435.763217:VERBOSE1:connection.cc(871)] Conn[1f27c00:0:Net[any:0.0.0.x/0:Wildcard:id=0]:iOnU5k9N:1:0:stun:udp:13.251.82.x:54444->RymAdc+Q:1:2015363327:local:udp:172.31.30.x:48717|C--W|-|0|0|7205793488389014014|-]: UpdateState(), ms since last received response=13394298757, ms since last received data=13394298757, rtt=6000, pings_since_last_response=
[103:144:0903/062435.763263:VERBOSE1:connection.cc(871)] Conn[1f2a000:0:Net[any:0.0.0.x/0:Wildcard:id=0]:XhrZDDoj:1:0:relay:udp:192.168.160.x:61798->pAnvqXqS:1:2015363583:local:udp:192.168.160.x:46700|C-xW|-|0|0|144150372183704574|-]: UpdateState(), ms since last received response=13394298757, ms since last received data=13394298757, rtt=6000, pings_since_last_response=
[103:144:0903/062435.763306:VERBOSE1:connection.cc(871)] Conn[1f29400:0:Net[any:0.0.0.x/0:Wildcard:id=0]:iOnU5k9N:1:0:stun:udp:13.251.82.x:54444->pAnvqXqS:1:2015363583:local:udp:192.168.160.x:46700|C--W|-|0|0|7205793488389014526|-]: UpdateState(), ms since last received response=13394298757, ms since last received data=13394298757, rtt=6000, pings_since_last_response=
[103:144:0903/062435.765255:VERBOSE1:connection.cc(871)] Conn[20ec000:0:Net[any:0.0.0.x/0:Wildcard:id=0]:yp3Sqi6p:1:0:local:tcp:2a17da0c-851b-42b9-89d4-c6cd4d4fca29.local:9->/rZ3bpd6:1:843055359:stun:tcp:13.251.82.x:53282|--xW|-|0|0|3620895198642454015|-]: UpdateState(), ms since last received response=13394298757, ms since last received data=13394298757, rtt=6000, pings_since_last_response=
[103:144:0903/062435.765327:VERBOSE1:connection.cc(871)] Conn[20ed800:0:Net[any:0.0.0.x/0:Wildcard:id=0]:yp3Sqi6p:1:0:local:tcp:2a17da0c-851b-42b9-89d4-c6cd4d4fca29.local:9->NYiT23x4:1:1010827775:local:tcp:192.168.160.x:53216|--xW|-|0|0|4341472238533361151|-]: UpdateState(), ms since last received response=13394298757, ms since last received data=13394298757, rtt=6000, pings_since_last_response=
[103:144:0903/062435.765385:VERBOSE1:connection.cc(871)] Conn[20ecc00:0:Net[any:0.0.0.x/0:Wildcard:id=0]:XhrZDDoj:1:0:relay:udp:192.168.160.x:61798->HKpcngki:1:1679819007:stun:udp:13.251.82.x:48717|C-xW|-|0|0|144150371512615422|-]: UpdateState(), ms since last received response=13394298757, ms since last received data=13394298757, rtt=6000, pings_since_last_response=
[103:144:0903/062435.765441:VERBOSE1:connection.cc(871)] Conn[20ef000:0:Net[any:0.0.0.x/0:Wildcard:id=0]:iOnU5k9N:1:0:stun:udp:13.251.82.x:54444->HKpcngki:1:1679819007:stun:udp:13.251.82.x:48717|C-xW|-|0|0|7205793487717925374|-]: UpdateState(), ms since last received response=13394298757, ms since last received data=13394298757, rtt=6000, pings_since_last_response=
[103:144:0903/062435.765483:VERBOSE1:basic_ice_controller.cc(542)] Sorting 10 available connections
[103:144:0903/062435.765526:VERBOSE1:basic_ice_controller.cc(545)] Conn[1f26400:0:Net[any:0.0.0.x/0:Wildcard:id=0]:iOnU5k9N:1:0:stun:udp:13.251.82.x:54444->bf/fi9AV:1:1847591423:prflx:udp:13.251.82.x:46700|CRWI|S|0|0|7205793488053470206|2]
[103:144:0903/062435.765571:VERBOSE1:basic_ice_controller.cc(545)] Conn[1f29400:0:Net[any:0.0.0.x/0:Wildcard:id=0]:iOnU5k9N:1:0:stun:udp:13.251.82.x:54444->pAnvqXqS:1:2015363583:local:udp:192.168.160.x:46700|C--W|-|0|0|7205793488389014526|-]
[103:144:0903/062435.765614:VERBOSE1:basic_ice_controller.cc(545)] Conn[1f27c00:0:Net[any:0.0.0.x/0:Wildcard:id=0]:iOnU5k9N:1:0:stun:udp:13.251.82.x:54444->RymAdc+Q:1:2015363327:local:udp:172.31.30.x:48717|C--W|-|0|0|7205793488389014014|-]
[103:144:0903/062435.765660:VERBOSE1:basic_ice_controller.cc(545)] Conn[20ef000:0:Net[any:0.0.0.x/0:Wildcard:id=0]:iOnU5k9N:1:0:stun:udp:13.251.82.x:54444->HKpcngki:1:1679819007:stun:udp:13.251.82.x:48717|C-xW|-|0|0|7205793487717925374|-]
[103:144:0903/062435.765704:VERBOSE1:basic_ice_controller.cc(545)] Conn[20ed800:0:Net[any:0.0.0.x/0:Wildcard:id=0]:yp3Sqi6p:1:0:local:tcp:2a17da0c-851b-42b9-89d4-c6cd4d4fca29.local:9->NYiT23x4:1:1010827775:local:tcp:192.168.160.x:53216|--xW|-|0|0|4341472238533361151|-]
[103:144:0903/062435.765748:VERBOSE1:basic_ice_controller.cc(545)] Conn[1f27000:0:Net[any:0.0.0.x/0:Wildcard:id=0]:yp3Sqi6p:1:0:local:tcp:2a17da0c-851b-42b9-89d4-c6cd4d4fca29.local:9->80uWO1+J:1:1010827519:local:tcp:172.31.30.x:53282|C-xW|-|0|0|4341471139021733375|-]
[103:144:0903/062435.765791:VERBOSE1:basic_ice_controller.cc(545)] Conn[20ec000:0:Net[any:0.0.0.x/0:Wildcard:id=0]:yp3Sqi6p:1:0:local:tcp:2a17da0c-851b-42b9-89d4-c6cd4d4fca29.local:9->/rZ3bpd6:1:843055359:stun:tcp:13.251.82.x:53282|--xW|-|0|0|3620895198642454015|-]
[103:144:0903/062435.765844:VERBOSE1:basic_ice_controller.cc(545)] Conn[1f2a000:0:Net[any:0.0.0.x/0:Wildcard:id=0]:XhrZDDoj:1:0:relay:udp:192.168.160.x:61798->pAnvqXqS:1:2015363583:local:udp:192.168.160.x:46700|C-xW|-|0|0|144150372183704574|-]
[103:144:0903/062435.765888:VERBOSE1:basic_ice_controller.cc(545)] Conn[1f28800:0:Net[any:0.0.0.x/0:Wildcard:id=0]:XhrZDDoj:1:0:relay:udp:192.168.160.x:61798->RymAdc+Q:1:2015363327:local:udp:172.31.30.x:48717|C-xW|-|0|0|144150372183704062|-]
[103:144:0903/062435.765932:VERBOSE1:basic_ice_controller.cc(545)] Conn[20ecc00:0:Net[any:0.0.0.x/0:Wildcard:id=0]:XhrZDDoj:1:0:relay:udp:192.168.160.x:61798->HKpcngki:1:1679819007:stun:udp:13.251.82.x:48717|C-xW|-|0|0|144150371512615422|-]
[103:144:0903/062435.765976:VERBOSE1:p2p_transport_channel.cc(417)] Channel[0|1|RW]: Ice not completed yet for this channel as Net[any:0.0.0.x/0:Wildcard:id=0] has more than 1 connection.
[103:144:0903/062435.766032:WARNING:peer_connection.cc(2708)] Candidate has an unknown component: Cand[:3:2:tcp:1010827518:172.31.30.x:49479:local::0:::0:0:0] for mid 0
[103:144:0903/062435.766084:WARNING:peer_connection.cc(2708)] Candidate has an unknown component: Cand[:6:2:tcp:1010827774:192.168.160.x:53863:local::0:::0:0:0] for mid 0
[103:144:0903/062435.766126:WARNING:peer_connection.cc(2708)] Candidate has an unknown component: Cand[:7:2:udp:2015363838:[fe80:0:0:x:x:x:x:x]:55956:local::0:::0:0:0] for mid 0
[103:144:0903/062435.766197:WARNING:tcp_port.cc(477)] Socket is bound to the address:172.31.30.x, rather than an address associated with network:Net[any:0.0.0.x/0:Wildcard:id=0]. Still allowing it since it's the 'any' address, possibly caused by multiple_routes being disabled.
[103:144:0903/062435.766246:VERBOSE1:connection.cc(351)] Conn[20ec000:0:Net[any:0.0.0.x/0:Wildcard:id=0]:yp3Sqi6p:1:0:local:tcp:2a17da0c-851b-42b9-89d4-c6cd4d4fca29.local:9->/rZ3bpd6:1:843055359:stun:tcp:13.251.82.x:53282|C-xW|-|0|0|3620895198642454015|-]: Change connected_ to 1
[103:144:0903/062435.766299:WARNING:jsep_transport_controller.cc(294)] Not adding candidate because the JsepTransport doesn't exist. Ignore it.
[103:144:0903/062435.766355:WARNING:peer_connection.cc(2708)] Candidate has an unknown component: Cand[:8:2:tcp:1015022334:[fe80:0:0:x:x:x:x:x]:9:local::0:::0:0:0] for mid 0
[103:144:0903/062435.766393:WARNING:jsep_transport_controller.cc(294)] Not adding candidate because the JsepTransport doesn't exist. Ignore it.
[103:144:0903/062435.766441:WARNING:peer_connection.cc(2708)] Candidate has an unknown component: Cand[:5:2:tcp:1015022078:192.168.160.x:9:local::0:::0:0:0] for mid 0
[103:144:0903/062435.766480:WARNING:jsep_transport_controller.cc(294)] Not adding candidate because the JsepTransport doesn't exist. Ignore it.
[103:144:0903/062435.766518:WARNING:jsep_transport_controller.cc(294)] Not adding candidate because the JsepTransport doesn't exist. Ignore it.
[103:144:0903/062435.766561:WARNING:peer_connection.cc(2708)] Candidate has an unknown component: Cand[:4:2:udp:2015363582:192.168.160.x:56208:local::0:::0:0:0] for mid 0
[103:144:0903/062435.766609:VERBOSE1:connection.cc(871)] Conn[1f27000:0:Net[any:0.0.0.x/0:Wildcard:id=0]:yp3Sqi6p:1:0:local:tcp:2a17da0c-851b-42b9-89d4-c6cd4d4fca29.local:9->80uWO1+J:1:1010827519:local:tcp:172.31.30.x:53282|C-xW|-|0|0|4341471139021733375|-]: UpdateState(), ms since last received response=13394298761, ms since last received data=13394298761, rtt=6000, pings_since_last_response=
[103:144:0903/062435.766656:VERBOSE1:connection.cc(871)] Conn[1f26400:0:Net[any:0.0.0.x/0:Wildcard:id=0]:iOnU5k9N:1:0:stun:udp:13.251.82.x:54444->bf/fi9AV:1:1847591423:prflx:udp:13.251.82.x:46700|CRWI|S|0|0|7205793488053470206|2]: UpdateState(), ms since last received response=150, ms since last received data=12, rtt=100, pings_since_last_response=505a49544467657741324b57 
[103:144:0903/062435.766699:VERBOSE1:connection.cc(871)] Conn[1f28800:0:Net[any:0.0.0.x/0:Wildcard:id=0]:XhrZDDoj:1:0:relay:udp:192.168.160.x:61798->RymAdc+Q:1:2015363327:local:udp:172.31.30.x:48717|C-xW|-|0|0|144150372183704062|-]: UpdateState(), ms since last received response=13394298761, ms since last received data=13394298761, rtt=6000, pings_since_last_response=
[103:144:0903/062435.766746:VERBOSE1:connection.cc(871)] Conn[1f27c00:0:Net[any:0.0.0.x/0:Wildcard:id=0]:iOnU5k9N:1:0:stun:udp:13.251.82.x:54444->RymAdc+Q:1:2015363327:local:udp:172.31.30.x:48717|C--W|-|0|0|7205793488389014014|-]: UpdateState(), ms since last received response=13394298761, ms since last received data=13394298761, rtt=6000, pings_since_last_response=
[103:144:0903/062435.766792:VERBOSE1:connection.cc(871)] Conn[1f2a000:0:Net[any:0.0.0.x/0:Wildcard:id=0]:XhrZDDoj:1:0:relay:udp:192.168.160.x:61798->pAnvqXqS:1:2015363583:local:udp:192.168.160.x:46700|C-xW|-|0|0|144150372183704574|-]: UpdateState(), ms since last received response=13394298761, ms since last received data=13394298761, rtt=6000, pings_since_last_response=
[103:144:0903/062435.766840:VERBOSE1:connection.cc(871)] Conn[1f29400:0:Net[any:0.0.0.x/0:Wildcard:id=0]:iOnU5k9N:1:0:stun:udp:13.251.82.x:54444->pAnvqXqS:1:2015363583:local:udp:192.168.160.x:46700|C--W|-|0|0|7205793488389014526|-]: UpdateState(), ms since last received response=13394298761, ms since last received data=13394298761, rtt=6000, pings_since_last_response=
[103:144:0903/062435.766889:VERBOSE1:connection.cc(871)] Conn[20ec000:0:Net[any:0.0.0.x/0:Wildcard:id=0]:yp3Sqi6p:1:0:local:tcp:2a17da0c-851b-42b9-89d4-c6cd4d4fca29.local:9->/rZ3bpd6:1:843055359:stun:tcp:13.251.82.x:53282|C-xW|-|0|0|3620895198642454015|-]: UpdateState(), ms since last received response=13394298761, ms since last received data=13394298761, rtt=6000, pings_since_last_response=
[103:144:0903/062435.766945:VERBOSE1:connection.cc(871)] Conn[20ed800:0:Net[any:0.0.0.x/0:Wildcard:id=0]:yp3Sqi6p:1:0:local:tcp:2a17da0c-851b-42b9-89d4-c6cd4d4fca29.local:9->NYiT23x4:1:1010827775:local:tcp:192.168.160.x:53216|--xW|-|0|0|4341472238533361151|-]: UpdateState(), ms since last received response=13394298761, ms since last received data=13394298761, rtt=6000, pings_since_last_response=
[103:144:0903/062435.766998:VERBOSE1:connection.cc(871)] Conn[20ecc00:0:Net[any:0.0.0.x/0:Wildcard:id=0]:XhrZDDoj:1:0:relay:udp:192.168.160.x:61798->HKpcngki:1:1679819007:stun:udp:13.251.82.x:48717|C-xW|-|0|0|144150371512615422|-]: UpdateState(), ms since last received response=13394298761, ms since last received data=13394298761, rtt=6000, pings_since_last_response=
[103:144:0903/062435.767048:VERBOSE1:connection.cc(871)] Conn[20ef000:0:Net[any:0.0.0.x/0:Wildcard:id=0]:iOnU5k9N:1:0:stun:udp:13.251.82.x:54444->HKpcngki:1:1679819007:stun:udp:13.251.82.x:48717|C-xW|-|0|0|7205793487717925374|-]: UpdateState(), ms since last received response=13394298761, ms since last received data=13394298761, rtt=6000, pings_since_last_response=
[103:144:0903/062435.767094:VERBOSE1:basic_ice_controller.cc(542)] Sorting 10 available connections
[103:144:0903/062435.767142:VERBOSE1:basic_ice_controller.cc(545)] Conn[1f26400:0:Net[any:0.0.0.x/0:Wildcard:id=0]:iOnU5k9N:1:0:stun:udp:13.251.82.x:54444->bf/fi9AV:1:1847591423:prflx:udp:13.251.82.x:46700|CRWI|S|0|0|7205793488053470206|2]
[103:144:0903/062435.767195:VERBOSE1:basic_ice_controller.cc(545)] Conn[1f29400:0:Net[any:0.0.0.x/0:Wildcard:id=0]:iOnU5k9N:1:0:stun:udp:13.251.82.x:54444->pAnvqXqS:1:2015363583:local:udp:192.168.160.x:46700|C--W|-|0|0|7205793488389014526|-]
[103:144:0903/062435.767249:VERBOSE1:basic_ice_controller.cc(545)] Conn[1f27c00:0:Net[any:0.0.0.x/0:Wildcard:id=0]:iOnU5k9N:1:0:stun:udp:13.251.82.x:54444->RymAdc+Q:1:2015363327:local:udp:172.31.30.x:48717|C--W|-|0|0|7205793488389014014|-]
[103:144:0903/062435.767297:VERBOSE1:basic_ice_controller.cc(545)] Conn[20ef000:0:Net[any:0.0.0.x/0:Wildcard:id=0]:iOnU5k9N:1:0:stun:udp:13.251.82.x:54444->HKpcngki:1:1679819007:stun:udp:13.251.82.x:48717|C-xW|-|0|0|7205793487717925374|-]
[103:144:0903/062435.767345:VERBOSE1:basic_ice_controller.cc(545)] Conn[20ed800:0:Net[any:0.0.0.x/0:Wildcard:id=0]:yp3Sqi6p:1:0:local:tcp:2a17da0c-851b-42b9-89d4-c6cd4d4fca29.local:9->NYiT23x4:1:1010827775:local:tcp:192.168.160.x:53216|--xW|-|0|0|4341472238533361151|-]
[103:144:0903/062435.767395:VERBOSE1:basic_ice_controller.cc(545)] Conn[1f27000:0:Net[any:0.0.0.x/0:Wildcard:id=0]:yp3Sqi6p:1:0:local:tcp:2a17da0c-851b-42b9-89d4-c6cd4d4fca29.local:9->80uWO1+J:1:1010827519:local:tcp:172.31.30.x:53282|C-xW|-|0|0|4341471139021733375|-]
[103:144:0903/062435.767437:VERBOSE1:basic_ice_controller.cc(545)] Conn[20ec000:0:Net[any:0.0.0.x/0:Wildcard:id=0]:yp3Sqi6p:1:0:local:tcp:2a17da0c-851b-42b9-89d4-c6cd4d4fca29.local:9->/rZ3bpd6:1:843055359:stun:tcp:13.251.82.x:53282|C-xW|-|0|0|3620895198642454015|-]
[103:144:0903/062435.767479:VERBOSE1:basic_ice_controller.cc(545)] Conn[1f2a000:0:Net[any:0.0.0.x/0:Wildcard:id=0]:XhrZDDoj:1:0:relay:udp:192.168.160.x:61798->pAnvqXqS:1:2015363583:local:udp:192.168.160.x:46700|C-xW|-|0|0|144150372183704574|-]
[103:144:0903/062435.767520:VERBOSE1:basic_ice_controller.cc(545)] Conn[1f28800:0:Net[any:0.0.0.x/0:Wildcard:id=0]:XhrZDDoj:1:0:relay:udp:192.168.160.x:61798->RymAdc+Q:1:2015363327:local:udp:172.31.30.x:48717|C-xW|-|0|0|144150372183704062|-]
[103:144:0903/062435.767565:VERBOSE1:basic_ice_controller.cc(545)] Conn[20ecc00:0:Net[any:0.0.0.x/0:Wildcard:id=0]:XhrZDDoj:1:0:relay:udp:192.168.160.x:61798->HKpcngki:1:1679819007:stun:udp:13.251.82.x:48717|C-xW|-|0|0|144150371512615422|-]
[88:138:0903/062435.769776:VERBOSE1:socket_tcp.cc(164)] Local address: 192.168.160.1:50388
[88:138:0903/062435.769804:VERBOSE1:socket_tcp.cc(179)] Remote address: 192.168.160.1:53216
[103:103:0903/062435.769943:VERBOSE1:webrtc_logging.cc(35)] WMPMS::SetReadyState => (state=HaveNothing) [delegate_id=1]
[103:103:0903/062435.770875:VERBOSE1:webrtc_logging.cc(35)] WMPMS::SetReadyState => (state=HaveMetadata) [delegate_id=1]
[103:103:0903/062435.771079:VERBOSE1:webrtc_logging.cc(35)] WMPMS::SetVolume({volume=1.00}) [delegate_id=1]
[103:103:0903/062435.771508:VERBOSE1:webrtc_logging.cc(35)] WRAR::UpdateSourceVolume => (source volume changed to 0.00) [label=9d0a3beb-d1e5-4f8c-81d9-e36acb17ed2d]
[103:103:0903/062435.771580:VERBOSE1:webrtc_logging.cc(35)] WMPMS::Play() [delegate_id=1]
[103:103:0903/062435.771754:VERBOSE1:webrtc_logging.cc(35)] WRAR::AddPlayingState => (number of playing audio sources=1) [label=9d0a3beb-d1e5-4f8c-81d9-e36acb17ed2d]
[103:103:0903/062435.771847:VERBOSE1:webrtc_logging.cc(35)] WRAR::EnterPlayState([state=PAUSED]) [label=9d0a3beb-d1e5-4f8c-81d9-e36acb17ed2d]
[103:103:0903/062435.771907:VERBOSE1:webrtc_logging.cc(35)] WRAR::EnterPlayState => (state=PLAYING) [label=9d0a3beb-d1e5-4f8c-81d9-e36acb17ed2d]
[103:103:0903/062435.771951:VERBOSE1:webrtc_logging.cc(35)] WRAR::UpdateSourceVolume => (source volume changed to 1.00) [label=9d0a3beb-d1e5-4f8c-81d9-e36acb17ed2d]
[103:143:0903/062435.772996:INFO:remote_audio_source.cc(118)] RAS::SetVolume({volume=0.00})
[103:144:0903/062435.768308:VERBOSE1:p2p_transport_channel.cc(417)] Channel[0|1|RW]: Ice not completed yet for this channel as Net[any:0.0.0.x/0:Wildcard:id=0] has more than 1 connection.
[103:144:0903/062435.775340:WARNING:jsep_transport_controller.cc(294)] Not adding candidate because the JsepTransport doesn't exist. Ignore it.
[103:144:0903/062435.775436:VERBOSE1:connection.cc(871)] Conn[1f27000:0:Net[any:0.0.0.x/0:Wildcard:id=0]:yp3Sqi6p:1:0:local:tcp:2a17da0c-851b-42b9-89d4-c6cd4d4fca29.local:9->80uWO1+J:1:1010827519:local:tcp:172.31.30.x:53282|C-xW|-|0|0|4341471139021733375|-]: UpdateState(), ms since last received response=13394298770, ms since last received data=13394298770, rtt=6000, pings_since_last_response=
[103:144:0903/062435.775496:VERBOSE1:connection.cc(871)] Conn[1f26400:0:Net[any:0.0.0.x/0:Wildcard:id=0]:iOnU5k9N:1:0:stun:udp:13.251.82.x:54444->bf/fi9AV:1:1847591423:prflx:udp:13.251.82.x:46700|CRWI|S|0|0|7205793488053470206|2]: UpdateState(), ms since last received response=159, ms since last received data=21, rtt=100, pings_since_last_response=505a49544467657741324b57 
[103:144:0903/062435.775549:VERBOSE1:connection.cc(871)] Conn[1f28800:0:Net[any:0.0.0.x/0:Wildcard:id=0]:XhrZDDoj:1:0:relay:udp:192.168.160.x:61798->RymAdc+Q:1:2015363327:local:udp:172.31.30.x:48717|C-xW|-|0|0|144150372183704062|-]: UpdateState(), ms since last received response=13394298770, ms since last received data=13394298770, rtt=6000, pings_since_last_response=
[103:144:0903/062435.775604:VERBOSE1:connection.cc(871)] Conn[1f27c00:0:Net[any:0.0.0.x/0:Wildcard:id=0]:iOnU5k9N:1:0:stun:udp:13.251.82.x:54444->RymAdc+Q:1:2015363327:local:udp:172.31.30.x:48717|C--W|-|0|0|7205793488389014014|-]: UpdateState(), ms since last received response=13394298770, ms since last received data=13394298770, rtt=6000, pings_since_last_response=
[103:144:0903/062435.775653:VERBOSE1:connection.cc(871)] Conn[1f2a000:0:Net[any:0.0.0.x/0:Wildcard:id=0]:XhrZDDoj:1:0:relay:udp:192.168.160.x:61798->pAnvqXqS:1:2015363583:local:udp:192.168.160.x:46700|C-xW|-|0|0|144150372183704574|-]: UpdateState(), ms since last received response=13394298770, ms since last received data=13394298770, rtt=6000, pings_since_last_response=
[103:144:0903/062435.775704:VERBOSE1:connection.cc(871)] Conn[1f29400:0:Net[any:0.0.0.x/0:Wildcard:id=0]:iOnU5k9N:1:0:stun:udp:13.251.82.x:54444->pAnvqXqS:1:2015363583:local:udp:192.168.160.x:46700|C--W|-|0|0|7205793488389014526|-]: UpdateState(), ms since last received response=13394298770, ms since last received data=13394298770, rtt=6000, pings_since_last_response=
[103:144:0903/062435.775753:VERBOSE1:connection.cc(871)] Conn[20ec000:0:Net[any:0.0.0.x/0:Wildcard:id=0]:yp3Sqi6p:1:0:local:tcp:2a17da0c-851b-42b9-89d4-c6cd4d4fca29.local:9->/rZ3bpd6:1:843055359:stun:tcp:13.251.82.x:53282|C-xW|-|0|0|3620895198642454015|-]: UpdateState(), ms since last received response=13394298770, ms since last received data=13394298770, rtt=6000, pings_since_last_response=
[103:144:0903/062435.775817:VERBOSE1:connection.cc(871)] Conn[20ed800:0:Net[any:0.0.0.x/0:Wildcard:id=0]:yp3Sqi6p:1:0:local:tcp:2a17da0c-851b-42b9-89d4-c6cd4d4fca29.local:9->NYiT23x4:1:1010827775:local:tcp:192.168.160.x:53216|--xW|-|0|0|4341472238533361151|-]: UpdateState(), ms since last received response=13394298770, ms since last received data=13394298770, rtt=6000, pings_since_last_response=
[103:144:0903/062435.775869:VERBOSE1:connection.cc(871)] Conn[20ecc00:0:Net[any:0.0.0.x/0:Wildcard:id=0]:XhrZDDoj:1:0:relay:udp:192.168.160.x:61798->HKpcngki:1:1679819007:stun:udp:13.251.82.x:48717|C-xW|-|0|0|144150371512615422|-]: UpdateState(), ms since last received response=13394298770, ms since last received data=13394298770, rtt=6000, pings_since_last_response=
[103:144:0903/062435.775918:VERBOSE1:connection.cc(871)] Conn[20ef000:0:Net[any:0.0.0.x/0:Wildcard:id=0]:iOnU5k9N:1:0:stun:udp:13.251.82.x:54444->HKpcngki:1:1679819007:stun:udp:13.251.82.x:48717|C-xW|-|0|0|7205793487717925374|-]: UpdateState(), ms since last received response=13394298770, ms since last received data=13394298770, rtt=6000, pings_since_last_response=
[103:144:0903/062435.777362:VERBOSE1:basic_ice_controller.cc(542)] Sorting 10 available connections
[103:144:0903/062435.777441:VERBOSE1:basic_ice_controller.cc(545)] Conn[1f26400:0:Net[any:0.0.0.x/0:Wildcard:id=0]:iOnU5k9N:1:0:stun:udp:13.251.82.x:54444->bf/fi9AV:1:1847591423:prflx:udp:13.251.82.x:46700|CRWI|S|0|0|7205793488053470206|2]
[103:144:0903/062435.777491:VERBOSE1:basic_ice_controller.cc(545)] Conn[1f29400:0:Net[any:0.0.0.x/0:Wildcard:id=0]:iOnU5k9N:1:0:stun:udp:13.251.82.x:54444->pAnvqXqS:1:2015363583:local:udp:192.168.160.x:46700|C--W|-|0|0|7205793488389014526|-]
[103:144:0903/062435.777537:VERBOSE1:basic_ice_controller.cc(545)] Conn[1f27c00:0:Net[any:0.0.0.x/0:Wildcard:id=0]:iOnU5k9N:1:0:stun:udp:13.251.82.x:54444->RymAdc+Q:1:2015363327:local:udp:172.31.30.x:48717|C--W|-|0|0|7205793488389014014|-]
[103:144:0903/062435.777582:VERBOSE1:basic_ice_controller.cc(545)] Conn[20ef000:0:Net[any:0.0.0.x/0:Wildcard:id=0]:iOnU5k9N:1:0:stun:udp:13.251.82.x:54444->HKpcngki:1:1679819007:stun:udp:13.251.82.x:48717|C-xW|-|0|0|7205793487717925374|-]
[103:144:0903/062435.777628:VERBOSE1:basic_ice_controller.cc(545)] Conn[20ed800:0:Net[any:0.0.0.x/0:Wildcard:id=0]:yp3Sqi6p:1:0:local:tcp:2a17da0c-851b-42b9-89d4-c6cd4d4fca29.local:9->NYiT23x4:1:1010827775:local:tcp:192.168.160.x:53216|--xW|-|0|0|4341472238533361151|-]
[103:144:0903/062435.777672:VERBOSE1:basic_ice_controller.cc(545)] Conn[1f27000:0:Net[any:0.0.0.x/0:Wildcard:id=0]:yp3Sqi6p:1:0:local:tcp:2a17da0c-851b-42b9-89d4-c6cd4d4fca29.local:9->80uWO1+J:1:1010827519:local:tcp:172.31.30.x:53282|C-xW|-|0|0|4341471139021733375|-]
[103:144:0903/062435.777715:VERBOSE1:basic_ice_controller.cc(545)] Conn[20ec000:0:Net[any:0.0.0.x/0:Wildcard:id=0]:yp3Sqi6p:1:0:local:tcp:2a17da0c-851b-42b9-89d4-c6cd4d4fca29.local:9->/rZ3bpd6:1:843055359:stun:tcp:13.251.82.x:53282|C-xW|-|0|0|3620895198642454015|-]
[103:144:0903/062435.777759:VERBOSE1:basic_ice_controller.cc(545)] Conn[1f2a000:0:Net[any:0.0.0.x/0:Wildcard:id=0]:XhrZDDoj:1:0:relay:udp:192.168.160.x:61798->pAnvqXqS:1:2015363583:local:udp:192.168.160.x:46700|C-xW|-|0|0|144150372183704574|-]
[103:144:0903/062435.777804:VERBOSE1:basic_ice_controller.cc(545)] Conn[1f28800:0:Net[any:0.0.0.x/0:Wildcard:id=0]:XhrZDDoj:1:0:relay:udp:192.168.160.x:61798->RymAdc+Q:1:2015363327:local:udp:172.31.30.x:48717|C-xW|-|0|0|144150372183704062|-]
[103:144:0903/062435.777849:VERBOSE1:basic_ice_controller.cc(545)] Conn[20ecc00:0:Net[any:0.0.0.x/0:Wildcard:id=0]:XhrZDDoj:1:0:relay:udp:192.168.160.x:61798->HKpcngki:1:1679819007:stun:udp:13.251.82.x:48717|C-xW|-|0|0|144150371512615422|-]
[103:144:0903/062435.777899:VERBOSE1:p2p_transport_channel.cc(417)] Channel[0|1|RW]: Ice not completed yet for this channel as Net[any:0.0.0.x/0:Wildcard:id=0] has more than 1 connection.
[103:144:0903/062435.777973:WARNING:peer_connection.cc(2708)] Candidate has an unknown component: Cand[:2:2:tcp:1015021822:172.31.30.x:9:local::0:::0:0:0] for mid 0
[103:144:0903/062435.778019:WARNING:jsep_transport_controller.cc(294)] Not adding candidate because the JsepTransport doesn't exist. Ignore it.
[103:144:0903/062435.778066:WARNING:peer_connection.cc(2708)] Candidate has an unknown component: Cand[:9:2:tcp:1010828030:[fe80:0:0:x:x:x:x:x]:56263:local::0:::0:0:0] for mid 0
[103:144:0903/062435.778107:WARNING:jsep_transport_controller.cc(294)] Not adding candidate because the JsepTransport doesn't exist. Ignore it.
[103:144:0903/062435.778179:INFO:connection.cc(243)] Conn[20ee400:0:Net[any:0.0.0.x/0:Wildcard:id=0]:yp3Sqi6p:1:0:local:tcp:2a17da0c-851b-42b9-89d4-c6cd4d4fca29.local:9->z6gJgVlg:1:843055615:stun:tcp:13.251.82.x:53216|C--W|-|0|0|3620896298154081791|-]: Connection created
[103:144:0903/062435.778316:VERBOSE1:tcp_port.cc(587)] Conn[20ee400:0:Net[any:0.0.0.x/0:Wildcard:id=0]:yp3Sqi6p:1:0:local:tcp:2a17da0c-851b-42b9-89d4-c6cd4d4fca29.local:9->z6gJgVlg:1:843055615:stun:tcp:13.251.82.x:53216|C--W|-|0|0|3620896298154081791|-]: Connecting from 0.0.0.x:0 to 13.251.82.x:53216
[103:144:0903/062435.778371:VERBOSE1:connection.cc(351)] Conn[20ee400:0:Net[any:0.0.0.x/0:Wildcard:id=0]:yp3Sqi6p:1:0:local:tcp:2a17da0c-851b-42b9-89d4-c6cd4d4fca29.local:9->z6gJgVlg:1:843055615:stun:tcp:13.251.82.x:53216|---W|-|0|0|3620896298154081791|-]: Change connected_ to 0
[103:144:0903/062435.778426:INFO:p2p_transport_channel.cc(1451)] Channel[0|1|RW]: Created connection with origin: 2, total: 11
[103:144:0903/062435.778478:VERBOSE1:connection.cc(871)] Conn[1f27000:0:Net[any:0.0.0.x/0:Wildcard:id=0]:yp3Sqi6p:1:0:local:tcp:2a17da0c-851b-42b9-89d4-c6cd4d4fca29.local:9->80uWO1+J:1:1010827519:local:tcp:172.31.30.x:53282|C-xW|-|0|0|4341471139021733375|-]: UpdateState(), ms since last received response=13394298773, ms since last received data=13394298773, rtt=6000, pings_since_last_response=
[103:144:0903/062435.778528:VERBOSE1:connection.cc(871)] Conn[1f26400:0:Net[any:0.0.0.x/0:Wildcard:id=0]:iOnU5k9N:1:0:stun:udp:13.251.82.x:54444->bf/fi9AV:1:1847591423:prflx:udp:13.251.82.x:46700|CRWI|S|0|0|7205793488053470206|2]: UpdateState(), ms since last received response=162, ms since last received data=24, rtt=100, pings_since_last_response=505a49544467657741324b57 
[103:144:0903/062435.778575:VERBOSE1:connection.cc(871)] Conn[1f28800:0:Net[any:0.0.0.x/0:Wildcard:id=0]:XhrZDDoj:1:0:relay:udp:192.168.160.x:61798->RymAdc+Q:1:2015363327:local:udp:172.31.30.x:48717|C-xW|-|0|0|144150372183704062|-]: UpdateState(), ms since last received response=13394298773, ms since last received data=13394298773, rtt=6000, pings_since_last_response=
[103:144:0903/062435.778621:VERBOSE1:connection.cc(871)] Conn[1f27c00:0:Net[any:0.0.0.x/0:Wildcard:id=0]:iOnU5k9N:1:0:stun:udp:13.251.82.x:54444->RymAdc+Q:1:2015363327:local:udp:172.31.30.x:48717|C--W|-|0|0|7205793488389014014|-]: UpdateState(), ms since last received response=13394298773, ms since last received data=13394298773, rtt=6000, pings_since_last_response=
[103:144:0903/062435.778668:VERBOSE1:connection.cc(871)] Conn[1f2a000:0:Net[any:0.0.0.x/0:Wildcard:id=0]:XhrZDDoj:1:0:relay:udp:192.168.160.x:61798->pAnvqXqS:1:2015363583:local:udp:192.168.160.x:46700|C-xW|-|0|0|144150372183704574|-]: UpdateState(), ms since last received response=13394298773, ms since last received data=13394298773, rtt=6000, pings_since_last_response=
[103:144:0903/062435.778714:VERBOSE1:connection.cc(871)] Conn[1f29400:0:Net[any:0.0.0.x/0:Wildcard:id=0]:iOnU5k9N:1:0:stun:udp:13.251.82.x:54444->pAnvqXqS:1:2015363583:local:udp:192.168.160.x:46700|C--W|-|0|0|7205793488389014526|-]: UpdateState(), ms since last received response=13394298773, ms since last received data=13394298773, rtt=6000, pings_since_last_response=
[103:144:0903/062435.778760:VERBOSE1:connection.cc(871)] Conn[20ec000:0:Net[any:0.0.0.x/0:Wildcard:id=0]:yp3Sqi6p:1:0:local:tcp:2a17da0c-851b-42b9-89d4-c6cd4d4fca29.local:9->/rZ3bpd6:1:843055359:stun:tcp:13.251.82.x:53282|C-xW|-|0|0|3620895198642454015|-]: UpdateState(), ms since last received response=13394298773, ms since last received data=13394298773, rtt=6000, pings_since_last_response=
[103:144:0903/062435.778814:VERBOSE1:connection.cc(871)] Conn[20ed800:0:Net[any:0.0.0.x/0:Wildcard:id=0]:yp3Sqi6p:1:0:local:tcp:2a17da0c-851b-42b9-89d4-c6cd4d4fca29.local:9->NYiT23x4:1:1010827775:local:tcp:192.168.160.x:53216|--xW|-|0|0|4341472238533361151|-]: UpdateState(), ms since last received response=13394298773, ms since last received data=13394298773, rtt=6000, pings_since_last_response=
[103:145:0903/062435.773898:INFO:webrtc_voice_engine.cc(2037)] WRVMC::SetOutputVolume({ssrc=2699730991}, {volume=0.00})
[103:144:0903/062435.778859:VERBOSE1:connection.cc(871)] Conn[20ecc00:0:Net[any:0.0.0.x/0:Wildcard:id=0]:XhrZDDoj:1:0:relay:udp:192.168.160.x:61798->HKpcngki:1:1679819007:stun:udp:13.251.82.x:48717|C-xW|-|0|0|144150371512615422|-]: UpdateState(), ms since last received response=13394298773, ms since last received data=13394298773, rtt=6000, pings_since_last_response=
[103:145:0903/062435.779023:INFO:webrtc_voice_engine.cc(2047)] WRVMC::SetOutputVolume => (stream with SSRC 2699730991 now uses volume 0.00)
[103:144:0903/062435.779032:VERBOSE1:connection.cc(871)] Conn[20ef000:0:Net[any:0.0.0.x/0:Wildcard:id=0]:iOnU5k9N:1:0:stun:udp:13.251.82.x:54444->HKpcngki:1:1679819007:stun:udp:13.251.82.x:48717|C-xW|-|0|0|7205793487717925374|-]: UpdateState(), ms since last received response=13394298773, ms since last received data=13394298773, rtt=6000, pings_since_last_response=
[103:144:0903/062435.779351:VERBOSE1:connection.cc(871)] Conn[20ee400:0:Net[any:0.0.0.x/0:Wildcard:id=0]:yp3Sqi6p:1:0:local:tcp:2a17da0c-851b-42b9-89d4-c6cd4d4fca29.local:9->z6gJgVlg:1:843055615:stun:tcp:13.251.82.x:53216|---W|-|0|0|3620896298154081791|-]: UpdateState(), ms since last received response=13394298773, ms since last received data=13394298773, rtt=6000, pings_since_last_response=
[103:144:0903/062435.779401:VERBOSE1:basic_ice_controller.cc(542)] Sorting 11 available connections
[103:144:0903/062435.779448:VERBOSE1:basic_ice_controller.cc(545)] Conn[1f26400:0:Net[any:0.0.0.x/0:Wildcard:id=0]:iOnU5k9N:1:0:stun:udp:13.251.82.x:54444->bf/fi9AV:1:1847591423:prflx:udp:13.251.82.x:46700|CRWI|S|0|0|7205793488053470206|2]
[103:144:0903/062435.779494:VERBOSE1:basic_ice_controller.cc(545)] Conn[1f29400:0:Net[any:0.0.0.x/0:Wildcard:id=0]:iOnU5k9N:1:0:stun:udp:13.251.82.x:54444->pAnvqXqS:1:2015363583:local:udp:192.168.160.x:46700|C--W|-|0|0|7205793488389014526|-]
[103:144:0903/062435.779539:VERBOSE1:basic_ice_controller.cc(545)] Conn[1f27c00:0:Net[any:0.0.0.x/0:Wildcard:id=0]:iOnU5k9N:1:0:stun:udp:13.251.82.x:54444->RymAdc+Q:1:2015363327:local:udp:172.31.30.x:48717|C--W|-|0|0|7205793488389014014|-]
[103:144:0903/062435.779592:VERBOSE1:basic_ice_controller.cc(545)] Conn[20ee400:0:Net[any:0.0.0.x/0:Wildcard:id=0]:yp3Sqi6p:1:0:local:tcp:2a17da0c-851b-42b9-89d4-c6cd4d4fca29.local:9->z6gJgVlg:1:843055615:stun:tcp:13.251.82.x:53216|---W|-|0|0|3620896298154081791|-]
[103:144:0903/062435.781207:VERBOSE1:basic_ice_controller.cc(545)] Conn[20ef000:0:Net[any:0.0.0.x/0:Wildcard:id=0]:iOnU5k9N:1:0:stun:udp:13.251.82.x:54444->HKpcngki:1:1679819007:stun:udp:13.251.82.x:48717|C-xW|-|0|0|7205793487717925374|-]
[103:144:0903/062435.781280:VERBOSE1:basic_ice_controller.cc(545)] Conn[20ed800:0:Net[any:0.0.0.x/0:Wildcard:id=0]:yp3Sqi6p:1:0:local:tcp:2a17da0c-851b-42b9-89d4-c6cd4d4fca29.local:9->NYiT23x4:1:1010827775:local:tcp:192.168.160.x:53216|--xW|-|0|0|4341472238533361151|-]
[103:144:0903/062435.781330:VERBOSE1:basic_ice_controller.cc(545)] Conn[1f27000:0:Net[any:0.0.0.x/0:Wildcard:id=0]:yp3Sqi6p:1:0:local:tcp:2a17da0c-851b-42b9-89d4-c6cd4d4fca29.local:9->80uWO1+J:1:1010827519:local:tcp:172.31.30.x:53282|C-xW|-|0|0|4341471139021733375|-]
[103:144:0903/062435.781378:VERBOSE1:basic_ice_controller.cc(545)] Conn[20ec000:0:Net[any:0.0.0.x/0:Wildcard:id=0]:yp3Sqi6p:1:0:local:tcp:2a17da0c-851b-42b9-89d4-c6cd4d4fca29.local:9->/rZ3bpd6:1:843055359:stun:tcp:13.251.82.x:53282|C-xW|-|0|0|3620895198642454015|-]
[103:144:0903/062435.781436:VERBOSE1:basic_ice_controller.cc(545)] Conn[1f2a000:0:Net[any:0.0.0.x/0:Wildcard:id=0]:XhrZDDoj:1:0:relay:udp:192.168.160.x:61798->pAnvqXqS:1:2015363583:local:udp:192.168.160.x:46700|C-xW|-|0|0|144150372183704574|-]
[103:144:0903/062435.781485:VERBOSE1:basic_ice_controller.cc(545)] Conn[1f28800:0:Net[any:0.0.0.x/0:Wildcard:id=0]:XhrZDDoj:1:0:relay:udp:192.168.160.x:61798->RymAdc+Q:1:2015363327:local:udp:172.31.30.x:48717|C-xW|-|0|0|144150372183704062|-]
[103:144:0903/062435.781529:VERBOSE1:basic_ice_controller.cc(545)] Conn[20ecc00:0:Net[any:0.0.0.x/0:Wildcard:id=0]:XhrZDDoj:1:0:relay:udp:192.168.160.x:61798->HKpcngki:1:1679819007:stun:udp:13.251.82.x:48717|C-xW|-|0|0|144150371512615422|-]
[103:144:0903/062435.781581:INFO:connection.cc(778)] Conn[20ee400:0:Net[any:0.0.0.x/0:Wildcard:id=0]:yp3Sqi6p:1:0:local:tcp:2a17da0c-851b-42b9-89d4-c6cd4d4fca29.local:9->z6gJgVlg:1:843055615:stun:tcp:13.251.82.x:53216|---W|-|0|0|3620896298154081791|-]: Connection pruned
[103:144:0903/062435.781628:VERBOSE1:connection.cc(305)] Conn[20ee400:0:Net[any:0.0.0.x/0:Wildcard:id=0]:yp3Sqi6p:1:0:local:tcp:2a17da0c-851b-42b9-89d4-c6cd4d4fca29.local:9->z6gJgVlg:1:843055615:stun:tcp:13.251.82.x:53216|--xW|-|0|0|3620896298154081791|-]: set_write_state from: 2 to 3
[103:144:0903/062435.781680:VERBOSE1:p2p_transport_channel.cc(417)] Channel[0|1|RW]: Ice not completed yet for this channel as Net[any:0.0.0.x/0:Wildcard:id=0] has more than 1 connection.
[103:144:0903/062435.781740:WARNING:peer_connection.cc(2708)] Candidate has an unknown component: Cand[:13:2:udp:1679819006:13.251.82.x:42355:stun:172.31.30.70:42355:::0:0:0] for mid 0
[103:144:0903/062435.781788:WARNING:peer_connection.cc(2708)] Candidate has an unknown component: Cand[:16:2:udp:1679819262:13.251.82.x:56208:stun:192.168.160.1:56208:::0:0:0] for mid 0
[103:144:0903/062435.781832:WARNING:peer_connection.cc(2708)] Candidate has an unknown component: Cand[:18:2:tcp:843055614:13.251.82.x:53863:stun:192.168.160.1:53863:::0:0:0] for mid 0
[103:144:0903/062435.781874:WARNING:jsep_transport_controller.cc(294)] Not adding candidate because the JsepTransport doesn't exist. Ignore it.
[103:143:0903/062435.779270:INFO:remote_audio_source.cc(118)] RAS::SetVolume({volume=1.00})
[103:144:0903/062435.782030:INFO:turn_port.cc(1620)] Port[1ead400:0:1:0:relay:Net[any:0.0.0.x/0:Wildcard:id=0]]: TURN permission requested successfully, id=30536d334269554e684c4237, code=0, rtt=87
[103:145:0903/062435.782099:INFO:webrtc_voice_engine.cc(2037)] WRVMC::SetOutputVolume({ssrc=2699730991}, {volume=1.00})
[103:144:0903/062435.782091:INFO:turn_port.cc(1808)] Port[1ead400:0:1:0:relay:Net[any:0.0.0.x/0:Wildcard:id=0]]: Create permission for 192.168.160.x:46700 succeeded
[103:144:0903/062435.782205:INFO:turn_port.cc(1822)] Port[1ead400:0:1:0:relay:Net[any:0.0.0.x/0:Wildcard:id=0]]: Scheduled create-permission-request in 240000ms.
[103:144:0903/062435.782365:VERBOSE1:connection.cc(1353)] Conn[1f26400:0:Net[any:0.0.0.x/0:Wildcard:id=0]:iOnU5k9N:1:0:stun:udp:13.251.82.x:54444->bf/fi9AV:1:1847591423:prflx:udp:13.251.82.x:46700|CRWI|S|0|0|7205793488053470206|2]: Received STUN BINDING response, id=505a49544467657741324b57, code=0, rtt=34, pings_since_last_response=505a49544467657741324b57 
[103:144:0903/062435.782436:VERBOSE1:connection.cc(342)] Conn[1f26400:0:Net[any:0.0.0.x/0:Wildcard:id=0]:iOnU5k9N:1:0:stun:udp:13.251.82.x:54444->bf/fi9AV:1:1847591423:prflx:udp:13.251.82.x:46700|CRWS|S|0|0|7205793488053470206|2]: set_state
[103:144:0903/062435.782553:WARNING:jsep_transport_controller.cc(294)] Not adding candidate because the JsepTransport doesn't exist. Ignore it.
[103:144:0903/062435.782619:VERBOSE1:connection.cc(871)] Conn[1f27000:0:Net[any:0.0.0.x/0:Wildcard:id=0]:yp3Sqi6p:1:0:local:tcp:2a17da0c-851b-42b9-89d4-c6cd4d4fca29.local:9->80uWO1+J:1:1010827519:local:tcp:172.31.30.x:53282|C-xW|-|0|0|4341471139021733375|-]: UpdateState(), ms since last received response=13394298777, ms since last received data=13394298777, rtt=6000, pings_since_last_response=
[103:144:0903/062435.782680:VERBOSE1:connection.cc(871)] Conn[1f26400:0:Net[any:0.0.0.x/0:Wildcard:id=0]:iOnU5k9N:1:0:stun:udp:13.251.82.x:54444->bf/fi9AV:1:1847591423:prflx:udp:13.251.82.x:46700|CRWS|S|0|0|7205793488053470206|10]: UpdateState(), ms since last received response=0, ms since last received data=0, rtt=100, pings_since_last_response=
[103:144:0903/062435.782729:VERBOSE1:connection.cc(871)] Conn[1f28800:0:Net[any:0.0.0.x/0:Wildcard:id=0]:XhrZDDoj:1:0:relay:udp:192.168.160.x:61798->RymAdc+Q:1:2015363327:local:udp:172.31.30.x:48717|C-xW|-|0|0|144150372183704062|-]: UpdateState(), ms since last received response=13394298777, ms since last received data=13394298777, rtt=6000, pings_since_last_response=
[103:144:0903/062435.782779:VERBOSE1:connection.cc(871)] Conn[1f27c00:0:Net[any:0.0.0.x/0:Wildcard:id=0]:iOnU5k9N:1:0:stun:udp:13.251.82.x:54444->RymAdc+Q:1:2015363327:local:udp:172.31.30.x:48717|C--W|-|0|0|7205793488389014014|-]: UpdateState(), ms since last received response=13394298777, ms since last received data=13394298777, rtt=6000, pings_since_last_response=
[103:144:0903/062435.782824:VERBOSE1:connection.cc(871)] Conn[1f2a000:0:Net[any:0.0.0.x/0:Wildcard:id=0]:XhrZDDoj:1:0:relay:udp:192.168.160.x:61798->pAnvqXqS:1:2015363583:local:udp:192.168.160.x:46700|C-xW|-|0|0|144150372183704574|-]: UpdateState(), ms since last received response=13394298777, ms since last received data=13394298777, rtt=6000, pings_since_last_response=
[103:144:0903/062435.782869:VERBOSE1:connection.cc(871)] Conn[1f29400:0:Net[any:0.0.0.x/0:Wildcard:id=0]:iOnU5k9N:1:0:stun:udp:13.251.82.x:54444->pAnvqXqS:1:2015363583:local:udp:192.168.160.x:46700|C--W|-|0|0|7205793488389014526|-]: UpdateState(), ms since last received response=13394298777, ms since last received data=13394298777, rtt=6000, pings_since_last_response=
[103:144:0903/062435.782917:VERBOSE1:connection.cc(871)] Conn[20ec000:0:Net[any:0.0.0.x/0:Wildcard:id=0]:yp3Sqi6p:1:0:local:tcp:2a17da0c-851b-42b9-89d4-c6cd4d4fca29.local:9->/rZ3bpd6:1:843055359:stun:tcp:13.251.82.x:53282|C-xW|-|0|0|3620895198642454015|-]: UpdateState(), ms since last received response=13394298777, ms since last received data=13394298777, rtt=6000, pings_since_last_response=
[103:144:0903/062435.782963:VERBOSE1:connection.cc(871)] Conn[20ed800:0:Net[any:0.0.0.x/0:Wildcard:id=0]:yp3Sqi6p:1:0:local:tcp:2a17da0c-851b-42b9-89d4-c6cd4d4fca29.local:9->NYiT23x4:1:1010827775:local:tcp:192.168.160.x:53216|--xW|-|0|0|4341472238533361151|-]: UpdateState(), ms since last received response=13394298777, ms since last received data=13394298777, rtt=6000, pings_since_last_response=
[103:144:0903/062435.783010:VERBOSE1:connection.cc(871)] Conn[20ecc00:0:Net[any:0.0.0.x/0:Wildcard:id=0]:XhrZDDoj:1:0:relay:udp:192.168.160.x:61798->HKpcngki:1:1679819007:stun:udp:13.251.82.x:48717|C-xW|-|0|0|144150371512615422|-]: UpdateState(), ms since last received response=13394298777, ms since last received data=13394298777, rtt=6000, pings_since_last_response=
[103:145:0903/062435.782156:INFO:webrtc_voice_engine.cc(2047)] WRVMC::SetOutputVolume => (stream with SSRC 2699730991 now uses volume 1.00)
[103:144:0903/062435.783056:VERBOSE1:connection.cc(871)] Conn[20ef000:0:Net[any:0.0.0.x/0:Wildcard:id=0]:iOnU5k9N:1:0:stun:udp:13.251.82.x:54444->HKpcngki:1:1679819007:stun:udp:13.251.82.x:48717|C-xW|-|0|0|7205793487717925374|-]: UpdateState(), ms since last received response=13394298777, ms since last received data=13394298777, rtt=6000, pings_since_last_response=
[103:145:0903/062435.785020:INFO:remote_bitrate_estimator_abs_send_time.cc(290)] Probe packet received: send time=58715 ms, recv time=13394298716 ms, send delta=58 ms, recv delta=58 ms.
[103:144:0903/062435.784993:VERBOSE1:connection.cc(871)] Conn[20ee400:0:Net[any:0.0.0.x/0:Wildcard:id=0]:yp3Sqi6p:1:0:local:tcp:2a17da0c-851b-42b9-89d4-c6cd4d4fca29.local:9->z6gJgVlg:1:843055615:stun:tcp:13.251.82.x:53216|--xW|-|0|0|3620896298154081791|-]: UpdateState(), ms since last received response=13394298777, ms since last received data=13394298777, rtt=6000, pings_since_last_response=
[103:145:0903/062435.785180:INFO:remote_bitrate_estimator_abs_send_time.cc(290)] Probe packet received: send time=58747 ms, recv time=13394298748 ms, send delta=32 ms, recv delta=32 ms.
[103:145:0903/062435.785332:INFO:remote_bitrate_estimator_abs_send_time.cc(290)] Probe packet received: send time=58747 ms, recv time=13394298748 ms, send delta=0 ms, recv delta=0 ms.
[103:144:0903/062435.785441:VERBOSE1:basic_ice_controller.cc(542)] Sorting 11 available connections
[103:144:0903/062435.785499:VERBOSE1:basic_ice_controller.cc(545)] Conn[1f26400:0:Net[any:0.0.0.x/0:Wildcard:id=0]:iOnU5k9N:1:0:stun:udp:13.251.82.x:54444->bf/fi9AV:1:1847591423:prflx:udp:13.251.82.x:46700|CRWS|S|0|0|7205793488053470206|10]
[103:144:0903/062435.785541:VERBOSE1:basic_ice_controller.cc(545)] Conn[1f29400:0:Net[any:0.0.0.x/0:Wildcard:id=0]:iOnU5k9N:1:0:stun:udp:13.251.82.x:54444->pAnvqXqS:1:2015363583:local:udp:192.168.160.x:46700|C--W|-|0|0|7205793488389014526|-]
[103:144:0903/062435.785588:VERBOSE1:basic_ice_controller.cc(545)] Conn[1f27c00:0:Net[any:0.0.0.x/0:Wildcard:id=0]:iOnU5k9N:1:0:stun:udp:13.251.82.x:54444->RymAdc+Q:1:2015363327:local:udp:172.31.30.x:48717|C--W|-|0|0|7205793488389014014|-]
[103:144:0903/062435.785630:VERBOSE1:basic_ice_controller.cc(545)] Conn[20ef000:0:Net[any:0.0.0.x/0:Wildcard:id=0]:iOnU5k9N:1:0:stun:udp:13.251.82.x:54444->HKpcngki:1:1679819007:stun:udp:13.251.82.x:48717|C-xW|-|0|0|7205793487717925374|-]
[103:144:0903/062435.785676:VERBOSE1:basic_ice_controller.cc(545)] Conn[20ed800:0:Net[any:0.0.0.x/0:Wildcard:id=0]:yp3Sqi6p:1:0:local:tcp:2a17da0c-851b-42b9-89d4-c6cd4d4fca29.local:9->NYiT23x4:1:1010827775:local:tcp:192.168.160.x:53216|--xW|-|0|0|4341472238533361151|-]
[103:144:0903/062435.785985:VERBOSE1:basic_ice_controller.cc(545)] Conn[1f27000:0:Net[any:0.0.0.x/0:Wildcard:id=0]:yp3Sqi6p:1:0:local:tcp:2a17da0c-851b-42b9-89d4-c6cd4d4fca29.local:9->80uWO1+J:1:1010827519:local:tcp:172.31.30.x:53282|C-xW|-|0|0|4341471139021733375|-]
[103:144:0903/062435.786223:VERBOSE1:basic_ice_controller.cc(545)] Conn[20ee400:0:Net[any:0.0.0.x/0:Wildcard:id=0]:yp3Sqi6p:1:0:local:tcp:2a17da0c-851b-42b9-89d4-c6cd4d4fca29.local:9->z6gJgVlg:1:843055615:stun:tcp:13.251.82.x:53216|--xW|-|0|0|3620896298154081791|-]
[103:144:0903/062435.786286:VERBOSE1:basic_ice_controller.cc(545)] Conn[20ec000:0:Net[any:0.0.0.x/0:Wildcard:id=0]:yp3Sqi6p:1:0:local:tcp:2a17da0c-851b-42b9-89d4-c6cd4d4fca29.local:9->/rZ3bpd6:1:843055359:stun:tcp:13.251.82.x:53282|C-xW|-|0|0|3620895198642454015|-]
[103:144:0903/062435.786337:VERBOSE1:basic_ice_controller.cc(545)] Conn[1f2a000:0:Net[any:0.0.0.x/0:Wildcard:id=0]:XhrZDDoj:1:0:relay:udp:192.168.160.x:61798->pAnvqXqS:1:2015363583:local:udp:192.168.160.x:46700|C-xW|-|0|0|144150372183704574|-]
[103:144:0903/062435.786385:VERBOSE1:basic_ice_controller.cc(545)] Conn[1f28800:0:Net[any:0.0.0.x/0:Wildcard:id=0]:XhrZDDoj:1:0:relay:udp:192.168.160.x:61798->RymAdc+Q:1:2015363327:local:udp:172.31.30.x:48717|C-xW|-|0|0|144150372183704062|-]
[103:144:0903/062435.786504:VERBOSE1:basic_ice_controller.cc(545)] Conn[20ecc00:0:Net[any:0.0.0.x/0:Wildcard:id=0]:XhrZDDoj:1:0:relay:udp:192.168.160.x:61798->HKpcngki:1:1679819007:stun:udp:13.251.82.x:48717|C-xW|-|0|0|144150371512615422|-]
[103:144:0903/062435.786563:VERBOSE1:p2p_transport_channel.cc(417)] Channel[0|1|RW]: Ice not completed yet for this channel as Net[any:0.0.0.x/0:Wildcard:id=0] has more than 1 connection.
[50:50:0903/062435.789526:INFO:CONSOLE(1)] "Event 'streamPlaying' triggered by 'Subscriber' [object Object]", source: https://rdqa-video.qbiai.com/dashboard/main.faff32d6c38f32ae.js (1)
[103:144:0903/062435.786712:VERBOSE1:connection.cc(871)] Conn[1f27000:0:Net[any:0.0.0.x/0:Wildcard:id=0]:yp3Sqi6p:1:0:local:tcp:2a17da0c-851b-42b9-89d4-c6cd4d4fca29.local:9->80uWO1+J:1:1010827519:local:tcp:172.31.30.x:53282|C-xW|-|0|0|4341471139021733375|-]: UpdateState(), ms since last received response=13394298781, ms since last received data=13394298781, rtt=6000, pings_since_last_response=
[103:144:0903/062435.793834:VERBOSE1:connection.cc(871)] Conn[1f26400:0:Net[any:0.0.0.x/0:Wildcard:id=0]:iOnU5k9N:1:0:stun:udp:13.251.82.x:54444->bf/fi9AV:1:1847591423:prflx:udp:13.251.82.x:46700|CRWS|S|0|0|7205793488053470206|10]: UpdateState(), ms since last received response=4, ms since last received data=4, rtt=100, pings_since_last_response=
[103:144:0903/062435.793951:VERBOSE1:connection.cc(871)] Conn[1f28800:0:Net[any:0.0.0.x/0:Wildcard:id=0]:XhrZDDoj:1:0:relay:udp:192.168.160.x:61798->RymAdc+Q:1:2015363327:local:udp:172.31.30.x:48717|C-xW|-|0|0|144150372183704062|-]: UpdateState(), ms since last received response=13394298781, ms since last received data=13394298781, rtt=6000, pings_since_last_response=
[103:144:0903/062435.794006:VERBOSE1:connection.cc(871)] Conn[1f27c00:0:Net[any:0.0.0.x/0:Wildcard:id=0]:iOnU5k9N:1:0:stun:udp:13.251.82.x:54444->RymAdc+Q:1:2015363327:local:udp:172.31.30.x:48717|C--W|-|0|0|7205793488389014014|-]: UpdateState(), ms since last received response=13394298781, ms since last received data=13394298781, rtt=6000, pings_since_last_response=
[103:144:0903/062435.794053:VERBOSE1:connection.cc(871)] Conn[1f2a000:0:Net[any:0.0.0.x/0:Wildcard:id=0]:XhrZDDoj:1:0:relay:udp:192.168.160.x:61798->pAnvqXqS:1:2015363583:local:udp:192.168.160.x:46700|C-xW|-|0|0|144150372183704574|-]: UpdateState(), ms since last received response=13394298781, ms since last received data=13394298781, rtt=6000, pings_since_last_response=
[103:144:0903/062435.794098:VERBOSE1:connection.cc(871)] Conn[1f29400:0:Net[any:0.0.0.x/0:Wildcard:id=0]:iOnU5k9N:1:0:stun:udp:13.251.82.x:54444->pAnvqXqS:1:2015363583:local:udp:192.168.160.x:46700|C--W|-|0|0|7205793488389014526|-]: UpdateState(), ms since last received response=13394298781, ms since last received data=13394298781, rtt=6000, pings_since_last_response=
[103:144:0903/062435.794145:VERBOSE1:connection.cc(871)] Conn[20ec000:0:Net[any:0.0.0.x/0:Wildcard:id=0]:yp3Sqi6p:1:0:local:tcp:2a17da0c-851b-42b9-89d4-c6cd4d4fca29.local:9->/rZ3bpd6:1:843055359:stun:tcp:13.251.82.x:53282|C-xW|-|0|0|3620895198642454015|-]: UpdateState(), ms since last received response=13394298781, ms since last received data=13394298781, rtt=6000, pings_since_last_response=
[103:144:0903/062435.794193:VERBOSE1:connection.cc(871)] Conn[20ed800:0:Net[any:0.0.0.x/0:Wildcard:id=0]:yp3Sqi6p:1:0:local:tcp:2a17da0c-851b-42b9-89d4-c6cd4d4fca29.local:9->NYiT23x4:1:1010827775:local:tcp:192.168.160.x:53216|--xW|-|0|0|4341472238533361151|-]: UpdateState(), ms since last received response=13394298781, ms since last received data=13394298781, rtt=6000, pings_since_last_response=
[103:144:0903/062435.794239:VERBOSE1:connection.cc(871)] Conn[20ecc00:0:Net[any:0.0.0.x/0:Wildcard:id=0]:XhrZDDoj:1:0:relay:udp:192.168.160.x:61798->HKpcngki:1:1679819007:stun:udp:13.251.82.x:48717|C-xW|-|0|0|144150371512615422|-]: UpdateState(), ms since last received response=13394298781, ms since last received data=13394298781, rtt=6000, pings_since_last_response=
[103:144:0903/062435.794286:VERBOSE1:connection.cc(871)] Conn[20ef000:0:Net[any:0.0.0.x/0:Wildcard:id=0]:iOnU5k9N:1:0:stun:udp:13.251.82.x:54444->HKpcngki:1:1679819007:stun:udp:13.251.82.x:48717|C-xW|-|0|0|7205793487717925374|-]: UpdateState(), ms since last received response=13394298781, ms since last received data=13394298781, rtt=6000, pings_since_last_response=
[103:144:0903/062435.794335:VERBOSE1:connection.cc(871)] Conn[20ee400:0:Net[any:0.0.0.x/0:Wildcard:id=0]:yp3Sqi6p:1:0:local:tcp:2a17da0c-851b-42b9-89d4-c6cd4d4fca29.local:9->z6gJgVlg:1:843055615:stun:tcp:13.251.82.x:53216|--xW|-|0|0|3620896298154081791|-]: UpdateState(), ms since last received response=13394298781, ms since last received data=13394298781, rtt=6000, pings_since_last_response=
[103:144:0903/062435.794381:VERBOSE1:basic_ice_controller.cc(542)] Sorting 11 available connections
[103:144:0903/062435.794427:VERBOSE1:basic_ice_controller.cc(545)] Conn[1f26400:0:Net[any:0.0.0.x/0:Wildcard:id=0]:iOnU5k9N:1:0:stun:udp:13.251.82.x:54444->bf/fi9AV:1:1847591423:prflx:udp:13.251.82.x:46700|CRWS|S|0|0|7205793488053470206|10]
[103:144:0903/062435.794473:VERBOSE1:basic_ice_controller.cc(545)] Conn[1f29400:0:Net[any:0.0.0.x/0:Wildcard:id=0]:iOnU5k9N:1:0:stun:udp:13.251.82.x:54444->pAnvqXqS:1:2015363583:local:udp:192.168.160.x:46700|C--W|-|0|0|7205793488389014526|-]
[103:144:0903/062435.794529:VERBOSE1:basic_ice_controller.cc(545)] Conn[1f27c00:0:Net[any:0.0.0.x/0:Wildcard:id=0]:iOnU5k9N:1:0:stun:udp:13.251.82.x:54444->RymAdc+Q:1:2015363327:local:udp:172.31.30.x:48717|C--W|-|0|0|7205793488389014014|-]
[103:144:0903/062435.794574:VERBOSE1:basic_ice_controller.cc(545)] Conn[20ef000:0:Net[any:0.0.0.x/0:Wildcard:id=0]:iOnU5k9N:1:0:stun:udp:13.251.82.x:54444->HKpcngki:1:1679819007:stun:udp:13.251.82.x:48717|C-xW|-|0|0|7205793487717925374|-]
[103:144:0903/062435.794618:VERBOSE1:basic_ice_controller.cc(545)] Conn[20ed800:0:Net[any:0.0.0.x/0:Wildcard:id=0]:yp3Sqi6p:1:0:local:tcp:2a17da0c-851b-42b9-89d4-c6cd4d4fca29.local:9->NYiT23x4:1:1010827775:local:tcp:192.168.160.x:53216|--xW|-|0|0|4341472238533361151|-]
[103:144:0903/062435.794669:VERBOSE1:basic_ice_controller.cc(545)] Conn[1f27000:0:Net[any:0.0.0.x/0:Wildcard:id=0]:yp3Sqi6p:1:0:local:tcp:2a17da0c-851b-42b9-89d4-c6cd4d4fca29.local:9->80uWO1+J:1:1010827519:local:tcp:172.31.30.x:53282|C-xW|-|0|0|4341471139021733375|-]
[103:144:0903/062435.795483:VERBOSE1:basic_ice_controller.cc(545)] Conn[20ee400:0:Net[any:0.0.0.x/0:Wildcard:id=0]:yp3Sqi6p:1:0:local:tcp:2a17da0c-851b-42b9-89d4-c6cd4d4fca29.local:9->z6gJgVlg:1:843055615:stun:tcp:13.251.82.x:53216|--xW|-|0|0|3620896298154081791|-]
[103:144:0903/062435.795604:VERBOSE1:basic_ice_controller.cc(545)] Conn[20ec000:0:Net[any:0.0.0.x/0:Wildcard:id=0]:yp3Sqi6p:1:0:local:tcp:2a17da0c-851b-42b9-89d4-c6cd4d4fca29.local:9->/rZ3bpd6:1:843055359:stun:tcp:13.251.82.x:53282|C-xW|-|0|0|3620895198642454015|-]
[103:144:0903/062435.795660:VERBOSE1:basic_ice_controller.cc(545)] Conn[1f2a000:0:Net[any:0.0.0.x/0:Wildcard:id=0]:XhrZDDoj:1:0:relay:udp:192.168.160.x:61798->pAnvqXqS:1:2015363583:local:udp:192.168.160.x:46700|C-xW|-|0|0|144150372183704574|-]
[103:144:0903/062435.797211:VERBOSE1:basic_ice_controller.cc(545)] Conn[1f28800:0:Net[any:0.0.0.x/0:Wildcard:id=0]:XhrZDDoj:1:0:relay:udp:192.168.160.x:61798->RymAdc+Q:1:2015363327:local:udp:172.31.30.x:48717|C-xW|-|0|0|144150372183704062|-]
[103:144:0903/062435.797285:VERBOSE1:basic_ice_controller.cc(545)] Conn[20ecc00:0:Net[any:0.0.0.x/0:Wildcard:id=0]:XhrZDDoj:1:0:relay:udp:192.168.160.x:61798->HKpcngki:1:1679819007:stun:udp:13.251.82.x:48717|C-xW|-|0|0|144150371512615422|-]
[103:144:0903/062435.797342:VERBOSE1:p2p_transport_channel.cc(417)] Channel[0|1|RW]: Ice not completed yet for this channel as Net[any:0.0.0.x/0:Wildcard:id=0] has more than 1 connection.
[103:144:0903/062435.797402:VERBOSE1:connection.cc(871)] Conn[1f27000:0:Net[any:0.0.0.x/0:Wildcard:id=0]:yp3Sqi6p:1:0:local:tcp:2a17da0c-851b-42b9-89d4-c6cd4d4fca29.local:9->80uWO1+J:1:1010827519:local:tcp:172.31.30.x:53282|C-xW|-|0|0|4341471139021733375|-]: UpdateState(), ms since last received response=13394298792, ms since last received data=13394298792, rtt=6000, pings_since_last_response=
[103:144:0903/062435.797453:VERBOSE1:connection.cc(871)] Conn[1f26400:0:Net[any:0.0.0.x/0:Wildcard:id=0]:iOnU5k9N:1:0:stun:udp:13.251.82.x:54444->bf/fi9AV:1:1847591423:prflx:udp:13.251.82.x:46700|CRWS|S|0|0|7205793488053470206|10]: UpdateState(), ms since last received response=15, ms since last received data=15, rtt=100, pings_since_last_response=
[103:144:0903/062435.797505:VERBOSE1:connection.cc(871)] Conn[1f28800:0:Net[any:0.0.0.x/0:Wildcard:id=0]:XhrZDDoj:1:0:relay:udp:192.168.160.x:61798->RymAdc+Q:1:2015363327:local:udp:172.31.30.x:48717|C-xW|-|0|0|144150372183704062|-]: UpdateState(), ms since last received response=13394298792, ms since last received data=13394298792, rtt=6000, pings_since_last_response=
[103:144:0903/062435.797549:VERBOSE1:connection.cc(871)] Conn[1f27c00:0:Net[any:0.0.0.x/0:Wildcard:id=0]:iOnU5k9N:1:0:stun:udp:13.251.82.x:54444->RymAdc+Q:1:2015363327:local:udp:172.31.30.x:48717|C--W|-|0|0|7205793488389014014|-]: UpdateState(), ms since last received response=13394298792, ms since last received data=13394298792, rtt=6000, pings_since_last_response=
[103:144:0903/062435.797605:VERBOSE1:connection.cc(871)] Conn[1f2a000:0:Net[any:0.0.0.x/0:Wildcard:id=0]:XhrZDDoj:1:0:relay:udp:192.168.160.x:61798->pAnvqXqS:1:2015363583:local:udp:192.168.160.x:46700|C-xW|-|0|0|144150372183704574|-]: UpdateState(), ms since last received response=13394298792, ms since last received data=13394298792, rtt=6000, pings_since_last_response=
[103:144:0903/062435.797654:VERBOSE1:connection.cc(871)] Conn[1f29400:0:Net[any:0.0.0.x/0:Wildcard:id=0]:iOnU5k9N:1:0:stun:udp:13.251.82.x:54444->pAnvqXqS:1:2015363583:local:udp:192.168.160.x:46700|C--W|-|0|0|7205793488389014526|-]: UpdateState(), ms since last received response=13394298792, ms since last received data=13394298792, rtt=6000, pings_since_last_response=
[103:144:0903/062435.797701:VERBOSE1:connection.cc(871)] Conn[20ec000:0:Net[any:0.0.0.x/0:Wildcard:id=0]:yp3Sqi6p:1:0:local:tcp:2a17da0c-851b-42b9-89d4-c6cd4d4fca29.local:9->/rZ3bpd6:1:843055359:stun:tcp:13.251.82.x:53282|C-xW|-|0|0|3620895198642454015|-]: UpdateState(), ms since last received response=13394298792, ms since last received data=13394298792, rtt=6000, pings_since_last_response=
[103:144:0903/062435.797747:VERBOSE1:connection.cc(871)] Conn[20ed800:0:Net[any:0.0.0.x/0:Wildcard:id=0]:yp3Sqi6p:1:0:local:tcp:2a17da0c-851b-42b9-89d4-c6cd4d4fca29.local:9->NYiT23x4:1:1010827775:local:tcp:192.168.160.x:53216|--xW|-|0|0|4341472238533361151|-]: UpdateState(), ms since last received response=13394298792, ms since last received data=13394298792, rtt=6000, pings_since_last_response=
[103:144:0903/062435.797795:VERBOSE1:connection.cc(871)] Conn[20ecc00:0:Net[any:0.0.0.x/0:Wildcard:id=0]:XhrZDDoj:1:0:relay:udp:192.168.160.x:61798->HKpcngki:1:1679819007:stun:udp:13.251.82.x:48717|C-xW|-|0|0|144150371512615422|-]: UpdateState(), ms since last received response=13394298792, ms since last received data=13394298792, rtt=6000, pings_since_last_response=
[103:144:0903/062435.800543:VERBOSE1:connection.cc(871)] Conn[20ef000:0:Net[any:0.0.0.x/0:Wildcard:id=0]:iOnU5k9N:1:0:stun:udp:13.251.82.x:54444->HKpcngki:1:1679819007:stun:udp:13.251.82.x:48717|C-xW|-|0|0|7205793487717925374|-]: UpdateState(), ms since last received response=13394298792, ms since last received data=13394298792, rtt=6000, pings_since_last_response=
[103:144:0903/062435.800624:VERBOSE1:connection.cc(871)] Conn[20ee400:0:Net[any:0.0.0.x/0:Wildcard:id=0]:yp3Sqi6p:1:0:local:tcp:2a17da0c-851b-42b9-89d4-c6cd4d4fca29.local:9->z6gJgVlg:1:843055615:stun:tcp:13.251.82.x:53216|--xW|-|0|0|3620896298154081791|-]: UpdateState(), ms since last received response=13394298792, ms since last received data=13394298792, rtt=6000, pings_since_last_response=
[103:144:0903/062435.800674:VERBOSE1:basic_ice_controller.cc(542)] Sorting 11 available connections
[103:144:0903/062435.800721:VERBOSE1:basic_ice_controller.cc(545)] Conn[1f26400:0:Net[any:0.0.0.x/0:Wildcard:id=0]:iOnU5k9N:1:0:stun:udp:13.251.82.x:54444->bf/fi9AV:1:1847591423:prflx:udp:13.251.82.x:46700|CRWS|S|0|0|7205793488053470206|10]
[103:144:0903/062435.800767:VERBOSE1:basic_ice_controller.cc(545)] Conn[1f29400:0:Net[any:0.0.0.x/0:Wildcard:id=0]:iOnU5k9N:1:0:stun:udp:13.251.82.x:54444->pAnvqXqS:1:2015363583:local:udp:192.168.160.x:46700|C--W|-|0|0|7205793488389014526|-]
[103:144:0903/062435.800813:VERBOSE1:basic_ice_controller.cc(545)] Conn[1f27c00:0:Net[any:0.0.0.x/0:Wildcard:id=0]:iOnU5k9N:1:0:stun:udp:13.251.82.x:54444->RymAdc+Q:1:2015363327:local:udp:172.31.30.x:48717|C--W|-|0|0|7205793488389014014|-]
[103:144:0903/062435.800857:VERBOSE1:basic_ice_controller.cc(545)] Conn[20ef000:0:Net[any:0.0.0.x/0:Wildcard:id=0]:iOnU5k9N:1:0:stun:udp:13.251.82.x:54444->HKpcngki:1:1679819007:stun:udp:13.251.82.x:48717|C-xW|-|0|0|7205793487717925374|-]
[103:144:0903/062435.800901:VERBOSE1:basic_ice_controller.cc(545)] Conn[20ed800:0:Net[any:0.0.0.x/0:Wildcard:id=0]:yp3Sqi6p:1:0:local:tcp:2a17da0c-851b-42b9-89d4-c6cd4d4fca29.local:9->NYiT23x4:1:1010827775:local:tcp:192.168.160.x:53216|--xW|-|0|0|4341472238533361151|-]
[103:144:0903/062435.800947:VERBOSE1:basic_ice_controller.cc(545)] Conn[1f27000:0:Net[any:0.0.0.x/0:Wildcard:id=0]:yp3Sqi6p:1:0:local:tcp:2a17da0c-851b-42b9-89d4-c6cd4d4fca29.local:9->80uWO1+J:1:1010827519:local:tcp:172.31.30.x:53282|C-xW|-|0|0|4341471139021733375|-]
[103:144:0903/062435.801030:VERBOSE1:basic_ice_controller.cc(545)] Conn[20ee400:0:Net[any:0.0.0.x/0:Wildcard:id=0]:yp3Sqi6p:1:0:local:tcp:2a17da0c-851b-42b9-89d4-c6cd4d4fca29.local:9->z6gJgVlg:1:843055615:stun:tcp:13.251.82.x:53216|--xW|-|0|0|3620896298154081791|-]
[103:144:0903/062435.801075:VERBOSE1:basic_ice_controller.cc(545)] Conn[20ec000:0:Net[any:0.0.0.x/0:Wildcard:id=0]:yp3Sqi6p:1:0:local:tcp:2a17da0c-851b-42b9-89d4-c6cd4d4fca29.local:9->/rZ3bpd6:1:843055359:stun:tcp:13.251.82.x:53282|C-xW|-|0|0|3620895198642454015|-]
[103:144:0903/062435.801239:VERBOSE1:basic_ice_controller.cc(545)] Conn[1f2a000:0:Net[any:0.0.0.x/0:Wildcard:id=0]:XhrZDDoj:1:0:relay:udp:192.168.160.x:61798->pAnvqXqS:1:2015363583:local:udp:192.168.160.x:46700|C-xW|-|0|0|144150372183704574|-]
[103:144:0903/062435.801294:VERBOSE1:basic_ice_controller.cc(545)] Conn[1f28800:0:Net[any:0.0.0.x/0:Wildcard:id=0]:XhrZDDoj:1:0:relay:udp:192.168.160.x:61798->RymAdc+Q:1:2015363327:local:udp:172.31.30.x:48717|C-xW|-|0|0|144150372183704062|-]
[103:144:0903/062435.801336:VERBOSE1:basic_ice_controller.cc(545)] Conn[20ecc00:0:Net[any:0.0.0.x/0:Wildcard:id=0]:XhrZDDoj:1:0:relay:udp:192.168.160.x:61798->HKpcngki:1:1679819007:stun:udp:13.251.82.x:48717|C-xW|-|0|0|144150371512615422|-]
[103:144:0903/062435.801386:VERBOSE1:p2p_transport_channel.cc(417)] Channel[0|1|RW]: Ice not completed yet for this channel as Net[any:0.0.0.x/0:Wildcard:id=0] has more than 1 connection.
[103:144:0903/062435.801457:WARNING:tcp_port.cc(477)] Socket is bound to the address:192.168.160.x, rather than an address associated with network:Net[any:0.0.0.x/0:Wildcard:id=0]. Still allowing it since it's the 'any' address, possibly caused by multiple_routes being disabled.
[103:144:0903/062435.801506:VERBOSE1:connection.cc(351)] Conn[20ed800:0:Net[any:0.0.0.x/0:Wildcard:id=0]:yp3Sqi6p:1:0:local:tcp:2a17da0c-851b-42b9-89d4-c6cd4d4fca29.local:9->NYiT23x4:1:1010827775:local:tcp:192.168.160.x:53216|C-xW|-|0|0|4341472238533361151|-]: Change connected_ to 1
[103:144:0903/062435.801569:VERBOSE1:connection.cc(871)] Conn[1f27000:0:Net[any:0.0.0.x/0:Wildcard:id=0]:yp3Sqi6p:1:0:local:tcp:2a17da0c-851b-42b9-89d4-c6cd4d4fca29.local:9->80uWO1+J:1:1010827519:local:tcp:172.31.30.x:53282|C-xW|-|0|0|4341471139021733375|-]: UpdateState(), ms since last received response=13394298796, ms since last received data=13394298796, rtt=6000, pings_since_last_response=
[103:144:0903/062435.801618:VERBOSE1:connection.cc(871)] Conn[1f26400:0:Net[any:0.0.0.x/0:Wildcard:id=0]:iOnU5k9N:1:0:stun:udp:13.251.82.x:54444->bf/fi9AV:1:1847591423:prflx:udp:13.251.82.x:46700|CRWS|S|0|0|7205793488053470206|10]: UpdateState(), ms since last received response=19, ms since last received data=19, rtt=100, pings_since_last_response=
[103:144:0903/062435.801665:VERBOSE1:connection.cc(871)] Conn[1f28800:0:Net[any:0.0.0.x/0:Wildcard:id=0]:XhrZDDoj:1:0:relay:udp:192.168.160.x:61798->RymAdc+Q:1:2015363327:local:udp:172.31.30.x:48717|C-xW|-|0|0|144150372183704062|-]: UpdateState(), ms since last received response=13394298796, ms since last received data=13394298796, rtt=6000, pings_since_last_response=
[103:144:0903/062435.801711:VERBOSE1:connection.cc(871)] Conn[1f27c00:0:Net[any:0.0.0.x/0:Wildcard:id=0]:iOnU5k9N:1:0:stun:udp:13.251.82.x:54444->RymAdc+Q:1:2015363327:local:udp:172.31.30.x:48717|C--W|-|0|0|7205793488389014014|-]: UpdateState(), ms since last received response=13394298796, ms since last received data=13394298796, rtt=6000, pings_since_last_response=
[103:144:0903/062435.802212:VERBOSE1:connection.cc(871)] Conn[1f2a000:0:Net[any:0.0.0.x/0:Wildcard:id=0]:XhrZDDoj:1:0:relay:udp:192.168.160.x:61798->pAnvqXqS:1:2015363583:local:udp:192.168.160.x:46700|C-xW|-|0|0|144150372183704574|-]: UpdateState(), ms since last received response=13394298796, ms since last received data=13394298796, rtt=6000, pings_since_last_response=
[103:144:0903/062435.802291:VERBOSE1:connection.cc(871)] Conn[1f29400:0:Net[any:0.0.0.x/0:Wildcard:id=0]:iOnU5k9N:1:0:stun:udp:13.251.82.x:54444->pAnvqXqS:1:2015363583:local:udp:192.168.160.x:46700|C--W|-|0|0|7205793488389014526|-]: UpdateState(), ms since last received response=13394298796, ms since last received data=13394298796, rtt=6000, pings_since_last_response=
[103:144:0903/062435.802339:VERBOSE1:connection.cc(871)] Conn[20ec000:0:Net[any:0.0.0.x/0:Wildcard:id=0]:yp3Sqi6p:1:0:local:tcp:2a17da0c-851b-42b9-89d4-c6cd4d4fca29.local:9->/rZ3bpd6:1:843055359:stun:tcp:13.251.82.x:53282|C-xW|-|0|0|3620895198642454015|-]: UpdateState(), ms since last received response=13394298796, ms since last received data=13394298796, rtt=6000, pings_since_last_response=
[103:144:0903/062435.802389:VERBOSE1:connection.cc(871)] Conn[20ed800:0:Net[any:0.0.0.x/0:Wildcard:id=0]:yp3Sqi6p:1:0:local:tcp:2a17da0c-851b-42b9-89d4-c6cd4d4fca29.local:9->NYiT23x4:1:1010827775:local:tcp:192.168.160.x:53216|C-xW|-|0|0|4341472238533361151|-]: UpdateState(), ms since last received response=13394298796, ms since last received data=13394298796, rtt=6000, pings_since_last_response=
[103:144:0903/062435.802438:VERBOSE1:connection.cc(871)] Conn[20ecc00:0:Net[any:0.0.0.x/0:Wildcard:id=0]:XhrZDDoj:1:0:relay:udp:192.168.160.x:61798->HKpcngki:1:1679819007:stun:udp:13.251.82.x:48717|C-xW|-|0|0|144150371512615422|-]: UpdateState(), ms since last received response=13394298796, ms since last received data=13394298796, rtt=6000, pings_since_last_response=
[103:144:0903/062435.802485:VERBOSE1:connection.cc(871)] Conn[20ef000:0:Net[any:0.0.0.x/0:Wildcard:id=0]:iOnU5k9N:1:0:stun:udp:13.251.82.x:54444->HKpcngki:1:1679819007:stun:udp:13.251.82.x:48717|C-xW|-|0|0|7205793487717925374|-]: UpdateState(), ms since last received response=13394298796, ms since last received data=13394298796, rtt=6000, pings_since_last_response=
[103:144:0903/062435.802531:VERBOSE1:connection.cc(871)] Conn[20ee400:0:Net[any:0.0.0.x/0:Wildcard:id=0]:yp3Sqi6p:1:0:local:tcp:2a17da0c-851b-42b9-89d4-c6cd4d4fca29.local:9->z6gJgVlg:1:843055615:stun:tcp:13.251.82.x:53216|--xW|-|0|0|3620896298154081791|-]: UpdateState(), ms since last received response=13394298796, ms since last received data=13394298796, rtt=6000, pings_since_last_response=
[103:144:0903/062435.802576:VERBOSE1:basic_ice_controller.cc(542)] Sorting 11 available connections
[103:144:0903/062435.804870:VERBOSE1:basic_ice_controller.cc(545)] Conn[1f26400:0:Net[any:0.0.0.x/0:Wildcard:id=0]:iOnU5k9N:1:0:stun:udp:13.251.82.x:54444->bf/fi9AV:1:1847591423:prflx:udp:13.251.82.x:46700|CRWS|S|0|0|7205793488053470206|10]
[103:144:0903/062435.804938:VERBOSE1:basic_ice_controller.cc(545)] Conn[1f29400:0:Net[any:0.0.0.x/0:Wildcard:id=0]:iOnU5k9N:1:0:stun:udp:13.251.82.x:54444->pAnvqXqS:1:2015363583:local:udp:192.168.160.x:46700|C--W|-|0|0|7205793488389014526|-]
[103:144:0903/062435.804996:VERBOSE1:basic_ice_controller.cc(545)] Conn[1f27c00:0:Net[any:0.0.0.x/0:Wildcard:id=0]:iOnU5k9N:1:0:stun:udp:13.251.82.x:54444->RymAdc+Q:1:2015363327:local:udp:172.31.30.x:48717|C--W|-|0|0|7205793488389014014|-]
[103:144:0903/062435.805041:VERBOSE1:basic_ice_controller.cc(545)] Conn[20ef000:0:Net[any:0.0.0.x/0:Wildcard:id=0]:iOnU5k9N:1:0:stun:udp:13.251.82.x:54444->HKpcngki:1:1679819007:stun:udp:13.251.82.x:48717|C-xW|-|0|0|7205793487717925374|-]
[103:144:0903/062435.805084:VERBOSE1:basic_ice_controller.cc(545)] Conn[20ed800:0:Net[any:0.0.0.x/0:Wildcard:id=0]:yp3Sqi6p:1:0:local:tcp:2a17da0c-851b-42b9-89d4-c6cd4d4fca29.local:9->NYiT23x4:1:1010827775:local:tcp:192.168.160.x:53216|C-xW|-|0|0|4341472238533361151|-]
[103:144:0903/062435.805164:VERBOSE1:basic_ice_controller.cc(545)] Conn[1f27000:0:Net[any:0.0.0.x/0:Wildcard:id=0]:yp3Sqi6p:1:0:local:tcp:2a17da0c-851b-42b9-89d4-c6cd4d4fca29.local:9->80uWO1+J:1:1010827519:local:tcp:172.31.30.x:53282|C-xW|-|0|0|4341471139021733375|-]
[103:144:0903/062435.805211:VERBOSE1:basic_ice_controller.cc(545)] Conn[20ee400:0:Net[any:0.0.0.x/0:Wildcard:id=0]:yp3Sqi6p:1:0:local:tcp:2a17da0c-851b-42b9-89d4-c6cd4d4fca29.local:9->z6gJgVlg:1:843055615:stun:tcp:13.251.82.x:53216|--xW|-|0|0|3620896298154081791|-]
[103:144:0903/062435.805265:VERBOSE1:basic_ice_controller.cc(545)] Conn[20ec000:0:Net[any:0.0.0.x/0:Wildcard:id=0]:yp3Sqi6p:1:0:local:tcp:2a17da0c-851b-42b9-89d4-c6cd4d4fca29.local:9->/rZ3bpd6:1:843055359:stun:tcp:13.251.82.x:53282|C-xW|-|0|0|3620895198642454015|-]
[103:144:0903/062435.805308:VERBOSE1:basic_ice_controller.cc(545)] Conn[1f2a000:0:Net[any:0.0.0.x/0:Wildcard:id=0]:XhrZDDoj:1:0:relay:udp:192.168.160.x:61798->pAnvqXqS:1:2015363583:local:udp:192.168.160.x:46700|C-xW|-|0|0|144150372183704574|-]
[103:144:0903/062435.805350:VERBOSE1:basic_ice_controller.cc(545)] Conn[1f28800:0:Net[any:0.0.0.x/0:Wildcard:id=0]:XhrZDDoj:1:0:relay:udp:192.168.160.x:61798->RymAdc+Q:1:2015363327:local:udp:172.31.30.x:48717|C-xW|-|0|0|144150372183704062|-]
[103:144:0903/062435.805391:VERBOSE1:basic_ice_controller.cc(545)] Conn[20ecc00:0:Net[any:0.0.0.x/0:Wildcard:id=0]:XhrZDDoj:1:0:relay:udp:192.168.160.x:61798->HKpcngki:1:1679819007:stun:udp:13.251.82.x:48717|C-xW|-|0|0|144150371512615422|-]
[103:144:0903/062435.805439:VERBOSE1:p2p_transport_channel.cc(417)] Channel[0|1|RW]: Ice not completed yet for this channel as Net[any:0.0.0.x/0:Wildcard:id=0] has more than 1 connection.
[103:144:0903/062435.805633:INFO:turn_port.cc(1620)] Port[1ead400:0:1:0:relay:Net[any:0.0.0.x/0:Wildcard:id=0]]: TURN permission requested successfully, id=686441726d2b525153356934, code=0, rtt=48
[103:144:0903/062435.805685:INFO:turn_port.cc(1808)] Port[1ead400:0:1:0:relay:Net[any:0.0.0.x/0:Wildcard:id=0]]: Create permission for 13.251.82.x:48717 succeeded
[103:144:0903/062435.805743:INFO:turn_port.cc(1822)] Port[1ead400:0:1:0:relay:Net[any:0.0.0.x/0:Wildcard:id=0]]: Scheduled create-permission-request in 240000ms.
[103:144:0903/062435.805879:WARNING:peer_connection.cc(2708)] Candidate has an unknown component: Cand[:15:2:tcp:843055358:13.251.82.x:49479:stun:172.31.30.70:49479:::0:0:0] for mid 0
[103:144:0903/062435.805934:VERBOSE1:connection.cc(871)] Conn[1f27000:0:Net[any:0.0.0.x/0:Wildcard:id=0]:yp3Sqi6p:1:0:local:tcp:2a17da0c-851b-42b9-89d4-c6cd4d4fca29.local:9->80uWO1+J:1:1010827519:local:tcp:172.31.30.x:53282|C-xW|-|0|0|4341471139021733375|-]: UpdateState(), ms since last received response=13394298800, ms since last received data=13394298800, rtt=6000, pings_since_last_response=
[103:144:0903/062435.805980:VERBOSE1:connection.cc(871)] Conn[1f26400:0:Net[any:0.0.0.x/0:Wildcard:id=0]:iOnU5k9N:1:0:stun:udp:13.251.82.x:54444->bf/fi9AV:1:1847591423:prflx:udp:13.251.82.x:46700|CRWS|S|0|0|7205793488053470206|10]: UpdateState(), ms since last received response=23, ms since last received data=0, rtt=100, pings_since_last_response=
[103:144:0903/062435.806026:VERBOSE1:connection.cc(871)] Conn[1f28800:0:Net[any:0.0.0.x/0:Wildcard:id=0]:XhrZDDoj:1:0:relay:udp:192.168.160.x:61798->RymAdc+Q:1:2015363327:local:udp:172.31.30.x:48717|C-xW|-|0|0|144150372183704062|-]: UpdateState(), ms since last received response=13394298800, ms since last received data=13394298800, rtt=6000, pings_since_last_response=
[103:144:0903/062435.806071:VERBOSE1:connection.cc(871)] Conn[1f27c00:0:Net[any:0.0.0.x/0:Wildcard:id=0]:iOnU5k9N:1:0:stun:udp:13.251.82.x:54444->RymAdc+Q:1:2015363327:local:udp:172.31.30.x:48717|C--W|-|0|0|7205793488389014014|-]: UpdateState(), ms since last received response=13394298800, ms since last received data=13394298800, rtt=6000, pings_since_last_response=
[103:144:0903/062435.806115:VERBOSE1:connection.cc(871)] Conn[1f2a000:0:Net[any:0.0.0.x/0:Wildcard:id=0]:XhrZDDoj:1:0:relay:udp:192.168.160.x:61798->pAnvqXqS:1:2015363583:local:udp:192.168.160.x:46700|C-xW|-|0|0|144150372183704574|-]: UpdateState(), ms since last received response=13394298800, ms since last received data=13394298800, rtt=6000, pings_since_last_response=
[103:144:0903/062435.806160:VERBOSE1:connection.cc(871)] Conn[1f29400:0:Net[any:0.0.0.x/0:Wildcard:id=0]:iOnU5k9N:1:0:stun:udp:13.251.82.x:54444->pAnvqXqS:1:2015363583:local:udp:192.168.160.x:46700|C--W|-|0|0|7205793488389014526|-]: UpdateState(), ms since last received response=13394298800, ms since last received data=13394298800, rtt=6000, pings_since_last_response=
[103:144:0903/062435.806214:VERBOSE1:connection.cc(871)] Conn[20ec000:0:Net[any:0.0.0.x/0:Wildcard:id=0]:yp3Sqi6p:1:0:local:tcp:2a17da0c-851b-42b9-89d4-c6cd4d4fca29.local:9->/rZ3bpd6:1:843055359:stun:tcp:13.251.82.x:53282|C-xW|-|0|0|3620895198642454015|-]: UpdateState(), ms since last received response=13394298800, ms since last received data=13394298800, rtt=6000, pings_since_last_response=
[103:144:0903/062435.806258:VERBOSE1:connection.cc(871)] Conn[20ed800:0:Net[any:0.0.0.x/0:Wildcard:id=0]:yp3Sqi6p:1:0:local:tcp:2a17da0c-851b-42b9-89d4-c6cd4d4fca29.local:9->NYiT23x4:1:1010827775:local:tcp:192.168.160.x:53216|C-xW|-|0|0|4341472238533361151|-]: UpdateState(), ms since last received response=13394298800, ms since last received data=13394298800, rtt=6000, pings_since_last_response=
[103:144:0903/062435.806303:VERBOSE1:connection.cc(871)] Conn[20ecc00:0:Net[any:0.0.0.x/0:Wildcard:id=0]:XhrZDDoj:1:0:relay:udp:192.168.160.x:61798->HKpcngki:1:1679819007:stun:udp:13.251.82.x:48717|C-xW|-|0|0|144150371512615422|-]: UpdateState(), ms since last received response=13394298800, ms since last received data=13394298800, rtt=6000, pings_since_last_response=
[103:144:0903/062435.806348:VERBOSE1:connection.cc(871)] Conn[20ef000:0:Net[any:0.0.0.x/0:Wildcard:id=0]:iOnU5k9N:1:0:stun:udp:13.251.82.x:54444->HKpcngki:1:1679819007:stun:udp:13.251.82.x:48717|C-xW|-|0|0|7205793487717925374|-]: UpdateState(), ms since last received response=13394298800, ms since last received data=13394298800, rtt=6000, pings_since_last_response=
[103:144:0903/062435.806395:VERBOSE1:connection.cc(871)] Conn[20ee400:0:Net[any:0.0.0.x/0:Wildcard:id=0]:yp3Sqi6p:1:0:local:tcp:2a17da0c-851b-42b9-89d4-c6cd4d4fca29.local:9->z6gJgVlg:1:843055615:stun:tcp:13.251.82.x:53216|--xW|-|0|0|3620896298154081791|-]: UpdateState(), ms since last received response=13394298800, ms since last received data=13394298800, rtt=6000, pings_since_last_response=
[103:144:0903/062435.806436:VERBOSE1:basic_ice_controller.cc(542)] Sorting 11 available connections
[103:144:0903/062435.806843:VERBOSE1:basic_ice_controller.cc(545)] Conn[1f26400:0:Net[any:0.0.0.x/0:Wildcard:id=0]:iOnU5k9N:1:0:stun:udp:13.251.82.x:54444->bf/fi9AV:1:1847591423:prflx:udp:13.251.82.x:46700|CRWS|S|0|0|7205793488053470206|10]
[103:144:0903/062435.807158:VERBOSE1:basic_ice_controller.cc(545)] Conn[1f29400:0:Net[any:0.0.0.x/0:Wildcard:id=0]:iOnU5k9N:1:0:stun:udp:13.251.82.x:54444->pAnvqXqS:1:2015363583:local:udp:192.168.160.x:46700|C--W|-|0|0|7205793488389014526|-]
[103:144:0903/062435.807765:VERBOSE1:basic_ice_controller.cc(545)] Conn[1f27c00:0:Net[any:0.0.0.x/0:Wildcard:id=0]:iOnU5k9N:1:0:stun:udp:13.251.82.x:54444->RymAdc+Q:1:2015363327:local:udp:172.31.30.x:48717|C--W|-|0|0|7205793488389014014|-]
[103:144:0903/062435.807824:VERBOSE1:basic_ice_controller.cc(545)] Conn[20ef000:0:Net[any:0.0.0.x/0:Wildcard:id=0]:iOnU5k9N:1:0:stun:udp:13.251.82.x:54444->HKpcngki:1:1679819007:stun:udp:13.251.82.x:48717|C-xW|-|0|0|7205793487717925374|-]
[103:144:0903/062435.807871:VERBOSE1:basic_ice_controller.cc(545)] Conn[20ed800:0:Net[any:0.0.0.x/0:Wildcard:id=0]:yp3Sqi6p:1:0:local:tcp:2a17da0c-851b-42b9-89d4-c6cd4d4fca29.local:9->NYiT23x4:1:1010827775:local:tcp:192.168.160.x:53216|C-xW|-|0|0|4341472238533361151|-]
[103:144:0903/062435.807916:VERBOSE1:basic_ice_controller.cc(545)] Conn[1f27000:0:Net[any:0.0.0.x/0:Wildcard:id=0]:yp3Sqi6p:1:0:local:tcp:2a17da0c-851b-42b9-89d4-c6cd4d4fca29.local:9->80uWO1+J:1:1010827519:local:tcp:172.31.30.x:53282|C-xW|-|0|0|4341471139021733375|-]
[103:144:0903/062435.807964:VERBOSE1:basic_ice_controller.cc(545)] Conn[20ee400:0:Net[any:0.0.0.x/0:Wildcard:id=0]:yp3Sqi6p:1:0:local:tcp:2a17da0c-851b-42b9-89d4-c6cd4d4fca29.local:9->z6gJgVlg:1:843055615:stun:tcp:13.251.82.x:53216|--xW|-|0|0|3620896298154081791|-]
[103:144:0903/062435.808007:VERBOSE1:basic_ice_controller.cc(545)] Conn[20ec000:0:Net[any:0.0.0.x/0:Wildcard:id=0]:yp3Sqi6p:1:0:local:tcp:2a17da0c-851b-42b9-89d4-c6cd4d4fca29.local:9->/rZ3bpd6:1:843055359:stun:tcp:13.251.82.x:53282|C-xW|-|0|0|3620895198642454015|-]
[103:144:0903/062435.808060:VERBOSE1:basic_ice_controller.cc(545)] Conn[1f2a000:0:Net[any:0.0.0.x/0:Wildcard:id=0]:XhrZDDoj:1:0:relay:udp:192.168.160.x:61798->pAnvqXqS:1:2015363583:local:udp:192.168.160.x:46700|C-xW|-|0|0|144150372183704574|-]
[88:138:0903/062435.808435:VERBOSE1:network_delegate.cc(35)] NetworkDelegate::NotifyBeforeURLRequest: https://OPENVIDUAPP:1qaz2wsx@rdqa-video.qbiai.com/dashboard/favicon.ico
[103:144:0903/062435.808104:VERBOSE1:basic_ice_controller.cc(545)] Conn[1f28800:0:Net[any:0.0.0.x/0:Wildcard:id=0]:XhrZDDoj:1:0:relay:udp:192.168.160.x:61798->RymAdc+Q:1:2015363327:local:udp:172.31.30.x:48717|C-xW|-|0|0|144150372183704062|-]
[103:144:0903/062435.809601:VERBOSE1:basic_ice_controller.cc(545)] Conn[20ecc00:0:Net[any:0.0.0.x/0:Wildcard:id=0]:XhrZDDoj:1:0:relay:udp:192.168.160.x:61798->HKpcngki:1:1679819007:stun:udp:13.251.82.x:48717|C-xW|-|0|0|144150371512615422|-]
[103:144:0903/062435.809670:VERBOSE1:p2p_transport_channel.cc(417)] Channel[0|1|RW]: Ice not completed yet for this channel as Net[any:0.0.0.x/0:Wildcard:id=0] has more than 1 connection.
[88:138:0903/062435.810624:WARNING:socket_tcp.cc(126)] Error from connecting socket, result=-102
[103:144:0903/062435.810359:VERBOSE1:connection.cc(871)] Conn[1f27000:0:Net[any:0.0.0.x/0:Wildcard:id=0]:yp3Sqi6p:1:0:local:tcp:2a17da0c-851b-42b9-89d4-c6cd4d4fca29.local:9->80uWO1+J:1:1010827519:local:tcp:172.31.30.x:53282|C-xW|-|0|0|4341471139021733375|-]: UpdateState(), ms since last received response=13394298805, ms since last received data=13394298805, rtt=6000, pings_since_last_response=
[103:144:0903/062435.811382:VERBOSE1:connection.cc(871)] Conn[1f26400:0:Net[any:0.0.0.x/0:Wildcard:id=0]:iOnU5k9N:1:0:stun:udp:13.251.82.x:54444->bf/fi9AV:1:1847591423:prflx:udp:13.251.82.x:46700|CRWS|S|0|0|7205793488053470206|10]: UpdateState(), ms since last received response=28, ms since last received data=5, rtt=100, pings_since_last_response=
[103:144:0903/062435.811451:VERBOSE1:connection.cc(871)] Conn[1f28800:0:Net[any:0.0.0.x/0:Wildcard:id=0]:XhrZDDoj:1:0:relay:udp:192.168.160.x:61798->RymAdc+Q:1:2015363327:local:udp:172.31.30.x:48717|C-xW|-|0|0|144150372183704062|-]: UpdateState(), ms since last received response=13394298805, ms since last received data=13394298805, rtt=6000, pings_since_last_response=
[103:144:0903/062435.811501:VERBOSE1:connection.cc(871)] Conn[1f27c00:0:Net[any:0.0.0.x/0:Wildcard:id=0]:iOnU5k9N:1:0:stun:udp:13.251.82.x:54444->RymAdc+Q:1:2015363327:local:udp:172.31.30.x:48717|C--W|-|0|0|7205793488389014014|-]: UpdateState(), ms since last received response=13394298805, ms since last received data=13394298805, rtt=6000, pings_since_last_response=
[103:144:0903/062435.811552:VERBOSE1:connection.cc(871)] Conn[1f2a000:0:Net[any:0.0.0.x/0:Wildcard:id=0]:XhrZDDoj:1:0:relay:udp:192.168.160.x:61798->pAnvqXqS:1:2015363583:local:udp:192.168.160.x:46700|C-xW|-|0|0|144150372183704574|-]: UpdateState(), ms since last received response=13394298805, ms since last received data=13394298805, rtt=6000, pings_since_last_response=
[103:144:0903/062435.811599:VERBOSE1:connection.cc(871)] Conn[1f29400:0:Net[any:0.0.0.x/0:Wildcard:id=0]:iOnU5k9N:1:0:stun:udp:13.251.82.x:54444->pAnvqXqS:1:2015363583:local:udp:192.168.160.x:46700|C--W|-|0|0|7205793488389014526|-]: UpdateState(), ms since last received response=13394298805, ms since last received data=13394298805, rtt=6000, pings_since_last_response=
[103:144:0903/062435.814380:VERBOSE1:connection.cc(871)] Conn[20ec000:0:Net[any:0.0.0.x/0:Wildcard:id=0]:yp3Sqi6p:1:0:local:tcp:2a17da0c-851b-42b9-89d4-c6cd4d4fca29.local:9->/rZ3bpd6:1:843055359:stun:tcp:13.251.82.x:53282|C-xW|-|0|0|3620895198642454015|-]: UpdateState(), ms since last received response=13394298805, ms since last received data=13394298805, rtt=6000, pings_since_last_response=
[103:144:0903/062435.814458:VERBOSE1:connection.cc(871)] Conn[20ed800:0:Net[any:0.0.0.x/0:Wildcard:id=0]:yp3Sqi6p:1:0:local:tcp:2a17da0c-851b-42b9-89d4-c6cd4d4fca29.local:9->NYiT23x4:1:1010827775:local:tcp:192.168.160.x:53216|C-xW|-|0|0|4341472238533361151|-]: UpdateState(), ms since last received response=13394298805, ms since last received data=13394298805, rtt=6000, pings_since_last_response=
[103:144:0903/062435.814522:VERBOSE1:connection.cc(871)] Conn[20ecc00:0:Net[any:0.0.0.x/0:Wildcard:id=0]:XhrZDDoj:1:0:relay:udp:192.168.160.x:61798->HKpcngki:1:1679819007:stun:udp:13.251.82.x:48717|C-xW|-|0|0|144150371512615422|-]: UpdateState(), ms since last received response=13394298805, ms since last received data=13394298805, rtt=6000, pings_since_last_response=
[103:144:0903/062435.814575:VERBOSE1:connection.cc(871)] Conn[20ef000:0:Net[any:0.0.0.x/0:Wildcard:id=0]:iOnU5k9N:1:0:stun:udp:13.251.82.x:54444->HKpcngki:1:1679819007:stun:udp:13.251.82.x:48717|C-xW|-|0|0|7205793487717925374|-]: UpdateState(), ms since last received response=13394298805, ms since last received data=13394298805, rtt=6000, pings_since_last_response=
[103:144:0903/062435.814625:VERBOSE1:connection.cc(871)] Conn[20ee400:0:Net[any:0.0.0.x/0:Wildcard:id=0]:yp3Sqi6p:1:0:local:tcp:2a17da0c-851b-42b9-89d4-c6cd4d4fca29.local:9->z6gJgVlg:1:843055615:stun:tcp:13.251.82.x:53216|--xW|-|0|0|3620896298154081791|-]: UpdateState(), ms since last received response=13394298805, ms since last received data=13394298805, rtt=6000, pings_since_last_response=
[103:144:0903/062435.814711:VERBOSE1:connection.cc(961)] Conn[1f29400:0:Net[any:0.0.0.x/0:Wildcard:id=0]:iOnU5k9N:1:0:stun:udp:13.251.82.x:54444->pAnvqXqS:1:2015363583:local:udp:192.168.160.x:46700|C--W|-|0|0|7205793488389014526|-]: Sending STUN ping, id=6d6e66344664355932747354, nomination=0
[103:144:0903/062435.815525:INFO:connection.cc(1441)] Conn[1f29400:0:Net[any:0.0.0.x/0:Wildcard:id=0]:iOnU5k9N:1:0:stun:udp:13.251.82.x:54444->pAnvqXqS:1:2015363583:local:udp:192.168.160.x:46700|C--W|-|0|0|7205793488389014526|-]: Sent STUN BINDING request, id=6d6e66344664355932747354, use_candidate=1, nomination=0
[103:145:0903/062435.816680:INFO:remote_bitrate_estimator_abs_send_time.cc(290)] Probe packet received: send time=58780 ms, recv time=13394298781 ms, send delta=33 ms, recv delta=33 ms.
[103:145:0903/062435.817271:INFO:remote_bitrate_estimator_abs_send_time.cc(290)] Probe packet received: send time=58780 ms, recv time=13394298781 ms, send delta=0 ms, recv delta=0 ms.
[103:145:0903/062435.817404:INFO:remote_bitrate_estimator_abs_send_time.cc(290)] Probe packet received: send time=58780 ms, recv time=13394298781 ms, send delta=0 ms, recv delta=0 ms.
[103:144:0903/062435.817614:INFO:tcp_port.cc(501)] Conn[20ee400:0:Net[any:0.0.0.x/0:Wildcard:id=0]:yp3Sqi6p:1:0:local:tcp:2a17da0c-851b-42b9-89d4-c6cd4d4fca29.local:9->z6gJgVlg:1:843055615:stun:tcp:13.251.82.x:53216|--xW|-|0|0|3620896298154081791|-]: Connection closed with error 0
[103:144:0903/062435.817758:INFO:p2p_transport_channel.cc(2113)] Channel[0|1|RW]: Removed connection 0x1cc8020ee400 (10 remaining)
[103:144:0903/062435.817811:VERBOSE1:p2p_transport_channel.cc(417)] Channel[0|1|RW]: Ice not completed yet for this channel as Net[any:0.0.0.x/0:Wildcard:id=0] has more than 1 connection.
[103:144:0903/062435.817861:WARNING:jsep_transport_controller.cc(294)] Not adding candidate because the JsepTransport doesn't exist. Ignore it.
[103:144:0903/062435.822530:INFO:connection.cc(1353)] Conn[1f29400:0:Net[any:0.0.0.x/0:Wildcard:id=0]:iOnU5k9N:1:0:stun:udp:13.251.82.x:54444->pAnvqXqS:1:2015363583:local:udp:192.168.160.x:46700|C--I|-|0|0|7205793488389014526|-]: Received STUN BINDING response, id=6d6e66344664355932747354, code=0, rtt=8, pings_since_last_response=6d6e66344664355932747354 
[103:144:0903/062435.822634:VERBOSE1:connection.cc(331)] Conn[1f29400:0:Net[any:0.0.0.x/0:Wildcard:id=0]:iOnU5k9N:1:0:stun:udp:13.251.82.x:54444->pAnvqXqS:1:2015363583:local:udp:192.168.160.x:46700|C--I|-|0|0|7205793488389014526|-]: set_receiving to 1
[103:144:0903/062435.822687:VERBOSE1:connection.cc(305)] Conn[1f29400:0:Net[any:0.0.0.x/0:Wildcard:id=0]:iOnU5k9N:1:0:stun:udp:13.251.82.x:54444->pAnvqXqS:1:2015363583:local:udp:192.168.160.x:46700|CRWI|-|0|0|7205793488389014526|-]: set_write_state from: 2 to 0
[103:144:0903/062435.822732:VERBOSE1:connection.cc(342)] Conn[1f29400:0:Net[any:0.0.0.x/0:Wildcard:id=0]:iOnU5k9N:1:0:stun:udp:13.251.82.x:54444->pAnvqXqS:1:2015363583:local:udp:192.168.160.x:46700|CRWS|-|0|0|7205793488389014526|-]: set_state
[103:144:0903/062435.822791:INFO:connection.cc(1574)] Conn[1f29400:0:Net[any:0.0.0.x/0:Wildcard:id=0]:iOnU5k9N:1:0:stun:udp:13.251.82.x:54444->pAnvqXqS:1:2015363583:local:udp:192.168.160.x:46700|CRWS|-|0|0|7205793488389014526|8]: Updating local candidate type to srflx.
[103:145:0903/062435.822910:INFO:remote_bitrate_estimator_abs_send_time.cc(290)] Probe packet received: send time=58811 ms, recv time=13394298811 ms, send delta=31 ms, recv delta=30 ms.
[103:144:0903/062435.823048:VERBOSE1:connection.cc(871)] Conn[1f27000:0:Net[any:0.0.0.x/0:Wildcard:id=0]:yp3Sqi6p:1:0:local:tcp:2a17da0c-851b-42b9-89d4-c6cd4d4fca29.local:9->80uWO1+J:1:1010827519:local:tcp:172.31.30.x:53282|C-xW|-|0|0|4341471139021733375|-]: UpdateState(), ms since last received response=13394298817, ms since last received data=13394298817, rtt=6000, pings_since_last_response=
[103:144:0903/062435.823106:VERBOSE1:connection.cc(871)] Conn[1f26400:0:Net[any:0.0.0.x/0:Wildcard:id=0]:iOnU5k9N:1:0:stun:udp:13.251.82.x:54444->bf/fi9AV:1:1847591423:prflx:udp:13.251.82.x:46700|CRWS|S|0|0|7205793488053470206|10]: UpdateState(), ms since last received response=40, ms since last received data=0, rtt=100, pings_since_last_response=
[103:144:0903/062435.823152:VERBOSE1:connection.cc(871)] Conn[1f28800:0:Net[any:0.0.0.x/0:Wildcard:id=0]:XhrZDDoj:1:0:relay:udp:192.168.160.x:61798->RymAdc+Q:1:2015363327:local:udp:172.31.30.x:48717|C-xW|-|0|0|144150372183704062|-]: UpdateState(), ms since last received response=13394298817, ms since last received data=13394298817, rtt=6000, pings_since_last_response=
[103:144:0903/062435.823196:VERBOSE1:connection.cc(871)] Conn[1f27c00:0:Net[any:0.0.0.x/0:Wildcard:id=0]:iOnU5k9N:1:0:stun:udp:13.251.82.x:54444->RymAdc+Q:1:2015363327:local:udp:172.31.30.x:48717|C--W|-|0|0|7205793488389014014|-]: UpdateState(), ms since last received response=13394298817, ms since last received data=13394298817, rtt=6000, pings_since_last_response=
[103:144:0903/062435.823241:VERBOSE1:connection.cc(871)] Conn[1f2a000:0:Net[any:0.0.0.x/0:Wildcard:id=0]:XhrZDDoj:1:0:relay:udp:192.168.160.x:61798->pAnvqXqS:1:2015363583:local:udp:192.168.160.x:46700|C-xW|-|0|0|144150372183704574|-]: UpdateState(), ms since last received response=13394298817, ms since last received data=13394298817, rtt=6000, pings_since_last_response=
[103:144:0903/062435.823285:VERBOSE1:connection.cc(871)] Conn[1f29400:0:Net[any:0.0.0.x/0:Wildcard:id=0]:AbSXyKyE:1:0:local:udp:dc20a470-182b-4dac-8667-c89ef462c0a9.local:54444->pAnvqXqS:1:2015363583:local:udp:192.168.160.x:46700|CRWS|-|0|0|8655920682762255871|8]: UpdateState(), ms since last received response=0, ms since last received data=13394298817, rtt=100, pings_since_last_response=
[103:144:0903/062435.823330:VERBOSE1:connection.cc(871)] Conn[20ec000:0:Net[any:0.0.0.x/0:Wildcard:id=0]:yp3Sqi6p:1:0:local:tcp:2a17da0c-851b-42b9-89d4-c6cd4d4fca29.local:9->/rZ3bpd6:1:843055359:stun:tcp:13.251.82.x:53282|C-xW|-|0|0|3620895198642454015|-]: UpdateState(), ms since last received response=13394298817, ms since last received data=13394298817, rtt=6000, pings_since_last_response=
[103:144:0903/062435.823375:VERBOSE1:connection.cc(871)] Conn[20ed800:0:Net[any:0.0.0.x/0:Wildcard:id=0]:yp3Sqi6p:1:0:local:tcp:2a17da0c-851b-42b9-89d4-c6cd4d4fca29.local:9->NYiT23x4:1:1010827775:local:tcp:192.168.160.x:53216|C-xW|-|0|0|4341472238533361151|-]: UpdateState(), ms since last received response=13394298817, ms since last received data=13394298817, rtt=6000, pings_since_last_response=
[103:144:0903/062435.823420:VERBOSE1:connection.cc(871)] Conn[20ecc00:0:Net[any:0.0.0.x/0:Wildcard:id=0]:XhrZDDoj:1:0:relay:udp:192.168.160.x:61798->HKpcngki:1:1679819007:stun:udp:13.251.82.x:48717|C-xW|-|0|0|144150371512615422|-]: UpdateState(), ms since last received response=13394298817, ms since last received data=13394298817, rtt=6000, pings_since_last_response=
[103:144:0903/062435.823474:VERBOSE1:connection.cc(871)] Conn[20ef000:0:Net[any:0.0.0.x/0:Wildcard:id=0]:iOnU5k9N:1:0:stun:udp:13.251.82.x:54444->HKpcngki:1:1679819007:stun:udp:13.251.82.x:48717|C-xW|-|0|0|7205793487717925374|-]: UpdateState(), ms since last received response=13394298817, ms since last received data=13394298817, rtt=6000, pings_since_last_response=
[103:144:0903/062435.823518:VERBOSE1:basic_ice_controller.cc(542)] Sorting 10 available connections
[103:144:0903/062435.823563:VERBOSE1:basic_ice_controller.cc(545)] Conn[1f29400:0:Net[any:0.0.0.x/0:Wildcard:id=0]:AbSXyKyE:1:0:local:udp:dc20a470-182b-4dac-8667-c89ef462c0a9.local:54444->pAnvqXqS:1:2015363583:local:udp:192.168.160.x:46700|CRWS|-|0|0|8655920682762255871|8]
[103:144:0903/062435.823606:VERBOSE1:basic_ice_controller.cc(545)] Conn[1f26400:0:Net[any:0.0.0.x/0:Wildcard:id=0]:iOnU5k9N:1:0:stun:udp:13.251.82.x:54444->bf/fi9AV:1:1847591423:prflx:udp:13.251.82.x:46700|CRWS|S|0|0|7205793488053470206|10]
[103:144:0903/062435.823648:VERBOSE1:basic_ice_controller.cc(545)] Conn[1f27c00:0:Net[any:0.0.0.x/0:Wildcard:id=0]:iOnU5k9N:1:0:stun:udp:13.251.82.x:54444->RymAdc+Q:1:2015363327:local:udp:172.31.30.x:48717|C--W|-|0|0|7205793488389014014|-]
[103:144:0903/062435.823690:VERBOSE1:basic_ice_controller.cc(545)] Conn[20ef000:0:Net[any:0.0.0.x/0:Wildcard:id=0]:iOnU5k9N:1:0:stun:udp:13.251.82.x:54444->HKpcngki:1:1679819007:stun:udp:13.251.82.x:48717|C-xW|-|0|0|7205793487717925374|-]
[103:144:0903/062435.823828:VERBOSE1:basic_ice_controller.cc(545)] Conn[20ed800:0:Net[any:0.0.0.x/0:Wildcard:id=0]:yp3Sqi6p:1:0:local:tcp:2a17da0c-851b-42b9-89d4-c6cd4d4fca29.local:9->NYiT23x4:1:1010827775:local:tcp:192.168.160.x:53216|C-xW|-|0|0|4341472238533361151|-]
[103:144:0903/062435.823875:VERBOSE1:basic_ice_controller.cc(545)] Conn[1f27000:0:Net[any:0.0.0.x/0:Wildcard:id=0]:yp3Sqi6p:1:0:local:tcp:2a17da0c-851b-42b9-89d4-c6cd4d4fca29.local:9->80uWO1+J:1:1010827519:local:tcp:172.31.30.x:53282|C-xW|-|0|0|4341471139021733375|-]
[103:144:0903/062435.823924:VERBOSE1:basic_ice_controller.cc(545)] Conn[20ec000:0:Net[any:0.0.0.x/0:Wildcard:id=0]:yp3Sqi6p:1:0:local:tcp:2a17da0c-851b-42b9-89d4-c6cd4d4fca29.local:9->/rZ3bpd6:1:843055359:stun:tcp:13.251.82.x:53282|C-xW|-|0|0|3620895198642454015|-]
[103:144:0903/062435.824129:VERBOSE1:basic_ice_controller.cc(545)] Conn[1f2a000:0:Net[any:0.0.0.x/0:Wildcard:id=0]:XhrZDDoj:1:0:relay:udp:192.168.160.x:61798->pAnvqXqS:1:2015363583:local:udp:192.168.160.x:46700|C-xW|-|0|0|144150372183704574|-]
[103:144:0903/062435.824187:VERBOSE1:basic_ice_controller.cc(545)] Conn[1f28800:0:Net[any:0.0.0.x/0:Wildcard:id=0]:XhrZDDoj:1:0:relay:udp:192.168.160.x:61798->RymAdc+Q:1:2015363327:local:udp:172.31.30.x:48717|C-xW|-|0|0|144150372183704062|-]
[103:144:0903/062435.824450:VERBOSE1:basic_ice_controller.cc(545)] Conn[20ecc00:0:Net[any:0.0.0.x/0:Wildcard:id=0]:XhrZDDoj:1:0:relay:udp:192.168.160.x:61798->HKpcngki:1:1679819007:stun:udp:13.251.82.x:48717|C-xW|-|0|0|144150371512615422|-]
[103:144:0903/062435.824599:INFO:wrapping_active_ice_controller.cc(192)] Switching selected connection due to: candidate pair state changed
[103:144:0903/062435.825353:INFO:p2p_transport_channel.cc(1807)] Channel[0|1|RW]: Previous selected connection: Conn[1f26400:0:Net[any:0.0.0.x/0:Wildcard:id=0]:iOnU5k9N:1:0:stun:udp:13.251.82.x:54444->bf/fi9AV:1:1847591423:prflx:udp:13.251.82.x:46700|CRWS|-|0|0|7205793488053470206|10]
[103:144:0903/062435.825415:INFO:p2p_transport_channel.cc(1810)] Channel[0|1|RW]: New selected connection: Conn[1f29400:0:Net[any:0.0.0.x/0:Wildcard:id=0]:AbSXyKyE:1:0:local:udp:dc20a470-182b-4dac-8667-c89ef462c0a9.local:54444->pAnvqXqS:1:2015363583:local:udp:192.168.160.x:46700|CRWS|S|0|0|8655920682762255871|8]
[103:144:0903/062435.825464:INFO:channel.cc(371)] Network route changed for {mid: 0, media_type: audio}
[103:145:0903/062435.825560:INFO:rtp_transport_controller_send.cc(280)] Network route changed on transport 0: new_route = [ connected: 1 local: [ 32/0 Wildcard turn: 0 ] remote: [ 1/0 Ethernet turn: 0 ] packet_overhead_bytes: 38 ]
[103:145:0903/062435.825607:INFO:rtp_transport_controller_send.cc(283)] old_route = [ connected: 1 local: [ 32/0 Wildcard turn: 0 ] remote: [ 1/0 Ethernet turn: 0 ] packet_overhead_bytes: 28 ]
[103:144:0903/062435.825706:INFO:channel.cc(371)] Network route changed for {mid: 1, media_type: video}
[103:144:0903/062435.825860:INFO:connection.cc(778)] Conn[1f26400:0:Net[any:0.0.0.x/0:Wildcard:id=0]:iOnU5k9N:1:0:stun:udp:13.251.82.x:54444->bf/fi9AV:1:1847591423:prflx:udp:13.251.82.x:46700|CRWS|-|0|0|7205793488053470206|10]: Connection pruned
[103:144:0903/062435.825910:VERBOSE1:connection.cc(305)] Conn[1f26400:0:Net[any:0.0.0.x/0:Wildcard:id=0]:iOnU5k9N:1:0:stun:udp:13.251.82.x:54444->bf/fi9AV:1:1847591423:prflx:udp:13.251.82.x:46700|CRxS|-|0|0|7205793488053470206|10]: set_write_state from: 0 to 3
[103:144:0903/062435.825958:INFO:connection.cc(778)] Conn[1f27c00:0:Net[any:0.0.0.x/0:Wildcard:id=0]:iOnU5k9N:1:0:stun:udp:13.251.82.x:54444->RymAdc+Q:1:2015363327:local:udp:172.31.30.x:48717|C--W|-|0|0|7205793488389014014|-]: Connection pruned
[103:144:0903/062435.826003:VERBOSE1:connection.cc(305)] Conn[1f27c00:0:Net[any:0.0.0.x/0:Wildcard:id=0]:iOnU5k9N:1:0:stun:udp:13.251.82.x:54444->RymAdc+Q:1:2015363327:local:udp:172.31.30.x:48717|C-xW|-|0|0|7205793488389014014|-]: set_write_state from: 2 to 3
[103:144:0903/062435.826049:INFO:p2p_transport_channel.cc(1902)] Channel[0|1|RW]: Transport channel state changed from 1 to 2
[103:144:0903/062435.826467:INFO:jsep_transport_controller.cc(1225)] 0 Transport 1 state changed. Check if state is complete.
[103:143:0903/062435.826547:INFO:peer_connection.cc(2419)] Changing to ICE completed state because all transports are complete.
[103:143:0903/062435.826593:INFO:peer_connection.cc(1954)] Changing IceConnectionState 2 => 3
[103:143:0903/062435.826659:INFO:peer_connection.cc(1973)] Changing standardized IceConnectionState 2 => 3
[103:144:0903/062435.826729:VERBOSE1:connection.cc(871)] Conn[1f27000:0:Net[any:0.0.0.x/0:Wildcard:id=0]:yp3Sqi6p:1:0:local:tcp:2a17da0c-851b-42b9-89d4-c6cd4d4fca29.local:9->80uWO1+J:1:1010827519:local:tcp:172.31.30.x:53282|C-xW|-|0|0|4341471139021733375|-]: UpdateState(), ms since last received response=13394298821, ms since last received data=13394298821, rtt=6000, pings_since_last_response=
[103:144:0903/062435.826779:VERBOSE1:connection.cc(871)] Conn[1f26400:0:Net[any:0.0.0.x/0:Wildcard:id=0]:iOnU5k9N:1:0:stun:udp:13.251.82.x:54444->bf/fi9AV:1:1847591423:prflx:udp:13.251.82.x:46700|CRxS|-|0|0|7205793488053470206|10]: UpdateState(), ms since last received response=44, ms since last received data=4, rtt=100, pings_since_last_response=
[103:144:0903/062435.826830:VERBOSE1:connection.cc(871)] Conn[1f28800:0:Net[any:0.0.0.x/0:Wildcard:id=0]:XhrZDDoj:1:0:relay:udp:192.168.160.x:61798->RymAdc+Q:1:2015363327:local:udp:172.31.30.x:48717|C-xW|-|0|0|144150372183704062|-]: UpdateState(), ms since last received response=13394298821, ms since last received data=13394298821, rtt=6000, pings_since_last_response=
[103:144:0903/062435.826973:VERBOSE1:connection.cc(871)] Conn[1f27c00:0:Net[any:0.0.0.x/0:Wildcard:id=0]:iOnU5k9N:1:0:stun:udp:13.251.82.x:54444->RymAdc+Q:1:2015363327:local:udp:172.31.30.x:48717|C-xW|-|0|0|7205793488389014014|-]: UpdateState(), ms since last received response=13394298821, ms since last received data=13394298821, rtt=6000, pings_since_last_response=
[103:144:0903/062435.827489:VERBOSE1:connection.cc(871)] Conn[1f2a000:0:Net[any:0.0.0.x/0:Wildcard:id=0]:XhrZDDoj:1:0:relay:udp:192.168.160.x:61798->pAnvqXqS:1:2015363583:local:udp:192.168.160.x:46700|C-xW|-|0|0|144150372183704574|-]: UpdateState(), ms since last received response=13394298821, ms since last received data=13394298821, rtt=6000, pings_since_last_response=
[103:144:0903/062435.829849:VERBOSE1:connection.cc(871)] Conn[1f29400:0:Net[any:0.0.0.x/0:Wildcard:id=0]:AbSXyKyE:1:0:local:udp:dc20a470-182b-4dac-8667-c89ef462c0a9.local:54444->pAnvqXqS:1:2015363583:local:udp:192.168.160.x:46700|CRWS|S|0|0|8655920682762255871|8]: UpdateState(), ms since last received response=4, ms since last received data=13394298821, rtt=100, pings_since_last_response=
[103:144:0903/062435.830164:VERBOSE1:connection.cc(871)] Conn[20ec000:0:Net[any:0.0.0.x/0:Wildcard:id=0]:yp3Sqi6p:1:0:local:tcp:2a17da0c-851b-42b9-89d4-c6cd4d4fca29.local:9->/rZ3bpd6:1:843055359:stun:tcp:13.251.82.x:53282|C-xW|-|0|0|3620895198642454015|-]: UpdateState(), ms since last received response=13394298821, ms since last received data=13394298821, rtt=6000, pings_since_last_response=
[103:144:0903/062435.830354:VERBOSE1:connection.cc(871)] Conn[20ed800:0:Net[any:0.0.0.x/0:Wildcard:id=0]:yp3Sqi6p:1:0:local:tcp:2a17da0c-851b-42b9-89d4-c6cd4d4fca29.local:9->NYiT23x4:1:1010827775:local:tcp:192.168.160.x:53216|C-xW|-|0|0|4341472238533361151|-]: UpdateState(), ms since last received response=13394298821, ms since last received data=13394298821, rtt=6000, pings_since_last_response=
[103:144:0903/062435.830980:VERBOSE1:connection.cc(871)] Conn[20ecc00:0:Net[any:0.0.0.x/0:Wildcard:id=0]:XhrZDDoj:1:0:relay:udp:192.168.160.x:61798->HKpcngki:1:1679819007:stun:udp:13.251.82.x:48717|C-xW|-|0|0|144150371512615422|-]: UpdateState(), ms since last received response=13394298821, ms since last received data=13394298821, rtt=6000, pings_since_last_response=
[103:144:0903/062435.831044:VERBOSE1:connection.cc(871)] Conn[20ef000:0:Net[any:0.0.0.x/0:Wildcard:id=0]:iOnU5k9N:1:0:stun:udp:13.251.82.x:54444->HKpcngki:1:1679819007:stun:udp:13.251.82.x:48717|C-xW|-|0|0|7205793487717925374|-]: UpdateState(), ms since last received response=13394298821, ms since last received data=13394298821, rtt=6000, pings_since_last_response=
[103:144:0903/062435.831090:VERBOSE1:basic_ice_controller.cc(542)] Sorting 10 available connections
[103:144:0903/062435.831136:VERBOSE1:basic_ice_controller.cc(545)] Conn[1f29400:0:Net[any:0.0.0.x/0:Wildcard:id=0]:AbSXyKyE:1:0:local:udp:dc20a470-182b-4dac-8667-c89ef462c0a9.local:54444->pAnvqXqS:1:2015363583:local:udp:192.168.160.x:46700|CRWS|S|0|0|8655920682762255871|8]
[103:144:0903/062435.831183:VERBOSE1:basic_ice_controller.cc(545)] Conn[1f26400:0:Net[any:0.0.0.x/0:Wildcard:id=0]:iOnU5k9N:1:0:stun:udp:13.251.82.x:54444->bf/fi9AV:1:1847591423:prflx:udp:13.251.82.x:46700|CRxS|-|0|0|7205793488053470206|10]
[103:144:0903/062435.831227:VERBOSE1:basic_ice_controller.cc(545)] Conn[1f27c00:0:Net[any:0.0.0.x/0:Wildcard:id=0]:iOnU5k9N:1:0:stun:udp:13.251.82.x:54444->RymAdc+Q:1:2015363327:local:udp:172.31.30.x:48717|C-xW|-|0|0|7205793488389014014|-]
[103:144:0903/062435.831269:VERBOSE1:basic_ice_controller.cc(545)] Conn[20ef000:0:Net[any:0.0.0.x/0:Wildcard:id=0]:iOnU5k9N:1:0:stun:udp:13.251.82.x:54444->HKpcngki:1:1679819007:stun:udp:13.251.82.x:48717|C-xW|-|0|0|7205793487717925374|-]
[103:144:0903/062435.831312:VERBOSE1:basic_ice_controller.cc(545)] Conn[20ed800:0:Net[any:0.0.0.x/0:Wildcard:id=0]:yp3Sqi6p:1:0:local:tcp:2a17da0c-851b-42b9-89d4-c6cd4d4fca29.local:9->NYiT23x4:1:1010827775:local:tcp:192.168.160.x:53216|C-xW|-|0|0|4341472238533361151|-]
[103:144:0903/062435.831356:VERBOSE1:basic_ice_controller.cc(545)] Conn[1f27000:0:Net[any:0.0.0.x/0:Wildcard:id=0]:yp3Sqi6p:1:0:local:tcp:2a17da0c-851b-42b9-89d4-c6cd4d4fca29.local:9->80uWO1+J:1:1010827519:local:tcp:172.31.30.x:53282|C-xW|-|0|0|4341471139021733375|-]
[103:144:0903/062435.831399:VERBOSE1:basic_ice_controller.cc(545)] Conn[20ec000:0:Net[any:0.0.0.x/0:Wildcard:id=0]:yp3Sqi6p:1:0:local:tcp:2a17da0c-851b-42b9-89d4-c6cd4d4fca29.local:9->/rZ3bpd6:1:843055359:stun:tcp:13.251.82.x:53282|C-xW|-|0|0|3620895198642454015|-]
[103:144:0903/062435.831442:VERBOSE1:basic_ice_controller.cc(545)] Conn[1f2a000:0:Net[any:0.0.0.x/0:Wildcard:id=0]:XhrZDDoj:1:0:relay:udp:192.168.160.x:61798->pAnvqXqS:1:2015363583:local:udp:192.168.160.x:46700|C-xW|-|0|0|144150372183704574|-]
[103:144:0903/062435.831486:VERBOSE1:basic_ice_controller.cc(545)] Conn[1f28800:0:Net[any:0.0.0.x/0:Wildcard:id=0]:XhrZDDoj:1:0:relay:udp:192.168.160.x:61798->RymAdc+Q:1:2015363327:local:udp:172.31.30.x:48717|C-xW|-|0|0|144150372183704062|-]
[103:144:0903/062435.831529:VERBOSE1:basic_ice_controller.cc(545)] Conn[20ecc00:0:Net[any:0.0.0.x/0:Wildcard:id=0]:XhrZDDoj:1:0:relay:udp:192.168.160.x:61798->HKpcngki:1:1679819007:stun:udp:13.251.82.x:48717|C-xW|-|0|0|144150371512615422|-]
[103:144:0903/062435.831743:WARNING:jsep_transport_controller.cc(294)] Not adding candidate because the JsepTransport doesn't exist. Ignore it.
[103:144:0903/062435.843218:VERBOSE1:connection.cc(515)] Conn[1f29400:0:Net[any:0.0.0.x/0:Wildcard:id=0]:AbSXyKyE:1:0:local:udp:dc20a470-182b-4dac-8667-c89ef462c0a9.local:54444->pAnvqXqS:1:2015363583:local:udp:192.168.160.x:46700|CRWS|S|0|0|8655920682762255871|8]: Received STUN BINDING request, id=d1ecb4c3f690761d3a06c555
[103:144:0903/062435.844369:VERBOSE1:connection.cc(744)] Conn[1f29400:0:Net[any:0.0.0.x/0:Wildcard:id=0]:AbSXyKyE:1:0:local:udp:dc20a470-182b-4dac-8667-c89ef462c0a9.local:54444->pAnvqXqS:1:2015363583:local:udp:192.168.160.x:46700|CRWS|S|0|0|8655920682762255871|8]: Sent STUN BINDING response, to=192.168.160.x:46700, id=d1ecb4c3f690761d3a06c555
[103:144:0903/062435.849728:WARNING:jsep_transport_controller.cc(294)] Not adding candidate because the JsepTransport doesn't exist. Ignore it.
[103:144:0903/062435.849910:VERBOSE1:port.cc(542)] Port[f57c00:0:1:0:local:Net[any:0.0.0.x/0:Wildcard:id=0]]: Received STUN BINDING indication: from 192.168.160.x:46700
[103:145:0903/062435.850059:INFO:remote_bitrate_estimator_abs_send_time.cc(290)] Probe packet received: send time=58844 ms, recv time=13394298844 ms, send delta=33 ms, recv delta=33 ms.
[103:144:0903/062435.851550:WARNING:jsep_transport_controller.cc(294)] Not adding candidate because the JsepTransport doesn't exist. Ignore it.
[103:144:0903/062435.860195:VERBOSE1:connection.cc(871)] Conn[1f27000:0:Net[any:0.0.0.x/0:Wildcard:id=0]:yp3Sqi6p:1:0:local:tcp:2a17da0c-851b-42b9-89d4-c6cd4d4fca29.local:9->80uWO1+J:1:1010827519:local:tcp:172.31.30.x:53282|C-xW|-|0|0|4341471139021733375|-]: UpdateState(), ms since last received response=13394298855, ms since last received data=13394298855, rtt=6000, pings_since_last_response=
[103:144:0903/062435.860447:VERBOSE1:connection.cc(871)] Conn[1f26400:0:Net[any:0.0.0.x/0:Wildcard:id=0]:iOnU5k9N:1:0:stun:udp:13.251.82.x:54444->bf/fi9AV:1:1847591423:prflx:udp:13.251.82.x:46700|CRxS|-|0|0|7205793488053470206|10]: UpdateState(), ms since last received response=78, ms since last received data=11, rtt=100, pings_since_last_response=
[103:144:0903/062435.860510:VERBOSE1:connection.cc(871)] Conn[1f28800:0:Net[any:0.0.0.x/0:Wildcard:id=0]:XhrZDDoj:1:0:relay:udp:192.168.160.x:61798->RymAdc+Q:1:2015363327:local:udp:172.31.30.x:48717|C-xW|-|0|0|144150372183704062|-]: UpdateState(), ms since last received response=13394298855, ms since last received data=13394298855, rtt=6000, pings_since_last_response=
[103:144:0903/062435.860563:VERBOSE1:connection.cc(871)] Conn[1f27c00:0:Net[any:0.0.0.x/0:Wildcard:id=0]:iOnU5k9N:1:0:stun:udp:13.251.82.x:54444->RymAdc+Q:1:2015363327:local:udp:172.31.30.x:48717|C-xW|-|0|0|7205793488389014014|-]: UpdateState(), ms since last received response=13394298855, ms since last received data=13394298855, rtt=6000, pings_since_last_response=
[103:144:0903/062435.860612:VERBOSE1:connection.cc(871)] Conn[1f2a000:0:Net[any:0.0.0.x/0:Wildcard:id=0]:XhrZDDoj:1:0:relay:udp:192.168.160.x:61798->pAnvqXqS:1:2015363583:local:udp:192.168.160.x:46700|C-xW|-|0|0|144150372183704574|-]: UpdateState(), ms since last received response=13394298855, ms since last received data=13394298855, rtt=6000, pings_since_last_response=
[103:144:0903/062435.860663:VERBOSE1:connection.cc(871)] Conn[1f29400:0:Net[any:0.0.0.x/0:Wildcard:id=0]:AbSXyKyE:1:0:local:udp:dc20a470-182b-4dac-8667-c89ef462c0a9.local:54444->pAnvqXqS:1:2015363583:local:udp:192.168.160.x:46700|CRWS|S|0|0|8655920682762255871|8]: UpdateState(), ms since last received response=38, ms since last received data=7, rtt=100, pings_since_last_response=
[103:144:0903/062435.860715:VERBOSE1:connection.cc(871)] Conn[20ec000:0:Net[any:0.0.0.x/0:Wildcard:id=0]:yp3Sqi6p:1:0:local:tcp:2a17da0c-851b-42b9-89d4-c6cd4d4fca29.local:9->/rZ3bpd6:1:843055359:stun:tcp:13.251.82.x:53282|C-xW|-|0|0|3620895198642454015|-]: UpdateState(), ms since last received response=13394298855, ms since last received data=13394298855, rtt=6000, pings_since_last_response=
[103:144:0903/062435.860777:VERBOSE1:connection.cc(871)] Conn[20ed800:0:Net[any:0.0.0.x/0:Wildcard:id=0]:yp3Sqi6p:1:0:local:tcp:2a17da0c-851b-42b9-89d4-c6cd4d4fca29.local:9->NYiT23x4:1:1010827775:local:tcp:192.168.160.x:53216|C-xW|-|0|0|4341472238533361151|-]: UpdateState(), ms since last received response=13394298855, ms since last received data=13394298855, rtt=6000, pings_since_last_response=
[103:144:0903/062435.860837:VERBOSE1:connection.cc(871)] Conn[20ecc00:0:Net[any:0.0.0.x/0:Wildcard:id=0]:XhrZDDoj:1:0:relay:udp:192.168.160.x:61798->HKpcngki:1:1679819007:stun:udp:13.251.82.x:48717|C-xW|-|0|0|144150371512615422|-]: UpdateState(), ms since last received response=13394298855, ms since last received data=13394298855, rtt=6000, pings_since_last_response=
[103:144:0903/062435.860886:VERBOSE1:connection.cc(871)] Conn[20ef000:0:Net[any:0.0.0.x/0:Wildcard:id=0]:iOnU5k9N:1:0:stun:udp:13.251.82.x:54444->HKpcngki:1:1679819007:stun:udp:13.251.82.x:48717|C-xW|-|0|0|7205793487717925374|-]: UpdateState(), ms since last received response=13394298855, ms since last received data=13394298855, rtt=6000, pings_since_last_response=
[103:144:0903/062435.860934:VERBOSE1:basic_ice_controller.cc(542)] Sorting 10 available connections
[103:144:0903/062435.861001:VERBOSE1:basic_ice_controller.cc(545)] Conn[1f29400:0:Net[any:0.0.0.x/0:Wildcard:id=0]:AbSXyKyE:1:0:local:udp:dc20a470-182b-4dac-8667-c89ef462c0a9.local:54444->pAnvqXqS:1:2015363583:local:udp:192.168.160.x:46700|CRWS|S|0|0|8655920682762255871|8]
[103:144:0903/062435.861054:VERBOSE1:basic_ice_controller.cc(545)] Conn[1f26400:0:Net[any:0.0.0.x/0:Wildcard:id=0]:iOnU5k9N:1:0:stun:udp:13.251.82.x:54444->bf/fi9AV:1:1847591423:prflx:udp:13.251.82.x:46700|CRxS|-|0|0|7205793488053470206|10]
[103:144:0903/062435.861098:VERBOSE1:basic_ice_controller.cc(545)] Conn[1f27c00:0:Net[any:0.0.0.x/0:Wildcard:id=0]:iOnU5k9N:1:0:stun:udp:13.251.82.x:54444->RymAdc+Q:1:2015363327:local:udp:172.31.30.x:48717|C-xW|-|0|0|7205793488389014014|-]
[103:144:0903/062435.861329:VERBOSE1:basic_ice_controller.cc(545)] Conn[20ef000:0:Net[any:0.0.0.x/0:Wildcard:id=0]:iOnU5k9N:1:0:stun:udp:13.251.82.x:54444->HKpcngki:1:1679819007:stun:udp:13.251.82.x:48717|C-xW|-|0|0|7205793487717925374|-]
[103:144:0903/062435.861378:VERBOSE1:basic_ice_controller.cc(545)] Conn[20ed800:0:Net[any:0.0.0.x/0:Wildcard:id=0]:yp3Sqi6p:1:0:local:tcp:2a17da0c-851b-42b9-89d4-c6cd4d4fca29.local:9->NYiT23x4:1:1010827775:local:tcp:192.168.160.x:53216|C-xW|-|0|0|4341472238533361151|-]
[103:144:0903/062435.861427:VERBOSE1:basic_ice_controller.cc(545)] Conn[1f27000:0:Net[any:0.0.0.x/0:Wildcard:id=0]:yp3Sqi6p:1:0:local:tcp:2a17da0c-851b-42b9-89d4-c6cd4d4fca29.local:9->80uWO1+J:1:1010827519:local:tcp:172.31.30.x:53282|C-xW|-|0|0|4341471139021733375|-]
[103:144:0903/062435.862722:VERBOSE1:basic_ice_controller.cc(545)] Conn[20ec000:0:Net[any:0.0.0.x/0:Wildcard:id=0]:yp3Sqi6p:1:0:local:tcp:2a17da0c-851b-42b9-89d4-c6cd4d4fca29.local:9->/rZ3bpd6:1:843055359:stun:tcp:13.251.82.x:53282|C-xW|-|0|0|3620895198642454015|-]
[103:144:0903/062435.862796:VERBOSE1:basic_ice_controller.cc(545)] Conn[1f2a000:0:Net[any:0.0.0.x/0:Wildcard:id=0]:XhrZDDoj:1:0:relay:udp:192.168.160.x:61798->pAnvqXqS:1:2015363583:local:udp:192.168.160.x:46700|C-xW|-|0|0|144150372183704574|-]
[103:144:0903/062435.862847:VERBOSE1:basic_ice_controller.cc(545)] Conn[1f28800:0:Net[any:0.0.0.x/0:Wildcard:id=0]:XhrZDDoj:1:0:relay:udp:192.168.160.x:61798->RymAdc+Q:1:2015363327:local:udp:172.31.30.x:48717|C-xW|-|0|0|144150372183704062|-]
[103:144:0903/062435.862895:VERBOSE1:basic_ice_controller.cc(545)] Conn[20ecc00:0:Net[any:0.0.0.x/0:Wildcard:id=0]:XhrZDDoj:1:0:relay:udp:192.168.160.x:61798->HKpcngki:1:1679819007:stun:udp:13.251.82.x:48717|C-xW|-|0|0|144150371512615422|-]
[103:144:0903/062435.862970:WARNING:peer_connection.cc(2708)] Candidate has an unknown component: Cand[:14:2:tcp:847249662:13.251.82.x:9:stun:172.31.30.70:9:::0:0:0] for mid 0
[103:144:0903/062435.873766:WARNING:jsep_transport_controller.cc(294)] Not adding candidate because the JsepTransport doesn't exist. Ignore it.
[103:144:0903/062435.875468:INFO:connection.cc(243)] Conn[20ee400:0:Net[any:0.0.0.x/0:Wildcard:id=0]:XhrZDDoj:1:0:relay:udp:192.168.160.x:61798->QsnOwN9f:1:1679819263:stun:udp:13.251.82.x:46700|C--W|-|0|0|144150371512615934|-]: Connection created
[103:144:0903/062435.876383:INFO:turn_port.cc(1613)] Port[1ead400:0:1:0:relay:Net[any:0.0.0.x/0:Wildcard:id=0]]: TURN create permission request sent, id=387444616d7a6c4450783476
[103:144:0903/062435.876720:INFO:p2p_transport_channel.cc(1451)] Channel[0|1|RW]: Created connection with origin: 2, total: 11
[103:144:0903/062435.877160:VERBOSE1:connection.cc(871)] Conn[1f27000:0:Net[any:0.0.0.x/0:Wildcard:id=0]:yp3Sqi6p:1:0:local:tcp:2a17da0c-851b-42b9-89d4-c6cd4d4fca29.local:9->80uWO1+J:1:1010827519:local:tcp:172.31.30.x:53282|C-xW|-|0|0|4341471139021733375|-]: UpdateState(), ms since last received response=13394298871, ms since last received data=13394298871, rtt=6000, pings_since_last_response=
[103:144:0903/062435.877251:VERBOSE1:connection.cc(871)] Conn[1f26400:0:Net[any:0.0.0.x/0:Wildcard:id=0]:iOnU5k9N:1:0:stun:udp:13.251.82.x:54444->QsnOwN9f:1:1679819263:stun:udp:13.251.82.x:46700|CRxS|-|0|0|7205793487717925886|10]: UpdateState(), ms since last received response=94, ms since last received data=27, rtt=100, pings_since_last_response=
[103:144:0903/062435.877316:VERBOSE1:connection.cc(871)] Conn[1f28800:0:Net[any:0.0.0.x/0:Wildcard:id=0]:XhrZDDoj:1:0:relay:udp:192.168.160.x:61798->RymAdc+Q:1:2015363327:local:udp:172.31.30.x:48717|C-xW|-|0|0|144150372183704062|-]: UpdateState(), ms since last received response=13394298871, ms since last received data=13394298871, rtt=6000, pings_since_last_response=
[103:144:0903/062435.877377:VERBOSE1:connection.cc(871)] Conn[1f27c00:0:Net[any:0.0.0.x/0:Wildcard:id=0]:iOnU5k9N:1:0:stun:udp:13.251.82.x:54444->RymAdc+Q:1:2015363327:local:udp:172.31.30.x:48717|C-xW|-|0|0|7205793488389014014|-]: UpdateState(), ms since last received response=13394298871, ms since last received data=13394298871, rtt=6000, pings_since_last_response=
[103:144:0903/062435.877437:VERBOSE1:connection.cc(871)] Conn[1f2a000:0:Net[any:0.0.0.x/0:Wildcard:id=0]:XhrZDDoj:1:0:relay:udp:192.168.160.x:61798->pAnvqXqS:1:2015363583:local:udp:192.168.160.x:46700|C-xW|-|0|0|144150372183704574|-]: UpdateState(), ms since last received response=13394298871, ms since last received data=13394298871, rtt=6000, pings_since_last_response=
[103:144:0903/062435.877498:VERBOSE1:connection.cc(871)] Conn[1f29400:0:Net[any:0.0.0.x/0:Wildcard:id=0]:AbSXyKyE:1:0:local:udp:dc20a470-182b-4dac-8667-c89ef462c0a9.local:54444->pAnvqXqS:1:2015363583:local:udp:192.168.160.x:46700|CRWS|S|0|0|8655920682762255871|8]: UpdateState(), ms since last received response=54, ms since last received data=23, rtt=100, pings_since_last_response=
[103:144:0903/062435.877557:VERBOSE1:connection.cc(871)] Conn[20ec000:0:Net[any:0.0.0.x/0:Wildcard:id=0]:yp3Sqi6p:1:0:local:tcp:2a17da0c-851b-42b9-89d4-c6cd4d4fca29.local:9->/rZ3bpd6:1:843055359:stun:tcp:13.251.82.x:53282|C-xW|-|0|0|3620895198642454015|-]: UpdateState(), ms since last received response=13394298871, ms since last received data=13394298871, rtt=6000, pings_since_last_response=
[103:144:0903/062435.877618:VERBOSE1:connection.cc(871)] Conn[20ed800:0:Net[any:0.0.0.x/0:Wildcard:id=0]:yp3Sqi6p:1:0:local:tcp:2a17da0c-851b-42b9-89d4-c6cd4d4fca29.local:9->NYiT23x4:1:1010827775:local:tcp:192.168.160.x:53216|C-xW|-|0|0|4341472238533361151|-]: UpdateState(), ms since last received response=13394298871, ms since last received data=13394298871, rtt=6000, pings_since_last_response=
[103:144:0903/062435.877677:VERBOSE1:connection.cc(871)] Conn[20ecc00:0:Net[any:0.0.0.x/0:Wildcard:id=0]:XhrZDDoj:1:0:relay:udp:192.168.160.x:61798->HKpcngki:1:1679819007:stun:udp:13.251.82.x:48717|C-xW|-|0|0|144150371512615422|-]: UpdateState(), ms since last received response=13394298871, ms since last received data=13394298871, rtt=6000, pings_since_last_response=
[103:144:0903/062435.877737:VERBOSE1:connection.cc(871)] Conn[20ef000:0:Net[any:0.0.0.x/0:Wildcard:id=0]:iOnU5k9N:1:0:stun:udp:13.251.82.x:54444->HKpcngki:1:1679819007:stun:udp:13.251.82.x:48717|C-xW|-|0|0|7205793487717925374|-]: UpdateState(), ms since last received response=13394298871, ms since last received data=13394298871, rtt=6000, pings_since_last_response=
[103:144:0903/062435.877810:VERBOSE1:connection.cc(871)] Conn[20ee400:0:Net[any:0.0.0.x/0:Wildcard:id=0]:XhrZDDoj:1:0:relay:udp:192.168.160.x:61798->QsnOwN9f:1:1679819263:stun:udp:13.251.82.x:46700|C--W|-|0|0|144150371512615934|-]: UpdateState(), ms since last received response=13394298871, ms since last received data=13394298871, rtt=6000, pings_since_last_response=
[103:144:0903/062435.877866:VERBOSE1:basic_ice_controller.cc(542)] Sorting 11 available connections
[103:144:0903/062435.877924:VERBOSE1:basic_ice_controller.cc(545)] Conn[1f29400:0:Net[any:0.0.0.x/0:Wildcard:id=0]:AbSXyKyE:1:0:local:udp:dc20a470-182b-4dac-8667-c89ef462c0a9.local:54444->pAnvqXqS:1:2015363583:local:udp:192.168.160.x:46700|CRWS|S|0|0|8655920682762255871|8]
[103:144:0903/062435.877981:VERBOSE1:basic_ice_controller.cc(545)] Conn[20ee400:0:Net[any:0.0.0.x/0:Wildcard:id=0]:XhrZDDoj:1:0:relay:udp:192.168.160.x:61798->QsnOwN9f:1:1679819263:stun:udp:13.251.82.x:46700|C--W|-|0|0|144150371512615934|-]
[103:144:0903/062435.878037:VERBOSE1:basic_ice_controller.cc(545)] Conn[1f26400:0:Net[any:0.0.0.x/0:Wildcard:id=0]:iOnU5k9N:1:0:stun:udp:13.251.82.x:54444->QsnOwN9f:1:1679819263:stun:udp:13.251.82.x:46700|CRxS|-|0|0|7205793487717925886|10]
[103:144:0903/062435.878093:VERBOSE1:basic_ice_controller.cc(545)] Conn[1f27c00:0:Net[any:0.0.0.x/0:Wildcard:id=0]:iOnU5k9N:1:0:stun:udp:13.251.82.x:54444->RymAdc+Q:1:2015363327:local:udp:172.31.30.x:48717|C-xW|-|0|0|7205793488389014014|-]
[103:144:0903/062435.878150:VERBOSE1:basic_ice_controller.cc(545)] Conn[20ef000:0:Net[any:0.0.0.x/0:Wildcard:id=0]:iOnU5k9N:1:0:stun:udp:13.251.82.x:54444->HKpcngki:1:1679819007:stun:udp:13.251.82.x:48717|C-xW|-|0|0|7205793487717925374|-]
[103:144:0903/062435.878206:VERBOSE1:basic_ice_controller.cc(545)] Conn[20ed800:0:Net[any:0.0.0.x/0:Wildcard:id=0]:yp3Sqi6p:1:0:local:tcp:2a17da0c-851b-42b9-89d4-c6cd4d4fca29.local:9->NYiT23x4:1:1010827775:local:tcp:192.168.160.x:53216|C-xW|-|0|0|4341472238533361151|-]
[103:144:0903/062435.878264:VERBOSE1:basic_ice_controller.cc(545)] Conn[1f27000:0:Net[any:0.0.0.x/0:Wildcard:id=0]:yp3Sqi6p:1:0:local:tcp:2a17da0c-851b-42b9-89d4-c6cd4d4fca29.local:9->80uWO1+J:1:1010827519:local:tcp:172.31.30.x:53282|C-xW|-|0|0|4341471139021733375|-]
[103:144:0903/062435.878319:VERBOSE1:basic_ice_controller.cc(545)] Conn[20ec000:0:Net[any:0.0.0.x/0:Wildcard:id=0]:yp3Sqi6p:1:0:local:tcp:2a17da0c-851b-42b9-89d4-c6cd4d4fca29.local:9->/rZ3bpd6:1:843055359:stun:tcp:13.251.82.x:53282|C-xW|-|0|0|3620895198642454015|-]
[103:144:0903/062435.878375:VERBOSE1:basic_ice_controller.cc(545)] Conn[1f2a000:0:Net[any:0.0.0.x/0:Wildcard:id=0]:XhrZDDoj:1:0:relay:udp:192.168.160.x:61798->pAnvqXqS:1:2015363583:local:udp:192.168.160.x:46700|C-xW|-|0|0|144150372183704574|-]
[103:144:0903/062435.878432:VERBOSE1:basic_ice_controller.cc(545)] Conn[1f28800:0:Net[any:0.0.0.x/0:Wildcard:id=0]:XhrZDDoj:1:0:relay:udp:192.168.160.x:61798->RymAdc+Q:1:2015363327:local:udp:172.31.30.x:48717|C-xW|-|0|0|144150372183704062|-]
[103:144:0903/062435.878487:VERBOSE1:basic_ice_controller.cc(545)] Conn[20ecc00:0:Net[any:0.0.0.x/0:Wildcard:id=0]:XhrZDDoj:1:0:relay:udp:192.168.160.x:61798->HKpcngki:1:1679819007:stun:udp:13.251.82.x:48717|C-xW|-|0|0|144150371512615422|-]
[103:144:0903/062435.878551:INFO:connection.cc(778)] Conn[20ee400:0:Net[any:0.0.0.x/0:Wildcard:id=0]:XhrZDDoj:1:0:relay:udp:192.168.160.x:61798->QsnOwN9f:1:1679819263:stun:udp:13.251.82.x:46700|C--W|-|0|0|144150371512615934|-]: Connection pruned
[103:144:0903/062435.878612:VERBOSE1:connection.cc(305)] Conn[20ee400:0:Net[any:0.0.0.x/0:Wildcard:id=0]:XhrZDDoj:1:0:relay:udp:192.168.160.x:61798->QsnOwN9f:1:1679819263:stun:udp:13.251.82.x:46700|C-xW|-|0|0|144150371512615934|-]: set_write_state from: 2 to 3
[103:144:0903/062435.878786:VERBOSE1:connection.cc(871)] Conn[1f27000:0:Net[any:0.0.0.x/0:Wildcard:id=0]:yp3Sqi6p:1:0:local:tcp:2a17da0c-851b-42b9-89d4-c6cd4d4fca29.local:9->80uWO1+J:1:1010827519:local:tcp:172.31.30.x:53282|C-xW|-|0|0|4341471139021733375|-]: UpdateState(), ms since last received response=13394298873, ms since last received data=13394298873, rtt=6000, pings_since_last_response=
[103:144:0903/062435.880562:VERBOSE1:connection.cc(871)] Conn[1f26400:0:Net[any:0.0.0.x/0:Wildcard:id=0]:iOnU5k9N:1:0:stun:udp:13.251.82.x:54444->QsnOwN9f:1:1679819263:stun:udp:13.251.82.x:46700|CRxS|-|0|0|7205793487717925886|10]: UpdateState(), ms since last received response=96, ms since last received data=29, rtt=100, pings_since_last_response=
[103:144:0903/062435.880917:VERBOSE1:connection.cc(871)] Conn[1f28800:0:Net[any:0.0.0.x/0:Wildcard:id=0]:XhrZDDoj:1:0:relay:udp:192.168.160.x:61798->RymAdc+Q:1:2015363327:local:udp:172.31.30.x:48717|C-xW|-|0|0|144150372183704062|-]: UpdateState(), ms since last received response=13394298873, ms since last received data=13394298873, rtt=6000, pings_since_last_response=
[103:144:0903/062435.881378:VERBOSE1:connection.cc(871)] Conn[1f27c00:0:Net[any:0.0.0.x/0:Wildcard:id=0]:iOnU5k9N:1:0:stun:udp:13.251.82.x:54444->RymAdc+Q:1:2015363327:local:udp:172.31.30.x:48717|C-xW|-|0|0|7205793488389014014|-]: UpdateState(), ms since last received response=13394298873, ms since last received data=13394298873, rtt=6000, pings_since_last_response=
[103:144:0903/062435.881465:VERBOSE1:connection.cc(871)] Conn[1f2a000:0:Net[any:0.0.0.x/0:Wildcard:id=0]:XhrZDDoj:1:0:relay:udp:192.168.160.x:61798->pAnvqXqS:1:2015363583:local:udp:192.168.160.x:46700|C-xW|-|0|0|144150372183704574|-]: UpdateState(), ms since last received response=13394298873, ms since last received data=13394298873, rtt=6000, pings_since_last_response=
[103:144:0903/062435.881529:VERBOSE1:connection.cc(871)] Conn[1f29400:0:Net[any:0.0.0.x/0:Wildcard:id=0]:AbSXyKyE:1:0:local:udp:dc20a470-182b-4dac-8667-c89ef462c0a9.local:54444->pAnvqXqS:1:2015363583:local:udp:192.168.160.x:46700|CRWS|S|0|0|8655920682762255871|8]: UpdateState(), ms since last received response=56, ms since last received data=0, rtt=100, pings_since_last_response=
[103:144:0903/062435.881591:VERBOSE1:connection.cc(871)] Conn[20ec000:0:Net[any:0.0.0.x/0:Wildcard:id=0]:yp3Sqi6p:1:0:local:tcp:2a17da0c-851b-42b9-89d4-c6cd4d4fca29.local:9->/rZ3bpd6:1:843055359:stun:tcp:13.251.82.x:53282|C-xW|-|0|0|3620895198642454015|-]: UpdateState(), ms since last received response=13394298873, ms since last received data=13394298873, rtt=6000, pings_since_last_response=
[103:144:0903/062435.881652:VERBOSE1:connection.cc(871)] Conn[20ed800:0:Net[any:0.0.0.x/0:Wildcard:id=0]:yp3Sqi6p:1:0:local:tcp:2a17da0c-851b-42b9-89d4-c6cd4d4fca29.local:9->NYiT23x4:1:1010827775:local:tcp:192.168.160.x:53216|C-xW|-|0|0|4341472238533361151|-]: UpdateState(), ms since last received response=13394298873, ms since last received data=13394298873, rtt=6000, pings_since_last_response=
[103:144:0903/062435.881712:VERBOSE1:connection.cc(871)] Conn[20ecc00:0:Net[any:0.0.0.x/0:Wildcard:id=0]:XhrZDDoj:1:0:relay:udp:192.168.160.x:61798->HKpcngki:1:1679819007:stun:udp:13.251.82.x:48717|C-xW|-|0|0|144150371512615422|-]: UpdateState(), ms since last received response=13394298873, ms since last received data=13394298873, rtt=6000, pings_since_last_response=
[103:144:0903/062435.881771:VERBOSE1:connection.cc(871)] Conn[20ef000:0:Net[any:0.0.0.x/0:Wildcard:id=0]:iOnU5k9N:1:0:stun:udp:13.251.82.x:54444->HKpcngki:1:1679819007:stun:udp:13.251.82.x:48717|C-xW|-|0|0|7205793487717925374|-]: UpdateState(), ms since last received response=13394298873, ms since last received data=13394298873, rtt=6000, pings_since_last_response=
[103:144:0903/062435.881829:VERBOSE1:connection.cc(871)] Conn[20ee400:0:Net[any:0.0.0.x/0:Wildcard:id=0]:XhrZDDoj:1:0:relay:udp:192.168.160.x:61798->QsnOwN9f:1:1679819263:stun:udp:13.251.82.x:46700|C-xW|-|0|0|144150371512615934|-]: UpdateState(), ms since last received response=13394298873, ms since last received data=13394298873, rtt=6000, pings_since_last_response=
[103:144:0903/062435.881900:VERBOSE1:basic_ice_controller.cc(542)] Sorting 11 available connections
[103:144:0903/062435.881958:VERBOSE1:basic_ice_controller.cc(545)] Conn[1f29400:0:Net[any:0.0.0.x/0:Wildcard:id=0]:AbSXyKyE:1:0:local:udp:dc20a470-182b-4dac-8667-c89ef462c0a9.local:54444->pAnvqXqS:1:2015363583:local:udp:192.168.160.x:46700|CRWS|S|0|0|8655920682762255871|8]
[103:144:0903/062435.882017:VERBOSE1:basic_ice_controller.cc(545)] Conn[1f26400:0:Net[any:0.0.0.x/0:Wildcard:id=0]:iOnU5k9N:1:0:stun:udp:13.251.82.x:54444->QsnOwN9f:1:1679819263:stun:udp:13.251.82.x:46700|CRxS|-|0|0|7205793487717925886|10]
[103:144:0903/062435.882075:VERBOSE1:basic_ice_controller.cc(545)] Conn[1f27c00:0:Net[any:0.0.0.x/0:Wildcard:id=0]:iOnU5k9N:1:0:stun:udp:13.251.82.x:54444->RymAdc+Q:1:2015363327:local:udp:172.31.30.x:48717|C-xW|-|0|0|7205793488389014014|-]
[103:144:0903/062435.882132:VERBOSE1:basic_ice_controller.cc(545)] Conn[20ef000:0:Net[any:0.0.0.x/0:Wildcard:id=0]:iOnU5k9N:1:0:stun:udp:13.251.82.x:54444->HKpcngki:1:1679819007:stun:udp:13.251.82.x:48717|C-xW|-|0|0|7205793487717925374|-]
[103:144:0903/062435.882188:VERBOSE1:basic_ice_controller.cc(545)] Conn[20ed800:0:Net[any:0.0.0.x/0:Wildcard:id=0]:yp3Sqi6p:1:0:local:tcp:2a17da0c-851b-42b9-89d4-c6cd4d4fca29.local:9->NYiT23x4:1:1010827775:local:tcp:192.168.160.x:53216|C-xW|-|0|0|4341472238533361151|-]
[103:144:0903/062435.882245:VERBOSE1:basic_ice_controller.cc(545)] Conn[1f27000:0:Net[any:0.0.0.x/0:Wildcard:id=0]:yp3Sqi6p:1:0:local:tcp:2a17da0c-851b-42b9-89d4-c6cd4d4fca29.local:9->80uWO1+J:1:1010827519:local:tcp:172.31.30.x:53282|C-xW|-|0|0|4341471139021733375|-]
[103:144:0903/062435.882301:VERBOSE1:basic_ice_controller.cc(545)] Conn[20ec000:0:Net[any:0.0.0.x/0:Wildcard:id=0]:yp3Sqi6p:1:0:local:tcp:2a17da0c-851b-42b9-89d4-c6cd4d4fca29.local:9->/rZ3bpd6:1:843055359:stun:tcp:13.251.82.x:53282|C-xW|-|0|0|3620895198642454015|-]
[103:144:0903/062435.882358:VERBOSE1:basic_ice_controller.cc(545)] Conn[1f2a000:0:Net[any:0.0.0.x/0:Wildcard:id=0]:XhrZDDoj:1:0:relay:udp:192.168.160.x:61798->pAnvqXqS:1:2015363583:local:udp:192.168.160.x:46700|C-xW|-|0|0|144150372183704574|-]
[103:144:0903/062435.882414:VERBOSE1:basic_ice_controller.cc(545)] Conn[1f28800:0:Net[any:0.0.0.x/0:Wildcard:id=0]:XhrZDDoj:1:0:relay:udp:192.168.160.x:61798->RymAdc+Q:1:2015363327:local:udp:172.31.30.x:48717|C-xW|-|0|0|144150372183704062|-]
[103:144:0903/062435.882469:VERBOSE1:basic_ice_controller.cc(545)] Conn[20ee400:0:Net[any:0.0.0.x/0:Wildcard:id=0]:XhrZDDoj:1:0:relay:udp:192.168.160.x:61798->QsnOwN9f:1:1679819263:stun:udp:13.251.82.x:46700|C-xW|-|0|0|144150371512615934|-]
[103:144:0903/062435.882525:VERBOSE1:basic_ice_controller.cc(545)] Conn[20ecc00:0:Net[any:0.0.0.x/0:Wildcard:id=0]:XhrZDDoj:1:0:relay:udp:192.168.160.x:61798->HKpcngki:1:1679819007:stun:udp:13.251.82.x:48717|C-xW|-|0|0|144150371512615422|-]
[103:144:0903/062435.883206:INFO:turn_port.cc(1620)] Port[1ead400:0:1:0:relay:Net[any:0.0.0.x/0:Wildcard:id=0]]: TURN permission requested successfully, id=387444616d7a6c4450783476, code=0, rtt=7
[103:144:0903/062435.883283:INFO:turn_port.cc(1808)] Port[1ead400:0:1:0:relay:Net[any:0.0.0.x/0:Wildcard:id=0]]: Create permission for 13.251.82.x:46700 succeeded
[103:144:0903/062435.883357:INFO:turn_port.cc(1822)] Port[1ead400:0:1:0:relay:Net[any:0.0.0.x/0:Wildcard:id=0]]: Scheduled create-permission-request in 240000ms.
[103:144:0903/062435.883426:VERBOSE1:connection.cc(871)] Conn[1f27000:0:Net[any:0.0.0.x/0:Wildcard:id=0]:yp3Sqi6p:1:0:local:tcp:2a17da0c-851b-42b9-89d4-c6cd4d4fca29.local:9->80uWO1+J:1:1010827519:local:tcp:172.31.30.x:53282|C-xW|-|0|0|4341471139021733375|-]: UpdateState(), ms since last received response=13394298878, ms since last received data=13394298878, rtt=6000, pings_since_last_response=
[103:144:0903/062435.883480:VERBOSE1:connection.cc(871)] Conn[1f26400:0:Net[any:0.0.0.x/0:Wildcard:id=0]:iOnU5k9N:1:0:stun:udp:13.251.82.x:54444->QsnOwN9f:1:1679819263:stun:udp:13.251.82.x:46700|CRxS|-|0|0|7205793487717925886|10]: UpdateState(), ms since last received response=101, ms since last received data=34, rtt=100, pings_since_last_response=
[103:144:0903/062435.883537:VERBOSE1:connection.cc(871)] Conn[1f28800:0:Net[any:0.0.0.x/0:Wildcard:id=0]:XhrZDDoj:1:0:relay:udp:192.168.160.x:61798->RymAdc+Q:1:2015363327:local:udp:172.31.30.x:48717|C-xW|-|0|0|144150372183704062|-]: UpdateState(), ms since last received response=13394298878, ms since last received data=13394298878, rtt=6000, pings_since_last_response=
[103:144:0903/062435.883585:VERBOSE1:connection.cc(871)] Conn[1f27c00:0:Net[any:0.0.0.x/0:Wildcard:id=0]:iOnU5k9N:1:0:stun:udp:13.251.82.x:54444->RymAdc+Q:1:2015363327:local:udp:172.31.30.x:48717|C-xW|-|0|0|7205793488389014014|-]: UpdateState(), ms since last received response=13394298878, ms since last received data=13394298878, rtt=6000, pings_since_last_response=
[103:144:0903/062435.883630:VERBOSE1:connection.cc(871)] Conn[1f2a000:0:Net[any:0.0.0.x/0:Wildcard:id=0]:XhrZDDoj:1:0:relay:udp:192.168.160.x:61798->pAnvqXqS:1:2015363583:local:udp:192.168.160.x:46700|C-xW|-|0|0|144150372183704574|-]: UpdateState(), ms since last received response=13394298878, ms since last received data=13394298878, rtt=6000, pings_since_last_response=
[103:144:0903/062435.883672:VERBOSE1:connection.cc(871)] Conn[1f29400:0:Net[any:0.0.0.x/0:Wildcard:id=0]:AbSXyKyE:1:0:local:udp:dc20a470-182b-4dac-8667-c89ef462c0a9.local:54444->pAnvqXqS:1:2015363583:local:udp:192.168.160.x:46700|CRWS|S|0|0|8655920682762255871|8]: UpdateState(), ms since last received response=61, ms since last received data=5, rtt=100, pings_since_last_response=
[103:144:0903/062435.884046:VERBOSE1:connection.cc(871)] Conn[20ec000:0:Net[any:0.0.0.x/0:Wildcard:id=0]:yp3Sqi6p:1:0:local:tcp:2a17da0c-851b-42b9-89d4-c6cd4d4fca29.local:9->/rZ3bpd6:1:843055359:stun:tcp:13.251.82.x:53282|C-xW|-|0|0|3620895198642454015|-]: UpdateState(), ms since last received response=13394298878, ms since last received data=13394298878, rtt=6000, pings_since_last_response=
[103:144:0903/062435.884117:VERBOSE1:connection.cc(871)] Conn[20ed800:0:Net[any:0.0.0.x/0:Wildcard:id=0]:yp3Sqi6p:1:0:local:tcp:2a17da0c-851b-42b9-89d4-c6cd4d4fca29.local:9->NYiT23x4:1:1010827775:local:tcp:192.168.160.x:53216|C-xW|-|0|0|4341472238533361151|-]: UpdateState(), ms since last received response=13394298878, ms since last received data=13394298878, rtt=6000, pings_since_last_response=
[103:144:0903/062435.884176:VERBOSE1:connection.cc(871)] Conn[20ecc00:0:Net[any:0.0.0.x/0:Wildcard:id=0]:XhrZDDoj:1:0:relay:udp:192.168.160.x:61798->HKpcngki:1:1679819007:stun:udp:13.251.82.x:48717|C-xW|-|0|0|144150371512615422|-]: UpdateState(), ms since last received response=13394298878, ms since last received data=13394298878, rtt=6000, pings_since_last_response=
[103:144:0903/062435.885062:VERBOSE1:connection.cc(871)] Conn[20ef000:0:Net[any:0.0.0.x/0:Wildcard:id=0]:iOnU5k9N:1:0:stun:udp:13.251.82.x:54444->HKpcngki:1:1679819007:stun:udp:13.251.82.x:48717|C-xW|-|0|0|7205793487717925374|-]: UpdateState(), ms since last received response=13394298878, ms since last received data=13394298878, rtt=6000, pings_since_last_response=
[103:144:0903/062435.885172:VERBOSE1:connection.cc(871)] Conn[20ee400:0:Net[any:0.0.0.x/0:Wildcard:id=0]:XhrZDDoj:1:0:relay:udp:192.168.160.x:61798->QsnOwN9f:1:1679819263:stun:udp:13.251.82.x:46700|C-xW|-|0|0|144150371512615934|-]: UpdateState(), ms since last received response=13394298878, ms since last received data=13394298878, rtt=6000, pings_since_last_response=
[103:144:0903/062435.885269:VERBOSE1:connection.cc(961)] Conn[1f29400:0:Net[any:0.0.0.x/0:Wildcard:id=0]:AbSXyKyE:1:0:local:udp:dc20a470-182b-4dac-8667-c89ef462c0a9.local:54444->pAnvqXqS:1:2015363583:local:udp:192.168.160.x:46700|CRWS|S|0|0|8655920682762255871|8]: Sending STUN ping, id=326a36456274644462584967, nomination=0
[103:144:0903/062435.885774:VERBOSE1:connection.cc(1441)] Conn[1f29400:0:Net[any:0.0.0.x/0:Wildcard:id=0]:AbSXyKyE:1:0:local:udp:dc20a470-182b-4dac-8667-c89ef462c0a9.local:54444->pAnvqXqS:1:2015363583:local:udp:192.168.160.x:46700|CRWS|S|0|0|8655920682762255871|8]: Sent STUN BINDING request, id=326a36456274644462584967, use_candidate=1, nomination=0
[103:145:0903/062435.885990:INFO:remote_bitrate_estimator_abs_send_time.cc(290)] Probe packet received: send time=58875 ms, recv time=13394298876 ms, send delta=31 ms, recv delta=32 ms.
[103:144:0903/062435.886291:VERBOSE1:connection.cc(1353)] Conn[1f29400:0:Net[any:0.0.0.x/0:Wildcard:id=0]:AbSXyKyE:1:0:local:udp:dc20a470-182b-4dac-8667-c89ef462c0a9.local:54444->pAnvqXqS:1:2015363583:local:udp:192.168.160.x:46700|CRWI|S|0|0|8655920682762255871|8]: Received STUN BINDING response, id=326a36456274644462584967, code=0, rtt=1, pings_since_last_response=326a36456274644462584967 
[103:144:0903/062435.886355:VERBOSE1:connection.cc(342)] Conn[1f29400:0:Net[any:0.0.0.x/0:Wildcard:id=0]:AbSXyKyE:1:0:local:udp:dc20a470-182b-4dac-8667-c89ef462c0a9.local:54444->pAnvqXqS:1:2015363583:local:udp:192.168.160.x:46700|CRWS|S|0|0|8655920682762255871|8]: set_state
[103:144:0903/062435.886588:WARNING:peer_connection.cc(2708)] Candidate has an unknown component: Cand[:12:2:tcp:1010828286:[fe80:0:0:x:x:x:x:x]:47265:local::0:::0:0:0] for mid 0
[103:144:0903/062435.894647:WARNING:jsep_transport_controller.cc(294)] Not adding candidate because the JsepTransport doesn't exist. Ignore it.
[103:144:0903/062435.896661:WARNING:jsep_transport_controller.cc(294)] Not adding candidate because the JsepTransport doesn't exist. Ignore it.
[103:144:0903/062435.906436:WARNING:jsep_transport_controller.cc(294)] Not adding candidate because the JsepTransport doesn't exist. Ignore it.
[103:144:0903/062435.907585:WARNING:peer_connection.cc(2708)] Candidate has an unknown component: Cand[:11:2:tcp:1015022590:[fe80:0:0:x:x:x:x:x]:9:local::0:::0:0:0] for mid 0
[103:144:0903/062435.908718:WARNING:jsep_transport_controller.cc(294)] Not adding candidate because the JsepTransport doesn't exist. Ignore it.
[103:144:0903/062435.909873:WARNING:peer_connection.cc(2708)] Candidate has an unknown component: Cand[:10:2:udp:2015364094:[fe80:0:0:x:x:x:x:x]:45046:local::0:::0:0:0] for mid 0
[103:144:0903/062435.910894:WARNING:jsep_transport_controller.cc(294)] Not adding candidate because the JsepTransport doesn't exist. Ignore it.
[103:144:0903/062435.911855:WARNING:jsep_transport_controller.cc(294)] Not adding candidate because the JsepTransport doesn't exist. Ignore it.
[103:145:0903/062435.913997:INFO:remote_bitrate_estimator_abs_send_time.cc(290)] Probe packet received: send time=58908 ms, recv time=13394298909 ms, send delta=33 ms, recv delta=33 ms.
[103:145:0903/062435.914094:INFO:remote_bitrate_estimator_abs_send_time.cc(183)] Probe successful, sent at 287258 bps, received at 287250 bps. Mean send delta: 32 ms, mean recv delta: 32 ms, num probes: 4
[103:145:0903/062435.914175:INFO:remote_bitrate_estimator_abs_send_time.cc(290)] Probe packet received: send time=58908 ms, recv time=13394298909 ms, send delta=0 ms, recv delta=0 ms.
[103:144:0903/062435.914921:WARNING:peer_connection.cc(2708)] Candidate has an unknown component: Cand[:17:2:tcp:847249918:13.251.82.x:9:stun:192.168.160.1:9:::0:0:0] for mid 0
[103:144:0903/062435.944990:VERBOSE1:connection.cc(871)] Conn[1f27000:0:Net[any:0.0.0.x/0:Wildcard:id=0]:yp3Sqi6p:1:0:local:tcp:2a17da0c-851b-42b9-89d4-c6cd4d4fca29.local:9->80uWO1+J:1:1010827519:local:tcp:172.31.30.x:53282|C-xW|-|0|0|4341471139021733375|-]: UpdateState(), ms since last received response=13394298939, ms since last received data=13394298939, rtt=6000, pings_since_last_response=
[103:145:0903/062435.945071:INFO:remote_bitrate_estimator_abs_send_time.cc(290)] Probe packet received: send time=58939 ms, recv time=13394298940 ms, send delta=31 ms, recv delta=31 ms.
[103:144:0903/062435.945206:VERBOSE1:connection.cc(871)] Conn[1f26400:0:Net[any:0.0.0.x/0:Wildcard:id=0]:iOnU5k9N:1:0:stun:udp:13.251.82.x:54444->QsnOwN9f:1:1679819263:stun:udp:13.251.82.x:46700|CRxS|-|0|0|7205793487717925886|10]: UpdateState(), ms since last received response=162, ms since last received data=95, rtt=100, pings_since_last_response=
[103:144:0903/062435.945276:VERBOSE1:connection.cc(871)] Conn[1f28800:0:Net[any:0.0.0.x/0:Wildcard:id=0]:XhrZDDoj:1:0:relay:udp:192.168.160.x:61798->RymAdc+Q:1:2015363327:local:udp:172.31.30.x:48717|C-xW|-|0|0|144150372183704062|-]: UpdateState(), ms since last received response=13394298939, ms since last received data=13394298939, rtt=6000, pings_since_last_response=
[103:144:0903/062435.945338:VERBOSE1:connection.cc(871)] Conn[1f27c00:0:Net[any:0.0.0.x/0:Wildcard:id=0]:iOnU5k9N:1:0:stun:udp:13.251.82.x:54444->RymAdc+Q:1:2015363327:local:udp:172.31.30.x:48717|C-xW|-|0|0|7205793488389014014|-]: UpdateState(), ms since last received response=13394298939, ms since last received data=13394298939, rtt=6000, pings_since_last_response=
[103:144:0903/062435.945387:VERBOSE1:connection.cc(871)] Conn[1f2a000:0:Net[any:0.0.0.x/0:Wildcard:id=0]:XhrZDDoj:1:0:relay:udp:192.168.160.x:61798->pAnvqXqS:1:2015363583:local:udp:192.168.160.x:46700|C-xW|-|0|0|144150372183704574|-]: UpdateState(), ms since last received response=13394298939, ms since last received data=13394298939, rtt=6000, pings_since_last_response=
[103:144:0903/062435.945436:VERBOSE1:connection.cc(871)] Conn[1f29400:0:Net[any:0.0.0.x/0:Wildcard:id=0]:AbSXyKyE:1:0:local:udp:dc20a470-182b-4dac-8667-c89ef462c0a9.local:54444->pAnvqXqS:1:2015363583:local:udp:192.168.160.x:46700|CRWS|S|0|0|8655920682762255871|6]: UpdateState(), ms since last received response=58, ms since last received data=0, rtt=100, pings_since_last_response=
[103:144:0903/062435.945484:VERBOSE1:connection.cc(871)] Conn[20ec000:0:Net[any:0.0.0.x/0:Wildcard:id=0]:yp3Sqi6p:1:0:local:tcp:2a17da0c-851b-42b9-89d4-c6cd4d4fca29.local:9->/rZ3bpd6:1:843055359:stun:tcp:13.251.82.x:53282|C-xW|-|0|0|3620895198642454015|-]: UpdateState(), ms since last received response=13394298939, ms since last received data=13394298939, rtt=6000, pings_since_last_response=
[103:144:0903/062435.945551:VERBOSE1:connection.cc(871)] Conn[20ed800:0:Net[any:0.0.0.x/0:Wildcard:id=0]:yp3Sqi6p:1:0:local:tcp:2a17da0c-851b-42b9-89d4-c6cd4d4fca29.local:9->NYiT23x4:1:1010827775:local:tcp:192.168.160.x:53216|C-xW|-|0|0|4341472238533361151|-]: UpdateState(), ms since last received response=13394298939, ms since last received data=13394298939, rtt=6000, pings_since_last_response=
[103:144:0903/062435.945631:VERBOSE1:connection.cc(871)] Conn[20ecc00:0:Net[any:0.0.0.x/0:Wildcard:id=0]:XhrZDDoj:1:0:relay:udp:192.168.160.x:61798->HKpcngki:1:1679819007:stun:udp:13.251.82.x:48717|C-xW|-|0|0|144150371512615422|-]: UpdateState(), ms since last received response=13394298939, ms since last received data=13394298939, rtt=6000, pings_since_last_response=
[103:144:0903/062435.945715:VERBOSE1:connection.cc(871)] Conn[20ef000:0:Net[any:0.0.0.x/0:Wildcard:id=0]:iOnU5k9N:1:0:stun:udp:13.251.82.x:54444->HKpcngki:1:1679819007:stun:udp:13.251.82.x:48717|C-xW|-|0|0|7205793487717925374|-]: UpdateState(), ms since last received response=13394298939, ms since last received data=13394298939, rtt=6000, pings_since_last_response=
[103:144:0903/062435.945769:VERBOSE1:connection.cc(871)] Conn[20ee400:0:Net[any:0.0.0.x/0:Wildcard:id=0]:XhrZDDoj:1:0:relay:udp:192.168.160.x:61798->QsnOwN9f:1:1679819263:stun:udp:13.251.82.x:46700|C-xW|-|0|0|144150371512615934|-]: UpdateState(), ms since last received response=13394298939, ms since last received data=13394298939, rtt=6000, pings_since_last_response=
[103:144:0903/062435.945858:VERBOSE1:connection.cc(961)] Conn[1f29400:0:Net[any:0.0.0.x/0:Wildcard:id=0]:AbSXyKyE:1:0:local:udp:dc20a470-182b-4dac-8667-c89ef462c0a9.local:54444->pAnvqXqS:1:2015363583:local:udp:192.168.160.x:46700|CRWS|S|0|0|8655920682762255871|6]: Sending STUN ping, id=724232344d556c444b694e77, nomination=0
[103:144:0903/062435.945940:VERBOSE1:connection.cc(1441)] Conn[1f29400:0:Net[any:0.0.0.x/0:Wildcard:id=0]:AbSXyKyE:1:0:local:udp:dc20a470-182b-4dac-8667-c89ef462c0a9.local:54444->pAnvqXqS:1:2015363583:local:udp:192.168.160.x:46700|CRWS|S|0|0|8655920682762255871|6]: Sent STUN BINDING request, id=724232344d556c444b694e77, use_candidate=1, nomination=0
[103:144:0903/062435.947652:VERBOSE1:connection.cc(1353)] Conn[1f29400:0:Net[any:0.0.0.x/0:Wildcard:id=0]:AbSXyKyE:1:0:local:udp:dc20a470-182b-4dac-8667-c89ef462c0a9.local:54444->pAnvqXqS:1:2015363583:local:udp:192.168.160.x:46700|CRWI|S|0|0|8655920682762255871|6]: Received STUN BINDING response, id=724232344d556c444b694e77, code=0, rtt=2, pings_since_last_response=724232344d556c444b694e77 
[103:144:0903/062435.947756:VERBOSE1:connection.cc(342)] Conn[1f29400:0:Net[any:0.0.0.x/0:Wildcard:id=0]:AbSXyKyE:1:0:local:udp:dc20a470-182b-4dac-8667-c89ef462c0a9.local:54444->pAnvqXqS:1:2015363583:local:udp:192.168.160.x:46700|CRWS|S|0|0|8655920682762255871|6]: set_state
[103:144:0903/062436.005212:VERBOSE1:connection.cc(871)] Conn[1f27000:0:Net[any:0.0.0.x/0:Wildcard:id=0]:yp3Sqi6p:1:0:local:tcp:2a17da0c-851b-42b9-89d4-c6cd4d4fca29.local:9->80uWO1+J:1:1010827519:local:tcp:172.31.30.x:53282|C-xW|-|0|0|4341471139021733375|-]: UpdateState(), ms since last received response=13394299000, ms since last received data=13394299000, rtt=6000, pings_since_last_response=
[103:144:0903/062436.005362:VERBOSE1:connection.cc(871)] Conn[1f26400:0:Net[any:0.0.0.x/0:Wildcard:id=0]:iOnU5k9N:1:0:stun:udp:13.251.82.x:54444->QsnOwN9f:1:1679819263:stun:udp:13.251.82.x:46700|CRxS|-|0|0|7205793487717925886|10]: UpdateState(), ms since last received response=223, ms since last received data=156, rtt=100, pings_since_last_response=
[103:144:0903/062436.005433:VERBOSE1:connection.cc(871)] Conn[1f28800:0:Net[any:0.0.0.x/0:Wildcard:id=0]:XhrZDDoj:1:0:relay:udp:192.168.160.x:61798->RymAdc+Q:1:2015363327:local:udp:172.31.30.x:48717|C-xW|-|0|0|144150372183704062|-]: UpdateState(), ms since last received response=13394299000, ms since last received data=13394299000, rtt=6000, pings_since_last_response=
[103:144:0903/062436.005564:VERBOSE1:connection.cc(871)] Conn[1f27c00:0:Net[any:0.0.0.x/0:Wildcard:id=0]:iOnU5k9N:1:0:stun:udp:13.251.82.x:54444->RymAdc+Q:1:2015363327:local:udp:172.31.30.x:48717|C-xW|-|0|0|7205793488389014014|-]: UpdateState(), ms since last received response=13394299000, ms since last received data=13394299000, rtt=6000, pings_since_last_response=
[103:144:0903/062436.005624:VERBOSE1:connection.cc(871)] Conn[1f2a000:0:Net[any:0.0.0.x/0:Wildcard:id=0]:XhrZDDoj:1:0:relay:udp:192.168.160.x:61798->pAnvqXqS:1:2015363583:local:udp:192.168.160.x:46700|C-xW|-|0|0|144150372183704574|-]: UpdateState(), ms since last received response=13394299000, ms since last received data=13394299000, rtt=6000, pings_since_last_response=
[103:144:0903/062436.005753:VERBOSE1:connection.cc(871)] Conn[1f29400:0:Net[any:0.0.0.x/0:Wildcard:id=0]:AbSXyKyE:1:0:local:udp:dc20a470-182b-4dac-8667-c89ef462c0a9.local:54444->pAnvqXqS:1:2015363583:local:udp:192.168.160.x:46700|CRWS|S|0|0|8655920682762255871|5]: UpdateState(), ms since last received response=58, ms since last received data=12, rtt=100, pings_since_last_response=
[103:144:0903/062436.005812:VERBOSE1:connection.cc(871)] Conn[20ec000:0:Net[any:0.0.0.x/0:Wildcard:id=0]:yp3Sqi6p:1:0:local:tcp:2a17da0c-851b-42b9-89d4-c6cd4d4fca29.local:9->/rZ3bpd6:1:843055359:stun:tcp:13.251.82.x:53282|C-xW|-|0|0|3620895198642454015|-]: UpdateState(), ms since last received response=13394299000, ms since last received data=13394299000, rtt=6000, pings_since_last_response=
[103:144:0903/062436.005867:VERBOSE1:connection.cc(871)] Conn[20ed800:0:Net[any:0.0.0.x/0:Wildcard:id=0]:yp3Sqi6p:1:0:local:tcp:2a17da0c-851b-42b9-89d4-c6cd4d4fca29.local:9->NYiT23x4:1:1010827775:local:tcp:192.168.160.x:53216|C-xW|-|0|0|4341472238533361151|-]: UpdateState(), ms since last received response=13394299000, ms since last received data=13394299000, rtt=6000, pings_since_last_response=
[103:144:0903/062436.005922:VERBOSE1:connection.cc(871)] Conn[20ecc00:0:Net[any:0.0.0.x/0:Wildcard:id=0]:XhrZDDoj:1:0:relay:udp:192.168.160.x:61798->HKpcngki:1:1679819007:stun:udp:13.251.82.x:48717|C-xW|-|0|0|144150371512615422|-]: UpdateState(), ms since last received response=13394299000, ms since last received data=13394299000, rtt=6000, pings_since_last_response=
[103:144:0903/062436.005975:VERBOSE1:connection.cc(871)] Conn[20ef000:0:Net[any:0.0.0.x/0:Wildcard:id=0]:iOnU5k9N:1:0:stun:udp:13.251.82.x:54444->HKpcngki:1:1679819007:stun:udp:13.251.82.x:48717|C-xW|-|0|0|7205793487717925374|-]: UpdateState(), ms since last received response=13394299000, ms since last received data=13394299000, rtt=6000, pings_since_last_response=
[103:144:0903/062436.006042:VERBOSE1:connection.cc(871)] Conn[20ee400:0:Net[any:0.0.0.x/0:Wildcard:id=0]:XhrZDDoj:1:0:relay:udp:192.168.160.x:61798->QsnOwN9f:1:1679819263:stun:udp:13.251.82.x:46700|C-xW|-|0|0|144150371512615934|-]: UpdateState(), ms since last received response=13394299000, ms since last received data=13394299000, rtt=6000, pings_since_last_response=
[88:138:0903/062436.261363:VERBOSE1:mdns_responder.cc(1315)] Received an external response for an owned record.
[88:138:0903/062436.261407:VERBOSE1:mdns_responder.cc(1315)] Received an external response for an owned record.
[88:138:0903/062436.261454:VERBOSE1:mdns_responder.cc(1315)] Received an external response for an owned record.
[88:138:0903/062436.261466:VERBOSE1:mdns_responder.cc(1315)] Received an external response for an owned record.
[103:144:0903/062436.276652:VERBOSE1:connection.cc(871)] Conn[1f27000:0:Net[any:0.0.0.x/0:Wildcard:id=0]:yp3Sqi6p:1:0:local:tcp:2a17da0c-851b-42b9-89d4-c6cd4d4fca29.local:9->80uWO1+J:1:1010827519:local:tcp:172.31.30.x:53282|C-xW|-|0|0|4341471139021733375|-]: UpdateState(), ms since last received response=13394299271, ms since last received data=13394299271, rtt=6000, pings_since_last_response=
[103:144:0903/062436.276786:VERBOSE1:connection.cc(871)] Conn[1f26400:0:Net[any:0.0.0.x/0:Wildcard:id=0]:iOnU5k9N:1:0:stun:udp:13.251.82.x:54444->QsnOwN9f:1:1679819263:stun:udp:13.251.82.x:46700|CRxS|-|0|0|7205793487717925886|10]: UpdateState(), ms since last received response=494, ms since last received data=427, rtt=100, pings_since_last_response=
[103:144:0903/062436.276844:VERBOSE1:connection.cc(871)] Conn[1f28800:0:Net[any:0.0.0.x/0:Wildcard:id=0]:XhrZDDoj:1:0:relay:udp:192.168.160.x:61798->RymAdc+Q:1:2015363327:local:udp:172.31.30.x:48717|C-xW|-|0|0|144150372183704062|-]: UpdateState(), ms since last received response=13394299271, ms since last received data=13394299271, rtt=6000, pings_since_last_response=
[103:144:0903/062436.276900:VERBOSE1:connection.cc(871)] Conn[1f27c00:0:Net[any:0.0.0.x/0:Wildcard:id=0]:iOnU5k9N:1:0:stun:udp:13.251.82.x:54444->RymAdc+Q:1:2015363327:local:udp:172.31.30.x:48717|C-xW|-|0|0|7205793488389014014|-]: UpdateState(), ms since last received response=13394299271, ms since last received data=13394299271, rtt=6000, pings_since_last_response=
[103:144:0903/062436.277191:VERBOSE1:connection.cc(871)] Conn[1f2a000:0:Net[any:0.0.0.x/0:Wildcard:id=0]:XhrZDDoj:1:0:relay:udp:192.168.160.x:61798->pAnvqXqS:1:2015363583:local:udp:192.168.160.x:46700|C-xW|-|0|0|144150372183704574|-]: UpdateState(), ms since last received response=13394299271, ms since last received data=13394299271, rtt=6000, pings_since_last_response=
[103:144:0903/062436.277628:VERBOSE1:connection.cc(871)] Conn[1f29400:0:Net[any:0.0.0.x/0:Wildcard:id=0]:AbSXyKyE:1:0:local:udp:dc20a470-182b-4dac-8667-c89ef462c0a9.local:54444->pAnvqXqS:1:2015363583:local:udp:192.168.160.x:46700|CRWS|S|0|0|8655920682762255871|5]: UpdateState(), ms since last received response=329, ms since last received data=0, rtt=100, pings_since_last_response=
[103:144:0903/062436.277704:VERBOSE1:connection.cc(871)] Conn[20ec000:0:Net[any:0.0.0.x/0:Wildcard:id=0]:yp3Sqi6p:1:0:local:tcp:2a17da0c-851b-42b9-89d4-c6cd4d4fca29.local:9->/rZ3bpd6:1:843055359:stun:tcp:13.251.82.x:53282|C-xW|-|0|0|3620895198642454015|-]: UpdateState(), ms since last received response=13394299271, ms since last received data=13394299271, rtt=6000, pings_since_last_response=
[103:144:0903/062436.277758:VERBOSE1:connection.cc(871)] Conn[20ed800:0:Net[any:0.0.0.x/0:Wildcard:id=0]:yp3Sqi6p:1:0:local:tcp:2a17da0c-851b-42b9-89d4-c6cd4d4fca29.local:9->NYiT23x4:1:1010827775:local:tcp:192.168.160.x:53216|C-xW|-|0|0|4341472238533361151|-]: UpdateState(), ms since last received response=13394299271, ms since last received data=13394299271, rtt=6000, pings_since_last_response=
[103:144:0903/062436.277840:VERBOSE1:connection.cc(871)] Conn[20ecc00:0:Net[any:0.0.0.x/0:Wildcard:id=0]:XhrZDDoj:1:0:relay:udp:192.168.160.x:61798->HKpcngki:1:1679819007:stun:udp:13.251.82.x:48717|C-xW|-|0|0|144150371512615422|-]: UpdateState(), ms since last received response=13394299271, ms since last received data=13394299271, rtt=6000, pings_since_last_response=
[103:144:0903/062436.277902:VERBOSE1:connection.cc(871)] Conn[20ef000:0:Net[any:0.0.0.x/0:Wildcard:id=0]:iOnU5k9N:1:0:stun:udp:13.251.82.x:54444->HKpcngki:1:1679819007:stun:udp:13.251.82.x:48717|C-xW|-|0|0|7205793487717925374|-]: UpdateState(), ms since last received response=13394299271, ms since last received data=13394299271, rtt=6000, pings_since_last_response=
[103:144:0903/062436.278013:VERBOSE1:connection.cc(871)] Conn[20ee400:0:Net[any:0.0.0.x/0:Wildcard:id=0]:XhrZDDoj:1:0:relay:udp:192.168.160.x:61798->QsnOwN9f:1:1679819263:stun:udp:13.251.82.x:46700|C-xW|-|0|0|144150371512615934|-]: UpdateState(), ms since last received response=13394299271, ms since last received data=13394299271, rtt=6000, pings_since_last_response=
[103:145:0903/062436.459451:VERBOSE1:receive_statistics_proxy2.cc(548)] SAMPLE: sample_length: 1012 fps: 34.7323 fps_bad: 0 qp: 43 qp_bad: 0 variance_bad: 0 fps_variance: 0
[50:70:0903/062436.462295:VERBOSE1:command_storage_backend.cc(880)] Current session files:
[103:144:0903/062436.541225:VERBOSE1:connection.cc(871)] Conn[1f27000:0:Net[any:0.0.0.x/0:Wildcard:id=0]:yp3Sqi6p:1:0:local:tcp:2a17da0c-851b-42b9-89d4-c6cd4d4fca29.local:9->80uWO1+J:1:1010827519:local:tcp:172.31.30.x:53282|C-xW|-|0|0|4341471139021733375|-]: UpdateState(), ms since last received response=13394299536, ms since last received data=13394299536, rtt=6000, pings_since_last_response=
[103:144:0903/062436.541371:VERBOSE1:connection.cc(871)] Conn[1f26400:0:Net[any:0.0.0.x/0:Wildcard:id=0]:iOnU5k9N:1:0:stun:udp:13.251.82.x:54444->QsnOwN9f:1:1679819263:stun:udp:13.251.82.x:46700|CRxS|-|0|0|7205793487717925886|10]: UpdateState(), ms since last received response=759, ms since last received data=692, rtt=100, pings_since_last_response=
[103:144:0903/062436.541438:VERBOSE1:connection.cc(871)] Conn[1f28800:0:Net[any:0.0.0.x/0:Wildcard:id=0]:XhrZDDoj:1:0:relay:udp:192.168.160.x:61798->RymAdc+Q:1:2015363327:local:udp:172.31.30.x:48717|C-xW|-|0|0|144150372183704062|-]: UpdateState(), ms since last received response=13394299536, ms since last received data=13394299536, rtt=6000, pings_since_last_response=
[103:144:0903/062436.541497:VERBOSE1:connection.cc(871)] Conn[1f27c00:0:Net[any:0.0.0.x/0:Wildcard:id=0]:iOnU5k9N:1:0:stun:udp:13.251.82.x:54444->RymAdc+Q:1:2015363327:local:udp:172.31.30.x:48717|C-xW|-|0|0|7205793488389014014|-]: UpdateState(), ms since last received response=13394299536, ms since last received data=13394299536, rtt=6000, pings_since_last_response=
[103:144:0903/062436.541554:VERBOSE1:connection.cc(871)] Conn[1f2a000:0:Net[any:0.0.0.x/0:Wildcard:id=0]:XhrZDDoj:1:0:relay:udp:192.168.160.x:61798->pAnvqXqS:1:2015363583:local:udp:192.168.160.x:46700|C-xW|-|0|0|144150372183704574|-]: UpdateState(), ms since last received response=13394299536, ms since last received data=13394299536, rtt=6000, pings_since_last_response=
[103:144:0903/062436.541612:VERBOSE1:connection.cc(871)] Conn[1f29400:0:Net[any:0.0.0.x/0:Wildcard:id=0]:AbSXyKyE:1:0:local:udp:dc20a470-182b-4dac-8667-c89ef462c0a9.local:54444->pAnvqXqS:1:2015363583:local:udp:192.168.160.x:46700|CRWS|S|0|0|8655920682762255871|5]: UpdateState(), ms since last received response=594, ms since last received data=8, rtt=100, pings_since_last_response=
[103:144:0903/062436.541669:VERBOSE1:connection.cc(871)] Conn[20ec000:0:Net[any:0.0.0.x/0:Wildcard:id=0]:yp3Sqi6p:1:0:local:tcp:2a17da0c-851b-42b9-89d4-c6cd4d4fca29.local:9->/rZ3bpd6:1:843055359:stun:tcp:13.251.82.x:53282|C-xW|-|0|0|3620895198642454015|-]: UpdateState(), ms since last received response=13394299536, ms since last received data=13394299536, rtt=6000, pings_since_last_response=
[103:144:0903/062436.541745:VERBOSE1:connection.cc(871)] Conn[20ed800:0:Net[any:0.0.0.x/0:Wildcard:id=0]:yp3Sqi6p:1:0:local:tcp:2a17da0c-851b-42b9-89d4-c6cd4d4fca29.local:9->NYiT23x4:1:1010827775:local:tcp:192.168.160.x:53216|C-xW|-|0|0|4341472238533361151|-]: UpdateState(), ms since last received response=13394299536, ms since last received data=13394299536, rtt=6000, pings_since_last_response=
[103:144:0903/062436.541825:VERBOSE1:connection.cc(871)] Conn[20ecc00:0:Net[any:0.0.0.x/0:Wildcard:id=0]:XhrZDDoj:1:0:relay:udp:192.168.160.x:61798->HKpcngki:1:1679819007:stun:udp:13.251.82.x:48717|C-xW|-|0|0|144150371512615422|-]: UpdateState(), ms since last received response=13394299536, ms since last received data=13394299536, rtt=6000, pings_since_last_response=
[103:144:0903/062436.541882:VERBOSE1:connection.cc(871)] Conn[20ef000:0:Net[any:0.0.0.x/0:Wildcard:id=0]:iOnU5k9N:1:0:stun:udp:13.251.82.x:54444->HKpcngki:1:1679819007:stun:udp:13.251.82.x:48717|C-xW|-|0|0|7205793487717925374|-]: UpdateState(), ms since last received response=13394299536, ms since last received data=13394299536, rtt=6000, pings_since_last_response=
[103:144:0903/062436.541935:VERBOSE1:connection.cc(871)] Conn[20ee400:0:Net[any:0.0.0.x/0:Wildcard:id=0]:XhrZDDoj:1:0:relay:udp:192.168.160.x:61798->QsnOwN9f:1:1679819263:stun:udp:13.251.82.x:46700|C-xW|-|0|0|144150371512615934|-]: UpdateState(), ms since last received response=13394299536, ms since last received data=13394299536, rtt=6000, pings_since_last_response=
[103:145:0903/062436.567755:INFO:probe_controller.cc(434)] kWaitingForProbingResult: timeout
[103:144:0903/062436.805203:VERBOSE1:connection.cc(871)] Conn[1f27000:0:Net[any:0.0.0.x/0:Wildcard:id=0]:yp3Sqi6p:1:0:local:tcp:2a17da0c-851b-42b9-89d4-c6cd4d4fca29.local:9->80uWO1+J:1:1010827519:local:tcp:172.31.30.x:53282|C-xW|-|0|0|4341471139021733375|-]: UpdateState(), ms since last received response=13394299800, ms since last received data=13394299800, rtt=6000, pings_since_last_response=
[103:144:0903/062436.805346:VERBOSE1:connection.cc(871)] Conn[1f26400:0:Net[any:0.0.0.x/0:Wildcard:id=0]:iOnU5k9N:1:0:stun:udp:13.251.82.x:54444->QsnOwN9f:1:1679819263:stun:udp:13.251.82.x:46700|CRxS|-|0|0|7205793487717925886|10]: UpdateState(), ms since last received response=1023, ms since last received data=956, rtt=100, pings_since_last_response=
[103:144:0903/062436.805417:VERBOSE1:connection.cc(871)] Conn[1f28800:0:Net[any:0.0.0.x/0:Wildcard:id=0]:XhrZDDoj:1:0:relay:udp:192.168.160.x:61798->RymAdc+Q:1:2015363327:local:udp:172.31.30.x:48717|C-xW|-|0|0|144150372183704062|-]: UpdateState(), ms since last received response=13394299800, ms since last received data=13394299800, rtt=6000, pings_since_last_response=
[103:144:0903/062436.805512:VERBOSE1:connection.cc(871)] Conn[1f27c00:0:Net[any:0.0.0.x/0:Wildcard:id=0]:iOnU5k9N:1:0:stun:udp:13.251.82.x:54444->RymAdc+Q:1:2015363327:local:udp:172.31.30.x:48717|C-xW|-|0|0|7205793488389014014|-]: UpdateState(), ms since last received response=13394299800, ms since last received data=13394299800, rtt=6000, pings_since_last_response=
[103:144:0903/062436.805599:VERBOSE1:connection.cc(871)] Conn[1f2a000:0:Net[any:0.0.0.x/0:Wildcard:id=0]:XhrZDDoj:1:0:relay:udp:192.168.160.x:61798->pAnvqXqS:1:2015363583:local:udp:192.168.160.x:46700|C-xW|-|0|0|144150372183704574|-]: UpdateState(), ms since last received response=13394299800, ms since last received data=13394299800, rtt=6000, pings_since_last_response=
[103:144:0903/062436.805651:VERBOSE1:connection.cc(871)] Conn[1f29400:0:Net[any:0.0.0.x/0:Wildcard:id=0]:AbSXyKyE:1:0:local:udp:dc20a470-182b-4dac-8667-c89ef462c0a9.local:54444->pAnvqXqS:1:2015363583:local:udp:192.168.160.x:46700|CRWS|S|0|0|8655920682762255871|5]: UpdateState(), ms since last received response=858, ms since last received data=11, rtt=100, pings_since_last_response=
[103:144:0903/062436.805808:VERBOSE1:connection.cc(871)] Conn[20ec000:0:Net[any:0.0.0.x/0:Wildcard:id=0]:yp3Sqi6p:1:0:local:tcp:2a17da0c-851b-42b9-89d4-c6cd4d4fca29.local:9->/rZ3bpd6:1:843055359:stun:tcp:13.251.82.x:53282|C-xW|-|0|0|3620895198642454015|-]: UpdateState(), ms since last received response=13394299800, ms since last received data=13394299800, rtt=6000, pings_since_last_response=
[103:144:0903/062436.805875:VERBOSE1:connection.cc(871)] Conn[20ed800:0:Net[any:0.0.0.x/0:Wildcard:id=0]:yp3Sqi6p:1:0:local:tcp:2a17da0c-851b-42b9-89d4-c6cd4d4fca29.local:9->NYiT23x4:1:1010827775:local:tcp:192.168.160.x:53216|C-xW|-|0|0|4341472238533361151|-]: UpdateState(), ms since last received response=13394299800, ms since last received data=13394299800, rtt=6000, pings_since_last_response=
[103:144:0903/062436.806014:VERBOSE1:connection.cc(871)] Conn[20ecc00:0:Net[any:0.0.0.x/0:Wildcard:id=0]:XhrZDDoj:1:0:relay:udp:192.168.160.x:61798->HKpcngki:1:1679819007:stun:udp:13.251.82.x:48717|C-xW|-|0|0|144150371512615422|-]: UpdateState(), ms since last received response=13394299800, ms since last received data=13394299800, rtt=6000, pings_since_last_response=
[103:144:0903/062436.806139:VERBOSE1:connection.cc(871)] Conn[20ef000:0:Net[any:0.0.0.x/0:Wildcard:id=0]:iOnU5k9N:1:0:stun:udp:13.251.82.x:54444->HKpcngki:1:1679819007:stun:udp:13.251.82.x:48717|C-xW|-|0|0|7205793487717925374|-]: UpdateState(), ms since last received response=13394299800, ms since last received data=13394299800, rtt=6000, pings_since_last_response=
[103:144:0903/062436.806196:VERBOSE1:connection.cc(871)] Conn[20ee400:0:Net[any:0.0.0.x/0:Wildcard:id=0]:XhrZDDoj:1:0:relay:udp:192.168.160.x:61798->QsnOwN9f:1:1679819263:stun:udp:13.251.82.x:46700|C-xW|-|0|0|144150371512615934|-]: UpdateState(), ms since last received response=13394299800, ms since last received data=13394299800, rtt=6000, pings_since_last_response=
[103:144:0903/062437.069233:VERBOSE1:connection.cc(871)] Conn[1f27000:0:Net[any:0.0.0.x/0:Wildcard:id=0]:yp3Sqi6p:1:0:local:tcp:2a17da0c-851b-42b9-89d4-c6cd4d4fca29.local:9->80uWO1+J:1:1010827519:local:tcp:172.31.30.x:53282|C-xW|-|0|0|4341471139021733375|-]: UpdateState(), ms since last received response=13394300064, ms since last received data=13394300064, rtt=6000, pings_since_last_response=
[103:144:0903/062437.069380:VERBOSE1:connection.cc(871)] Conn[1f26400:0:Net[any:0.0.0.x/0:Wildcard:id=0]:iOnU5k9N:1:0:stun:udp:13.251.82.x:54444->QsnOwN9f:1:1679819263:stun:udp:13.251.82.x:46700|CRxS|-|0|0|7205793487717925886|10]: UpdateState(), ms since last received response=1287, ms since last received data=1220, rtt=100, pings_since_last_response=
[103:144:0903/062437.069444:VERBOSE1:connection.cc(871)] Conn[1f28800:0:Net[any:0.0.0.x/0:Wildcard:id=0]:XhrZDDoj:1:0:relay:udp:192.168.160.x:61798->RymAdc+Q:1:2015363327:local:udp:172.31.30.x:48717|C-xW|-|0|0|144150372183704062|-]: UpdateState(), ms since last received response=13394300064, ms since last received data=13394300064, rtt=6000, pings_since_last_response=
[103:144:0903/062437.069503:VERBOSE1:connection.cc(871)] Conn[1f27c00:0:Net[any:0.0.0.x/0:Wildcard:id=0]:iOnU5k9N:1:0:stun:udp:13.251.82.x:54444->RymAdc+Q:1:2015363327:local:udp:172.31.30.x:48717|C-xW|-|0|0|7205793488389014014|-]: UpdateState(), ms since last received response=13394300064, ms since last received data=13394300064, rtt=6000, pings_since_last_response=
[103:144:0903/062437.069560:VERBOSE1:connection.cc(871)] Conn[1f2a000:0:Net[any:0.0.0.x/0:Wildcard:id=0]:XhrZDDoj:1:0:relay:udp:192.168.160.x:61798->pAnvqXqS:1:2015363583:local:udp:192.168.160.x:46700|C-xW|-|0|0|144150372183704574|-]: UpdateState(), ms since last received response=13394300064, ms since last received data=13394300064, rtt=6000, pings_since_last_response=
[103:144:0903/062437.069617:VERBOSE1:connection.cc(871)] Conn[1f29400:0:Net[any:0.0.0.x/0:Wildcard:id=0]:AbSXyKyE:1:0:local:udp:dc20a470-182b-4dac-8667-c89ef462c0a9.local:54444->pAnvqXqS:1:2015363583:local:udp:192.168.160.x:46700|CRWS|S|0|0|8655920682762255871|5]: UpdateState(), ms since last received response=1122, ms since last received data=16, rtt=100, pings_since_last_response=
[103:144:0903/062437.069672:VERBOSE1:connection.cc(871)] Conn[20ec000:0:Net[any:0.0.0.x/0:Wildcard:id=0]:yp3Sqi6p:1:0:local:tcp:2a17da0c-851b-42b9-89d4-c6cd4d4fca29.local:9->/rZ3bpd6:1:843055359:stun:tcp:13.251.82.x:53282|C-xW|-|0|0|3620895198642454015|-]: UpdateState(), ms since last received response=13394300064, ms since last received data=13394300064, rtt=6000, pings_since_last_response=
[103:144:0903/062437.069739:VERBOSE1:connection.cc(871)] Conn[20ed800:0:Net[any:0.0.0.x/0:Wildcard:id=0]:yp3Sqi6p:1:0:local:tcp:2a17da0c-851b-42b9-89d4-c6cd4d4fca29.local:9->NYiT23x4:1:1010827775:local:tcp:192.168.160.x:53216|C-xW|-|0|0|4341472238533361151|-]: UpdateState(), ms since last received response=13394300064, ms since last received data=13394300064, rtt=6000, pings_since_last_response=
[103:144:0903/062437.069798:VERBOSE1:connection.cc(871)] Conn[20ecc00:0:Net[any:0.0.0.x/0:Wildcard:id=0]:XhrZDDoj:1:0:relay:udp:192.168.160.x:61798->HKpcngki:1:1679819007:stun:udp:13.251.82.x:48717|C-xW|-|0|0|144150371512615422|-]: UpdateState(), ms since last received response=13394300064, ms since last received data=13394300064, rtt=6000, pings_since_last_response=
[103:144:0903/062437.069853:VERBOSE1:connection.cc(871)] Conn[20ef000:0:Net[any:0.0.0.x/0:Wildcard:id=0]:iOnU5k9N:1:0:stun:udp:13.251.82.x:54444->HKpcngki:1:1679819007:stun:udp:13.251.82.x:48717|C-xW|-|0|0|7205793487717925374|-]: UpdateState(), ms since last received response=13394300064, ms since last received data=13394300064, rtt=6000, pings_since_last_response=
[103:144:0903/062437.069911:VERBOSE1:connection.cc(871)] Conn[20ee400:0:Net[any:0.0.0.x/0:Wildcard:id=0]:XhrZDDoj:1:0:relay:udp:192.168.160.x:61798->QsnOwN9f:1:1679819263:stun:udp:13.251.82.x:46700|C-xW|-|0|0|144150371512615934|-]: UpdateState(), ms since last received response=13394300064, ms since last received data=13394300064, rtt=6000, pings_since_last_response=
[103:144:0903/062437.069994:VERBOSE1:connection.cc(961)] Conn[1f29400:0:Net[any:0.0.0.x/0:Wildcard:id=0]:AbSXyKyE:1:0:local:udp:dc20a470-182b-4dac-8667-c89ef462c0a9.local:54444->pAnvqXqS:1:2015363583:local:udp:192.168.160.x:46700|CRWS|S|0|0|8655920682762255871|5]: Sending STUN ping, id=77425a69692f302b312b3669, nomination=0
[103:144:0903/062437.070098:VERBOSE1:connection.cc(1441)] Conn[1f29400:0:Net[any:0.0.0.x/0:Wildcard:id=0]:AbSXyKyE:1:0:local:udp:dc20a470-182b-4dac-8667-c89ef462c0a9.local:54444->pAnvqXqS:1:2015363583:local:udp:192.168.160.x:46700|CRWS|S|0|0|8655920682762255871|5]: Sent STUN BINDING request, id=77425a69692f302b312b3669, use_candidate=1, nomination=0
[103:144:0903/062437.070509:VERBOSE1:connection.cc(1353)] Conn[1f29400:0:Net[any:0.0.0.x/0:Wildcard:id=0]:AbSXyKyE:1:0:local:udp:dc20a470-182b-4dac-8667-c89ef462c0a9.local:54444->pAnvqXqS:1:2015363583:local:udp:192.168.160.x:46700|CRWI|S|0|0|8655920682762255871|5]: Received STUN BINDING response, id=77425a69692f302b312b3669, code=0, rtt=1, pings_since_last_response=77425a69692f302b312b3669 
[103:144:0903/062437.070585:VERBOSE1:connection.cc(342)] Conn[1f29400:0:Net[any:0.0.0.x/0:Wildcard:id=0]:AbSXyKyE:1:0:local:udp:dc20a470-182b-4dac-8667-c89ef462c0a9.local:54444->pAnvqXqS:1:2015363583:local:udp:192.168.160.x:46700|CRWS|S|0|0|8655920682762255871|5]: set_state
[88:138:0903/062437.261664:VERBOSE1:mdns_responder.cc(1315)] Received an external response for an owned record.
[88:138:0903/062437.261721:VERBOSE1:mdns_responder.cc(1315)] Received an external response for an owned record.
[88:138:0903/062437.261784:VERBOSE1:mdns_responder.cc(1315)] Received an external response for an owned record.
[88:138:0903/062437.261803:VERBOSE1:mdns_responder.cc(1315)] Received an external response for an owned record.
[103:144:0903/062437.333973:VERBOSE1:connection.cc(871)] Conn[1f27000:0:Net[any:0.0.0.x/0:Wildcard:id=0]:yp3Sqi6p:1:0:local:tcp:2a17da0c-851b-42b9-89d4-c6cd4d4fca29.local:9->80uWO1+J:1:1010827519:local:tcp:172.31.30.x:53282|C-xW|-|0|0|4341471139021733375|-]: UpdateState(), ms since last received response=13394300328, ms since last received data=13394300328, rtt=6000, pings_since_last_response=
[103:144:0903/062437.334104:VERBOSE1:connection.cc(871)] Conn[1f26400:0:Net[any:0.0.0.x/0:Wildcard:id=0]:iOnU5k9N:1:0:stun:udp:13.251.82.x:54444->QsnOwN9f:1:1679819263:stun:udp:13.251.82.x:46700|CRxS|-|0|0|7205793487717925886|10]: UpdateState(), ms since last received response=1551, ms since last received data=1484, rtt=100, pings_since_last_response=
[103:144:0903/062437.334181:VERBOSE1:connection.cc(871)] Conn[1f28800:0:Net[any:0.0.0.x/0:Wildcard:id=0]:XhrZDDoj:1:0:relay:udp:192.168.160.x:61798->RymAdc+Q:1:2015363327:local:udp:172.31.30.x:48717|C-xW|-|0|0|144150372183704062|-]: UpdateState(), ms since last received response=13394300328, ms since last received data=13394300328, rtt=6000, pings_since_last_response=
[103:144:0903/062437.334241:VERBOSE1:connection.cc(871)] Conn[1f27c00:0:Net[any:0.0.0.x/0:Wildcard:id=0]:iOnU5k9N:1:0:stun:udp:13.251.82.x:54444->RymAdc+Q:1:2015363327:local:udp:172.31.30.x:48717|C-xW|-|0|0|7205793488389014014|-]: UpdateState(), ms since last received response=13394300328, ms since last received data=13394300328, rtt=6000, pings_since_last_response=
[103:144:0903/062437.334298:VERBOSE1:connection.cc(871)] Conn[1f2a000:0:Net[any:0.0.0.x/0:Wildcard:id=0]:XhrZDDoj:1:0:relay:udp:192.168.160.x:61798->pAnvqXqS:1:2015363583:local:udp:192.168.160.x:46700|C-xW|-|0|0|144150372183704574|-]: UpdateState(), ms since last received response=13394300328, ms since last received data=13394300328, rtt=6000, pings_since_last_response=
[103:144:0903/062437.334355:VERBOSE1:connection.cc(871)] Conn[1f29400:0:Net[any:0.0.0.x/0:Wildcard:id=0]:AbSXyKyE:1:0:local:udp:dc20a470-182b-4dac-8667-c89ef462c0a9.local:54444->pAnvqXqS:1:2015363583:local:udp:192.168.160.x:46700|CRWS|S|0|0|8655920682762255871|4]: UpdateState(), ms since last received response=263, ms since last received data=0, rtt=100, pings_since_last_response=
[103:144:0903/062437.334412:VERBOSE1:connection.cc(871)] Conn[20ec000:0:Net[any:0.0.0.x/0:Wildcard:id=0]:yp3Sqi6p:1:0:local:tcp:2a17da0c-851b-42b9-89d4-c6cd4d4fca29.local:9->/rZ3bpd6:1:843055359:stun:tcp:13.251.82.x:53282|C-xW|-|0|0|3620895198642454015|-]: UpdateState(), ms since last received response=13394300328, ms since last received data=13394300328, rtt=6000, pings_since_last_response=
[103:144:0903/062437.334468:VERBOSE1:connection.cc(871)] Conn[20ed800:0:Net[any:0.0.0.x/0:Wildcard:id=0]:yp3Sqi6p:1:0:local:tcp:2a17da0c-851b-42b9-89d4-c6cd4d4fca29.local:9->NYiT23x4:1:1010827775:local:tcp:192.168.160.x:53216|C-xW|-|0|0|4341472238533361151|-]: UpdateState(), ms since last received response=13394300328, ms since last received data=13394300328, rtt=6000, pings_since_last_response=
[103:144:0903/062437.334523:VERBOSE1:connection.cc(871)] Conn[20ecc00:0:Net[any:0.0.0.x/0:Wildcard:id=0]:XhrZDDoj:1:0:relay:udp:192.168.160.x:61798->HKpcngki:1:1679819007:stun:udp:13.251.82.x:48717|C-xW|-|0|0|144150371512615422|-]: UpdateState(), ms since last received response=13394300328, ms since last received data=13394300328, rtt=6000, pings_since_last_response=
[103:144:0903/062437.334578:VERBOSE1:connection.cc(871)] Conn[20ef000:0:Net[any:0.0.0.x/0:Wildcard:id=0]:iOnU5k9N:1:0:stun:udp:13.251.82.x:54444->HKpcngki:1:1679819007:stun:udp:13.251.82.x:48717|C-xW|-|0|0|7205793487717925374|-]: UpdateState(), ms since last received response=13394300328, ms since last received data=13394300328, rtt=6000, pings_since_last_response=
[103:144:0903/062437.334633:VERBOSE1:connection.cc(871)] Conn[20ee400:0:Net[any:0.0.0.x/0:Wildcard:id=0]:XhrZDDoj:1:0:relay:udp:192.168.160.x:61798->QsnOwN9f:1:1679819263:stun:udp:13.251.82.x:46700|C-xW|-|0|0|144150371512615934|-]: UpdateState(), ms since last received response=13394300328, ms since last received data=13394300328, rtt=6000, pings_since_last_response=
[103:145:0903/062437.449531:VERBOSE1:receive_statistics_proxy2.cc(548)] SAMPLE: sample_length: 990 fps: 29.2929 fps_bad: 0 qp: 27 qp_bad: 0 variance_bad: 0 fps_variance: 0
[103:144:0903/062437.605537:VERBOSE1:connection.cc(871)] Conn[1f27000:0:Net[any:0.0.0.x/0:Wildcard:id=0]:yp3Sqi6p:1:0:local:tcp:2a17da0c-851b-42b9-89d4-c6cd4d4fca29.local:9->80uWO1+J:1:1010827519:local:tcp:172.31.30.x:53282|C-xW|-|0|0|4341471139021733375|-]: UpdateState(), ms since last received response=13394300600, ms since last received data=13394300600, rtt=6000, pings_since_last_response=
[103:144:0903/062437.605915:VERBOSE1:connection.cc(871)] Conn[1f26400:0:Net[any:0.0.0.x/0:Wildcard:id=0]:iOnU5k9N:1:0:stun:udp:13.251.82.x:54444->QsnOwN9f:1:1679819263:stun:udp:13.251.82.x:46700|CRxS|-|0|0|7205793487717925886|10]: UpdateState(), ms since last received response=1823, ms since last received data=1756, rtt=100, pings_since_last_response=
[103:144:0903/062437.606189:VERBOSE1:connection.cc(871)] Conn[1f28800:0:Net[any:0.0.0.x/0:Wildcard:id=0]:XhrZDDoj:1:0:relay:udp:192.168.160.x:61798->RymAdc+Q:1:2015363327:local:udp:172.31.30.x:48717|C-xW|-|0|0|144150372183704062|-]: UpdateState(), ms since last received response=13394300600, ms since last received data=13394300600, rtt=6000, pings_since_last_response=
[103:144:0903/062437.606274:VERBOSE1:connection.cc(871)] Conn[1f27c00:0:Net[any:0.0.0.x/0:Wildcard:id=0]:iOnU5k9N:1:0:stun:udp:13.251.82.x:54444->RymAdc+Q:1:2015363327:local:udp:172.31.30.x:48717|C-xW|-|0|0|7205793488389014014|-]: UpdateState(), ms since last received response=13394300600, ms since last received data=13394300600, rtt=6000, pings_since_last_response=
[103:144:0903/062437.606330:VERBOSE1:connection.cc(871)] Conn[1f2a000:0:Net[any:0.0.0.x/0:Wildcard:id=0]:XhrZDDoj:1:0:relay:udp:192.168.160.x:61798->pAnvqXqS:1:2015363583:local:udp:192.168.160.x:46700|C-xW|-|0|0|144150372183704574|-]: UpdateState(), ms since last received response=13394300600, ms since last received data=13394300600, rtt=6000, pings_since_last_response=
[103:144:0903/062437.606412:VERBOSE1:connection.cc(871)] Conn[1f29400:0:Net[any:0.0.0.x/0:Wildcard:id=0]:AbSXyKyE:1:0:local:udp:dc20a470-182b-4dac-8667-c89ef462c0a9.local:54444->pAnvqXqS:1:2015363583:local:udp:192.168.160.x:46700|CRWS|S|0|0|8655920682762255871|4]: UpdateState(), ms since last received response=535, ms since last received data=10, rtt=100, pings_since_last_response=
[103:144:0903/062437.606547:VERBOSE1:connection.cc(871)] Conn[20ec000:0:Net[any:0.0.0.x/0:Wildcard:id=0]:yp3Sqi6p:1:0:local:tcp:2a17da0c-851b-42b9-89d4-c6cd4d4fca29.local:9->/rZ3bpd6:1:843055359:stun:tcp:13.251.82.x:53282|C-xW|-|0|0|3620895198642454015|-]: UpdateState(), ms since last received response=13394300600, ms since last received data=13394300600, rtt=6000, pings_since_last_response=
[103:144:0903/062437.606620:VERBOSE1:connection.cc(871)] Conn[20ed800:0:Net[any:0.0.0.x/0:Wildcard:id=0]:yp3Sqi6p:1:0:local:tcp:2a17da0c-851b-42b9-89d4-c6cd4d4fca29.local:9->NYiT23x4:1:1010827775:local:tcp:192.168.160.x:53216|C-xW|-|0|0|4341472238533361151|-]: UpdateState(), ms since last received response=13394300600, ms since last received data=13394300600, rtt=6000, pings_since_last_response=
[103:144:0903/062437.606799:VERBOSE1:connection.cc(871)] Conn[20ecc00:0:Net[any:0.0.0.x/0:Wildcard:id=0]:XhrZDDoj:1:0:relay:udp:192.168.160.x:61798->HKpcngki:1:1679819007:stun:udp:13.251.82.x:48717|C-xW|-|0|0|144150371512615422|-]: UpdateState(), ms since last received response=13394300600, ms since last received data=13394300600, rtt=6000, pings_since_last_response=
[103:144:0903/062437.606922:VERBOSE1:connection.cc(871)] Conn[20ef000:0:Net[any:0.0.0.x/0:Wildcard:id=0]:iOnU5k9N:1:0:stun:udp:13.251.82.x:54444->HKpcngki:1:1679819007:stun:udp:13.251.82.x:48717|C-xW|-|0|0|7205793487717925374|-]: UpdateState(), ms since last received response=13394300600, ms since last received data=13394300600, rtt=6000, pings_since_last_response=
[103:144:0903/062437.606986:VERBOSE1:connection.cc(871)] Conn[20ee400:0:Net[any:0.0.0.x/0:Wildcard:id=0]:XhrZDDoj:1:0:relay:udp:192.168.160.x:61798->QsnOwN9f:1:1679819263:stun:udp:13.251.82.x:46700|C-xW|-|0|0|144150371512615934|-]: UpdateState(), ms since last received response=13394300600, ms since last received data=13394300600, rtt=6000, pings_since_last_response=
[103:144:0903/062437.869232:VERBOSE1:connection.cc(871)] Conn[1f27000:0:Net[any:0.0.0.x/0:Wildcard:id=0]:yp3Sqi6p:1:0:local:tcp:2a17da0c-851b-42b9-89d4-c6cd4d4fca29.local:9->80uWO1+J:1:1010827519:local:tcp:172.31.30.x:53282|C-xW|-|0|0|4341471139021733375|-]: UpdateState(), ms since last received response=13394300864, ms since last received data=13394300864, rtt=6000, pings_since_last_response=
[103:144:0903/062437.869442:VERBOSE1:connection.cc(871)] Conn[1f26400:0:Net[any:0.0.0.x/0:Wildcard:id=0]:iOnU5k9N:1:0:stun:udp:13.251.82.x:54444->QsnOwN9f:1:1679819263:stun:udp:13.251.82.x:46700|CRxS|-|0|0|7205793487717925886|10]: UpdateState(), ms since last received response=2087, ms since last received data=2020, rtt=100, pings_since_last_response=
[103:144:0903/062437.869559:VERBOSE1:connection.cc(871)] Conn[1f28800:0:Net[any:0.0.0.x/0:Wildcard:id=0]:XhrZDDoj:1:0:relay:udp:192.168.160.x:61798->RymAdc+Q:1:2015363327:local:udp:172.31.30.x:48717|C-xW|-|0|0|144150372183704062|-]: UpdateState(), ms since last received response=13394300864, ms since last received data=13394300864, rtt=6000, pings_since_last_response=
[103:144:0903/062437.869626:VERBOSE1:connection.cc(871)] Conn[1f27c00:0:Net[any:0.0.0.x/0:Wildcard:id=0]:iOnU5k9N:1:0:stun:udp:13.251.82.x:54444->RymAdc+Q:1:2015363327:local:udp:172.31.30.x:48717|C-xW|-|0|0|7205793488389014014|-]: UpdateState(), ms since last received response=13394300864, ms since last received data=13394300864, rtt=6000, pings_since_last_response=
[103:144:0903/062437.869688:VERBOSE1:connection.cc(871)] Conn[1f2a000:0:Net[any:0.0.0.x/0:Wildcard:id=0]:XhrZDDoj:1:0:relay:udp:192.168.160.x:61798->pAnvqXqS:1:2015363583:local:udp:192.168.160.x:46700|C-xW|-|0|0|144150372183704574|-]: UpdateState(), ms since last received response=13394300864, ms since last received data=13394300864, rtt=6000, pings_since_last_response=
[103:144:0903/062437.869797:VERBOSE1:connection.cc(871)] Conn[1f29400:0:Net[any:0.0.0.x/0:Wildcard:id=0]:AbSXyKyE:1:0:local:udp:dc20a470-182b-4dac-8667-c89ef462c0a9.local:54444->pAnvqXqS:1:2015363583:local:udp:192.168.160.x:46700|CRWS|S|0|0|8655920682762255871|4]: UpdateState(), ms since last received response=799, ms since last received data=16, rtt=100, pings_since_last_response=
[103:144:0903/062437.869872:VERBOSE1:connection.cc(871)] Conn[20ec000:0:Net[any:0.0.0.x/0:Wildcard:id=0]:yp3Sqi6p:1:0:local:tcp:2a17da0c-851b-42b9-89d4-c6cd4d4fca29.local:9->/rZ3bpd6:1:843055359:stun:tcp:13.251.82.x:53282|C-xW|-|0|0|3620895198642454015|-]: UpdateState(), ms since last received response=13394300864, ms since last received data=13394300864, rtt=6000, pings_since_last_response=
[103:144:0903/062437.869930:VERBOSE1:connection.cc(871)] Conn[20ed800:0:Net[any:0.0.0.x/0:Wildcard:id=0]:yp3Sqi6p:1:0:local:tcp:2a17da0c-851b-42b9-89d4-c6cd4d4fca29.local:9->NYiT23x4:1:1010827775:local:tcp:192.168.160.x:53216|C-xW|-|0|0|4341472238533361151|-]: UpdateState(), ms since last received response=13394300864, ms since last received data=13394300864, rtt=6000, pings_since_last_response=
[103:144:0903/062437.869989:VERBOSE1:connection.cc(871)] Conn[20ecc00:0:Net[any:0.0.0.x/0:Wildcard:id=0]:XhrZDDoj:1:0:relay:udp:192.168.160.x:61798->HKpcngki:1:1679819007:stun:udp:13.251.82.x:48717|C-xW|-|0|0|144150371512615422|-]: UpdateState(), ms since last received response=13394300864, ms since last received data=13394300864, rtt=6000, pings_since_last_response=
[103:144:0903/062437.870048:VERBOSE1:connection.cc(871)] Conn[20ef000:0:Net[any:0.0.0.x/0:Wildcard:id=0]:iOnU5k9N:1:0:stun:udp:13.251.82.x:54444->HKpcngki:1:1679819007:stun:udp:13.251.82.x:48717|C-xW|-|0|0|7205793487717925374|-]: UpdateState(), ms since last received response=13394300864, ms since last received data=13394300864, rtt=6000, pings_since_last_response=
[103:144:0903/062437.870113:VERBOSE1:connection.cc(871)] Conn[20ee400:0:Net[any:0.0.0.x/0:Wildcard:id=0]:XhrZDDoj:1:0:relay:udp:192.168.160.x:61798->QsnOwN9f:1:1679819263:stun:udp:13.251.82.x:46700|C-xW|-|0|0|144150371512615934|-]: UpdateState(), ms since last received response=13394300864, ms since last received data=13394300864, rtt=6000, pings_since_last_response=
[50:50:0903/062438.094971:VERBOSE1:crash_reporting_context.cc(231)] enterprise.crash_reporting: crash event reporting initializing
[50:50:0903/062438.095011:VERBOSE1:crash_reporting_context.cc(73)] enterprise.crash_reporting: crash reporting enabled: 0
[50:72:0903/062438.096278:ERROR:bus.cc(399)] Failed to connect to the bus: Could not parse server address: Unknown address type (examples of valid types are "tcp" and on UNIX "unix")
[50:72:0903/062438.096313:ERROR:bus.cc(399)] Failed to connect to the bus: Could not parse server address: Unknown address type (examples of valid types are "tcp" and on UNIX "unix")
[50:72:0903/062438.096326:ERROR:bus.cc(399)] Failed to connect to the bus: Could not parse server address: Unknown address type (examples of valid types are "tcp" and on UNIX "unix")
[50:72:0903/062438.096337:ERROR:bus.cc(399)] Failed to connect to the bus: Could not parse server address: Unknown address type (examples of valid types are "tcp" and on UNIX "unix")
[50:72:0903/062438.096347:ERROR:bus.cc(399)] Failed to connect to the bus: Could not parse server address: Unknown address type (examples of valid types are "tcp" and on UNIX "unix")
[50:72:0903/062438.096358:ERROR:bus.cc(399)] Failed to connect to the bus: Could not parse server address: Unknown address type (examples of valid types are "tcp" and on UNIX "unix")
[50:72:0903/062438.096367:ERROR:bus.cc(399)] Failed to connect to the bus: Could not parse server address: Unknown address type (examples of valid types are "tcp" and on UNIX "unix")
[50:50:0903/062438.095023:VERBOSE1:crash_reporting_context.cc(113)] enterprise.crash_reporting: crashpad polling interval set to 3600 s
[50:50:0903/062438.097364:VERBOSE1:profile_manager.cc(1289)] AddKeepAlive(Default, kExtensionUpdater). keep_alives=[kBrowserWindow (1), kExtensionUpdater (1)]
[50:50:0903/062438.097429:VERBOSE1:profile_manager.cc(1340)] RemoveKeepAlive(Default, kExtensionUpdater). keep_alives=[kBrowserWindow (1)]
[50:74:0903/062438.097705:VERBOSE1:mdns_client.cc(75)] MDNS bind failed, address_family=2, error=-4
[50:74:0903/062438.097735:VERBOSE1:mdns_client.cc(75)] MDNS bind failed, address_family=2, error=-4
[50:74:0903/062438.097750:VERBOSE1:mdns_client.cc(75)] MDNS bind failed, address_family=2, error=-4
[50:74:0903/062438.097772:VERBOSE1:mdns_client_impl.cc(164)] Sockets ready:2
[103:144:0903/062438.133635:VERBOSE1:connection.cc(871)] Conn[1f27000:0:Net[any:0.0.0.x/0:Wildcard:id=0]:yp3Sqi6p:1:0:local:tcp:2a17da0c-851b-42b9-89d4-c6cd4d4fca29.local:9->80uWO1+J:1:1010827519:local:tcp:172.31.30.x:53282|C-xW|-|0|0|4341471139021733375|-]: UpdateState(), ms since last received response=13394301128, ms since last received data=13394301128, rtt=6000, pings_since_last_response=
[103:144:0903/062438.133771:VERBOSE1:connection.cc(871)] Conn[1f26400:0:Net[any:0.0.0.x/0:Wildcard:id=0]:iOnU5k9N:1:0:stun:udp:13.251.82.x:54444->QsnOwN9f:1:1679819263:stun:udp:13.251.82.x:46700|CRxS|-|0|0|7205793487717925886|10]: UpdateState(), ms since last received response=2351, ms since last received data=2284, rtt=100, pings_since_last_response=
[103:144:0903/062438.133837:VERBOSE1:connection.cc(871)] Conn[1f28800:0:Net[any:0.0.0.x/0:Wildcard:id=0]:XhrZDDoj:1:0:relay:udp:192.168.160.x:61798->RymAdc+Q:1:2015363327:local:udp:172.31.30.x:48717|C-xW|-|0|0|144150372183704062|-]: UpdateState(), ms since last received response=13394301128, ms since last received data=13394301128, rtt=6000, pings_since_last_response=
[103:144:0903/062438.133893:VERBOSE1:connection.cc(871)] Conn[1f27c00:0:Net[any:0.0.0.x/0:Wildcard:id=0]:iOnU5k9N:1:0:stun:udp:13.251.82.x:54444->RymAdc+Q:1:2015363327:local:udp:172.31.30.x:48717|C-xW|-|0|0|7205793488389014014|-]: UpdateState(), ms since last received response=13394301128, ms since last received data=13394301128, rtt=6000, pings_since_last_response=
[103:144:0903/062438.133946:VERBOSE1:connection.cc(871)] Conn[1f2a000:0:Net[any:0.0.0.x/0:Wildcard:id=0]:XhrZDDoj:1:0:relay:udp:192.168.160.x:61798->pAnvqXqS:1:2015363583:local:udp:192.168.160.x:46700|C-xW|-|0|0|144150372183704574|-]: UpdateState(), ms since last received response=13394301128, ms since last received data=13394301128, rtt=6000, pings_since_last_response=
[103:144:0903/062438.134031:VERBOSE1:connection.cc(871)] Conn[1f29400:0:Net[any:0.0.0.x/0:Wildcard:id=0]:AbSXyKyE:1:0:local:udp:dc20a470-182b-4dac-8667-c89ef462c0a9.local:54444->pAnvqXqS:1:2015363583:local:udp:192.168.160.x:46700|CRWS|S|0|0|8655920682762255871|4]: UpdateState(), ms since last received response=1063, ms since last received data=13, rtt=100, pings_since_last_response=
[103:144:0903/062438.135071:VERBOSE1:connection.cc(871)] Conn[20ec000:0:Net[any:0.0.0.x/0:Wildcard:id=0]:yp3Sqi6p:1:0:local:tcp:2a17da0c-851b-42b9-89d4-c6cd4d4fca29.local:9->/rZ3bpd6:1:843055359:stun:tcp:13.251.82.x:53282|C-xW|-|0|0|3620895198642454015|-]: UpdateState(), ms since last received response=13394301128, ms since last received data=13394301128, rtt=6000, pings_since_last_response=
[103:144:0903/062438.135172:VERBOSE1:connection.cc(871)] Conn[20ed800:0:Net[any:0.0.0.x/0:Wildcard:id=0]:yp3Sqi6p:1:0:local:tcp:2a17da0c-851b-42b9-89d4-c6cd4d4fca29.local:9->NYiT23x4:1:1010827775:local:tcp:192.168.160.x:53216|C-xW|-|0|0|4341472238533361151|-]: UpdateState(), ms since last received response=13394301128, ms since last received data=13394301128, rtt=6000, pings_since_last_response=
[103:144:0903/062438.135230:VERBOSE1:connection.cc(871)] Conn[20ecc00:0:Net[any:0.0.0.x/0:Wildcard:id=0]:XhrZDDoj:1:0:relay:udp:192.168.160.x:61798->HKpcngki:1:1679819007:stun:udp:13.251.82.x:48717|C-xW|-|0|0|144150371512615422|-]: UpdateState(), ms since last received response=13394301128, ms since last received data=13394301128, rtt=6000, pings_since_last_response=
[103:144:0903/062438.135289:VERBOSE1:connection.cc(871)] Conn[20ef000:0:Net[any:0.0.0.x/0:Wildcard:id=0]:iOnU5k9N:1:0:stun:udp:13.251.82.x:54444->HKpcngki:1:1679819007:stun:udp:13.251.82.x:48717|C-xW|-|0|0|7205793487717925374|-]: UpdateState(), ms since last received response=13394301128, ms since last received data=13394301128, rtt=6000, pings_since_last_response=
[103:144:0903/062438.135343:VERBOSE1:connection.cc(871)] Conn[20ee400:0:Net[any:0.0.0.x/0:Wildcard:id=0]:XhrZDDoj:1:0:relay:udp:192.168.160.x:61798->QsnOwN9f:1:1679819263:stun:udp:13.251.82.x:46700|C-xW|-|0|0|144150371512615934|-]: UpdateState(), ms since last received response=13394301128, ms since last received data=13394301128, rtt=6000, pings_since_last_response=
[103:144:0903/062438.135435:VERBOSE1:connection.cc(961)] Conn[1f29400:0:Net[any:0.0.0.x/0:Wildcard:id=0]:AbSXyKyE:1:0:local:udp:dc20a470-182b-4dac-8667-c89ef462c0a9.local:54444->pAnvqXqS:1:2015363583:local:udp:192.168.160.x:46700|CRWS|S|0|0|8655920682762255871|4]: Sending STUN ping, id=652f586c5730665246524241, nomination=0
[103:144:0903/062438.135533:VERBOSE1:connection.cc(1441)] Conn[1f29400:0:Net[any:0.0.0.x/0:Wildcard:id=0]:AbSXyKyE:1:0:local:udp:dc20a470-182b-4dac-8667-c89ef462c0a9.local:54444->pAnvqXqS:1:2015363583:local:udp:192.168.160.x:46700|CRWS|S|0|0|8655920682762255871|4]: Sent STUN BINDING request, id=652f586c5730665246524241, use_candidate=1, nomination=0
[103:144:0903/062438.136365:VERBOSE1:connection.cc(1353)] Conn[1f29400:0:Net[any:0.0.0.x/0:Wildcard:id=0]:AbSXyKyE:1:0:local:udp:dc20a470-182b-4dac-8667-c89ef462c0a9.local:54444->pAnvqXqS:1:2015363583:local:udp:192.168.160.x:46700|CRWI|S|0|0|8655920682762255871|4]: Received STUN BINDING response, id=652f586c5730665246524241, code=0, rtt=1, pings_since_last_response=652f586c5730665246524241 
[103:144:0903/062438.136488:VERBOSE1:connection.cc(342)] Conn[1f29400:0:Net[any:0.0.0.x/0:Wildcard:id=0]:AbSXyKyE:1:0:local:udp:dc20a470-182b-4dac-8667-c89ef462c0a9.local:54444->pAnvqXqS:1:2015363583:local:udp:192.168.160.x:46700|CRWS|S|0|0|8655920682762255871|4]: set_state
[50:50:0903/062438.237410:VERBOSE1:segment_result_provider.cc(253)] GetCachedModelScore: segment=OPTIMIZATION_TARGET_SEGMENTATION_CHROME_LOW_USER_ENGAGEMENT does not have a segment info.
[50:50:0903/062438.237444:VERBOSE1:segment_result_provider.cc(207)] OnGotDatabaseModelScore: segment=OPTIMIZATION_TARGET_SEGMENTATION_CHROME_LOW_USER_ENGAGEMENT executing model to get score
[50:50:0903/062438.237450:VERBOSE1:segment_result_provider.cc(288)] ExecuteModelAndGetScore: segment=OPTIMIZATION_TARGET_SEGMENTATION_CHROME_LOW_USER_ENGAGEMENT default segment info not available
[50:50:0903/062438.237457:VERBOSE1:segment_result_provider.cc(216)] OnGotDatabaseModelScore: segment=OPTIMIZATION_TARGET_SEGMENTATION_CHROME_LOW_USER_ENGAGEMENT failed to get database model score, trying default model.
[50:50:0903/062438.237471:VERBOSE1:segment_result_provider.cc(304)] ExecuteModelAndGetScore: segment=OPTIMIZATION_TARGET_SEGMENTATION_CHROME_LOW_USER_ENGAGEMENT signal collection not met
[50:50:0903/062438.237493:VERBOSE1:segment_result_provider.cc(253)] GetCachedModelScore: segment=CROSS_DEVICE_USER_SEGMENT does not have a segment info.
[50:50:0903/062438.237499:VERBOSE1:segment_result_provider.cc(207)] OnGotDatabaseModelScore: segment=CROSS_DEVICE_USER_SEGMENT executing model to get score
[50:50:0903/062438.237504:VERBOSE1:segment_result_provider.cc(288)] ExecuteModelAndGetScore: segment=CROSS_DEVICE_USER_SEGMENT default segment info not available
[50:50:0903/062438.237509:VERBOSE1:segment_result_provider.cc(216)] OnGotDatabaseModelScore: segment=CROSS_DEVICE_USER_SEGMENT failed to get database model score, trying default model.
[50:50:0903/062438.237517:VERBOSE1:segment_result_provider.cc(304)] ExecuteModelAndGetScore: segment=CROSS_DEVICE_USER_SEGMENT signal collection not met
[50:50:0903/062438.237526:VERBOSE1:segment_result_provider.cc(253)] GetCachedModelScore: segment=RESUME_HEAVY_USER_SEGMENT does not have a segment info.
[50:50:0903/062438.237531:VERBOSE1:segment_result_provider.cc(207)] OnGotDatabaseModelScore: segment=RESUME_HEAVY_USER_SEGMENT executing model to get score
[50:50:0903/062438.237536:VERBOSE1:segment_result_provider.cc(288)] ExecuteModelAndGetScore: segment=RESUME_HEAVY_USER_SEGMENT default segment info not available
[50:50:0903/062438.237541:VERBOSE1:segment_result_provider.cc(216)] OnGotDatabaseModelScore: segment=RESUME_HEAVY_USER_SEGMENT failed to get database model score, trying default model.
[50:50:0903/062438.237548:VERBOSE1:segment_result_provider.cc(304)] ExecuteModelAndGetScore: segment=RESUME_HEAVY_USER_SEGMENT signal collection not met
[50:50:0903/062438.237560:VERBOSE1:segment_result_provider.cc(253)] GetCachedModelScore: segment=OPTIMIZATION_TARGET_SEGMENTATION_SHOPPING_USER does not have a segment info.
[50:50:0903/062438.237566:VERBOSE1:segment_result_provider.cc(207)] OnGotDatabaseModelScore: segment=OPTIMIZATION_TARGET_SEGMENTATION_SHOPPING_USER executing model to get score
[50:50:0903/062438.237571:VERBOSE1:segment_result_provider.cc(288)] ExecuteModelAndGetScore: segment=OPTIMIZATION_TARGET_SEGMENTATION_SHOPPING_USER default segment info not available
[50:50:0903/062438.237576:VERBOSE1:segment_result_provider.cc(216)] OnGotDatabaseModelScore: segment=OPTIMIZATION_TARGET_SEGMENTATION_SHOPPING_USER failed to get database model score, trying default model.
[50:50:0903/062438.237583:VERBOSE1:segment_result_provider.cc(304)] ExecuteModelAndGetScore: segment=OPTIMIZATION_TARGET_SEGMENTATION_SHOPPING_USER signal collection not met
[50:50:0903/062438.237591:VERBOSE1:segment_result_provider.cc(253)] GetCachedModelScore: segment=OPTIMIZATION_TARGET_SEGMENTATION_SEARCH_USER does not have a segment info.
[50:50:0903/062438.237596:VERBOSE1:segment_result_provider.cc(207)] OnGotDatabaseModelScore: segment=OPTIMIZATION_TARGET_SEGMENTATION_SEARCH_USER executing model to get score
[50:50:0903/062438.237601:VERBOSE1:segment_result_provider.cc(288)] ExecuteModelAndGetScore: segment=OPTIMIZATION_TARGET_SEGMENTATION_SEARCH_USER default segment info not available
[50:50:0903/062438.237606:VERBOSE1:segment_result_provider.cc(216)] OnGotDatabaseModelScore: segment=OPTIMIZATION_TARGET_SEGMENTATION_SEARCH_USER failed to get database model score, trying default model.
[50:50:0903/062438.237612:VERBOSE1:segment_result_provider.cc(304)] ExecuteModelAndGetScore: segment=OPTIMIZATION_TARGET_SEGMENTATION_SEARCH_USER signal collection not met
[50:50:0903/062438.237672:VERBOSE1:segment_result_provider.cc(175)] OnGetSegmentInfo: segment=OPTIMIZATION_TARGET_SEGMENTATION_DEVICE_SWITCHER executing model to get score
[50:50:0903/062438.237678:VERBOSE1:segment_result_provider.cc(288)] ExecuteModelAndGetScore: segment=OPTIMIZATION_TARGET_SEGMENTATION_DEVICE_SWITCHER default segment info not available
[50:50:0903/062438.237683:VERBOSE1:segment_result_provider.cc(216)] OnGotDatabaseModelScore: segment=OPTIMIZATION_TARGET_SEGMENTATION_DEVICE_SWITCHER failed to get database model score, trying default model.
[50:50:0903/062438.237775:VERBOSE1:signal_filter_processor.cc(61)] Segmentation platform started observing Session.TotalDuration
[50:50:0903/062438.237782:VERBOSE1:signal_filter_processor.cc(61)] Segmentation platform started observing Commerce.PriceDrops.ActiveTabNavigationComplete.IsProductDetailPage
[50:50:0903/062438.237788:VERBOSE1:signal_filter_processor.cc(54)] Segmentation platform started observing Autofill_PolledCreditCardSuggestions
[50:50:0903/062438.237794:VERBOSE1:signal_filter_processor.cc(61)] Segmentation platform started observing Omnibox.SuggestionUsed.ClientSummarizedResultType
[50:50:0903/062438.237817:VERBOSE1:signal_filter_processor.cc(61)] Segmentation platform started observing Sync.DeviceCount2
[50:50:0903/062438.237826:VERBOSE1:signal_filter_processor.cc(61)] Segmentation platform started observing Sync.DeviceCount2.Phone
[50:50:0903/062438.237834:VERBOSE1:signal_filter_processor.cc(61)] Segmentation platform started observing Sync.DeviceCount2.Desktop
[50:50:0903/062438.237841:VERBOSE1:signal_filter_processor.cc(61)] Segmentation platform started observing Sync.DeviceCount2.Tablet
[50:50:0903/062438.237851:VERBOSE1:signal_filter_processor.cc(54)] Segmentation platform started observing MobileBookmarkManagerOpen
[50:50:0903/062438.237858:VERBOSE1:signal_filter_processor.cc(54)] Segmentation platform started observing NewTabPage.MostVisited.Clicked
[50:50:0903/062438.237864:VERBOSE1:signal_filter_processor.cc(54)] Segmentation platform started observing TabGroup.Created.OpenInNewTab
[50:50:0903/062438.237871:VERBOSE1:signal_filter_processor.cc(54)] Segmentation platform started observing Android.HistoryPage.OpenItem
[50:50:0903/062438.237878:VERBOSE1:signal_filter_processor.cc(54)] Segmentation platform started observing MobileMenuRecentTabs
[88:138:0903/062438.261423:VERBOSE1:mdns_responder.cc(1315)] Received an external response for an owned record.
[88:138:0903/062438.261465:VERBOSE1:mdns_responder.cc(1315)] Received an external response for an owned record.
[88:138:0903/062438.261523:VERBOSE1:mdns_responder.cc(1315)] Received an external response for an owned record.
[88:138:0903/062438.261536:VERBOSE1:mdns_responder.cc(1315)] Received an external response for an owned record.
[103:144:0903/062438.397206:VERBOSE1:connection.cc(871)] Conn[1f27000:0:Net[any:0.0.0.x/0:Wildcard:id=0]:yp3Sqi6p:1:0:local:tcp:2a17da0c-851b-42b9-89d4-c6cd4d4fca29.local:9->80uWO1+J:1:1010827519:local:tcp:172.31.30.x:53282|C-xW|-|0|0|4341471139021733375|-]: UpdateState(), ms since last received response=13394301392, ms since last received data=13394301392, rtt=6000, pings_since_last_response=
[103:144:0903/062438.397341:VERBOSE1:connection.cc(871)] Conn[1f26400:0:Net[any:0.0.0.x/0:Wildcard:id=0]:iOnU5k9N:1:0:stun:udp:13.251.82.x:54444->QsnOwN9f:1:1679819263:stun:udp:13.251.82.x:46700|CRxS|-|0|0|7205793487717925886|10]: UpdateState(), ms since last received response=2615, ms since last received data=2548, rtt=100, pings_since_last_response=
[103:144:0903/062438.397383:VERBOSE1:connection.cc(871)] Conn[1f28800:0:Net[any:0.0.0.x/0:Wildcard:id=0]:XhrZDDoj:1:0:relay:udp:192.168.160.x:61798->RymAdc+Q:1:2015363327:local:udp:172.31.30.x:48717|C-xW|-|0|0|144150372183704062|-]: UpdateState(), ms since last received response=13394301392, ms since last received data=13394301392, rtt=6000, pings_since_last_response=
[103:144:0903/062438.397432:VERBOSE1:connection.cc(871)] Conn[1f27c00:0:Net[any:0.0.0.x/0:Wildcard:id=0]:iOnU5k9N:1:0:stun:udp:13.251.82.x:54444->RymAdc+Q:1:2015363327:local:udp:172.31.30.x:48717|C-xW|-|0|0|7205793488389014014|-]: UpdateState(), ms since last received response=13394301392, ms since last received data=13394301392, rtt=6000, pings_since_last_response=
[103:144:0903/062438.397471:VERBOSE1:connection.cc(871)] Conn[1f2a000:0:Net[any:0.0.0.x/0:Wildcard:id=0]:XhrZDDoj:1:0:relay:udp:192.168.160.x:61798->pAnvqXqS:1:2015363583:local:udp:192.168.160.x:46700|C-xW|-|0|0|144150372183704574|-]: UpdateState(), ms since last received response=13394301392, ms since last received data=13394301392, rtt=6000, pings_since_last_response=
[103:144:0903/062438.397517:VERBOSE1:connection.cc(871)] Conn[1f29400:0:Net[any:0.0.0.x/0:Wildcard:id=0]:AbSXyKyE:1:0:local:udp:dc20a470-182b-4dac-8667-c89ef462c0a9.local:54444->pAnvqXqS:1:2015363583:local:udp:192.168.160.x:46700|CRWS|S|0|0|8655920682762255871|3]: UpdateState(), ms since last received response=261, ms since last received data=3, rtt=100, pings_since_last_response=
[103:144:0903/062438.397553:VERBOSE1:connection.cc(871)] Conn[20ec000:0:Net[any:0.0.0.x/0:Wildcard:id=0]:yp3Sqi6p:1:0:local:tcp:2a17da0c-851b-42b9-89d4-c6cd4d4fca29.local:9->/rZ3bpd6:1:843055359:stun:tcp:13.251.82.x:53282|C-xW|-|0|0|3620895198642454015|-]: UpdateState(), ms since last received response=13394301392, ms since last received data=13394301392, rtt=6000, pings_since_last_response=
[103:144:0903/062438.397587:VERBOSE1:connection.cc(871)] Conn[20ed800:0:Net[any:0.0.0.x/0:Wildcard:id=0]:yp3Sqi6p:1:0:local:tcp:2a17da0c-851b-42b9-89d4-c6cd4d4fca29.local:9->NYiT23x4:1:1010827775:local:tcp:192.168.160.x:53216|C-xW|-|0|0|4341472238533361151|-]: UpdateState(), ms since last received response=13394301392, ms since last received data=13394301392, rtt=6000, pings_since_last_response=
[103:144:0903/062438.397619:VERBOSE1:connection.cc(871)] Conn[20ecc00:0:Net[any:0.0.0.x/0:Wildcard:id=0]:XhrZDDoj:1:0:relay:udp:192.168.160.x:61798->HKpcngki:1:1679819007:stun:udp:13.251.82.x:48717|C-xW|-|0|0|144150371512615422|-]: UpdateState(), ms since last received response=13394301392, ms since last received data=13394301392, rtt=6000, pings_since_last_response=
[103:144:0903/062438.397651:VERBOSE1:connection.cc(871)] Conn[20ef000:0:Net[any:0.0.0.x/0:Wildcard:id=0]:iOnU5k9N:1:0:stun:udp:13.251.82.x:54444->HKpcngki:1:1679819007:stun:udp:13.251.82.x:48717|C-xW|-|0|0|7205793487717925374|-]: UpdateState(), ms since last received response=13394301392, ms since last received data=13394301392, rtt=6000, pings_since_last_response=
[103:144:0903/062438.397683:VERBOSE1:connection.cc(871)] Conn[20ee400:0:Net[any:0.0.0.x/0:Wildcard:id=0]:XhrZDDoj:1:0:relay:udp:192.168.160.x:61798->QsnOwN9f:1:1679819263:stun:udp:13.251.82.x:46700|C-xW|-|0|0|144150371512615934|-]: UpdateState(), ms since last received response=13394301392, ms since last received data=13394301392, rtt=6000, pings_since_last_response=
[103:145:0903/062438.444190:VERBOSE1:receive_statistics_proxy2.cc(548)] SAMPLE: sample_length: 995 fps: 31.1558 fps_bad: 0 qp: 24 qp_bad: 0 variance_bad: 0 fps_variance: 0
[103:144:0903/062438.669250:VERBOSE1:connection.cc(871)] Conn[1f27000:0:Net[any:0.0.0.x/0:Wildcard:id=0]:yp3Sqi6p:1:0:local:tcp:2a17da0c-851b-42b9-89d4-c6cd4d4fca29.local:9->80uWO1+J:1:1010827519:local:tcp:172.31.30.x:53282|C-xW|-|0|0|4341471139021733375|-]: UpdateState(), ms since last received response=13394301664, ms since last received data=13394301664, rtt=6000, pings_since_last_response=
[103:144:0903/062438.669419:VERBOSE1:connection.cc(871)] Conn[1f26400:0:Net[any:0.0.0.x/0:Wildcard:id=0]:iOnU5k9N:1:0:stun:udp:13.251.82.x:54444->QsnOwN9f:1:1679819263:stun:udp:13.251.82.x:46700|CRxS|-|0|0|7205793487717925886|10]: UpdateState(), ms since last received response=2887, ms since last received data=2820, rtt=100, pings_since_last_response=
[103:144:0903/062438.669488:VERBOSE1:connection.cc(871)] Conn[1f28800:0:Net[any:0.0.0.x/0:Wildcard:id=0]:XhrZDDoj:1:0:relay:udp:192.168.160.x:61798->RymAdc+Q:1:2015363327:local:udp:172.31.30.x:48717|C-xW|-|0|0|144150372183704062|-]: UpdateState(), ms since last received response=13394301664, ms since last received data=13394301664, rtt=6000, pings_since_last_response=
[103:144:0903/062438.669547:VERBOSE1:connection.cc(871)] Conn[1f27c00:0:Net[any:0.0.0.x/0:Wildcard:id=0]:iOnU5k9N:1:0:stun:udp:13.251.82.x:54444->RymAdc+Q:1:2015363327:local:udp:172.31.30.x:48717|C-xW|-|0|0|7205793488389014014|-]: UpdateState(), ms since last received response=13394301664, ms since last received data=13394301664, rtt=6000, pings_since_last_response=
[103:144:0903/062438.669624:VERBOSE1:connection.cc(871)] Conn[1f2a000:0:Net[any:0.0.0.x/0:Wildcard:id=0]:XhrZDDoj:1:0:relay:udp:192.168.160.x:61798->pAnvqXqS:1:2015363583:local:udp:192.168.160.x:46700|C-xW|-|0|0|144150372183704574|-]: UpdateState(), ms since last received response=13394301664, ms since last received data=13394301664, rtt=6000, pings_since_last_response=
[103:144:0903/062438.669688:VERBOSE1:connection.cc(871)] Conn[1f29400:0:Net[any:0.0.0.x/0:Wildcard:id=0]:AbSXyKyE:1:0:local:udp:dc20a470-182b-4dac-8667-c89ef462c0a9.local:54444->pAnvqXqS:1:2015363583:local:udp:192.168.160.x:46700|CRWS|S|0|0|8655920682762255871|3]: UpdateState(), ms since last received response=533, ms since last received data=15, rtt=100, pings_since_last_response=
[103:144:0903/062438.669749:VERBOSE1:connection.cc(871)] Conn[20ec000:0:Net[any:0.0.0.x/0:Wildcard:id=0]:yp3Sqi6p:1:0:local:tcp:2a17da0c-851b-42b9-89d4-c6cd4d4fca29.local:9->/rZ3bpd6:1:843055359:stun:tcp:13.251.82.x:53282|C-xW|-|0|0|3620895198642454015|-]: UpdateState(), ms since last received response=13394301664, ms since last received data=13394301664, rtt=6000, pings_since_last_response=
[103:144:0903/062438.669811:VERBOSE1:connection.cc(871)] Conn[20ed800:0:Net[any:0.0.0.x/0:Wildcard:id=0]:yp3Sqi6p:1:0:local:tcp:2a17da0c-851b-42b9-89d4-c6cd4d4fca29.local:9->NYiT23x4:1:1010827775:local:tcp:192.168.160.x:53216|C-xW|-|0|0|4341472238533361151|-]: UpdateState(), ms since last received response=13394301664, ms since last received data=13394301664, rtt=6000, pings_since_last_response=
[103:144:0903/062438.669874:VERBOSE1:connection.cc(871)] Conn[20ecc00:0:Net[any:0.0.0.x/0:Wildcard:id=0]:XhrZDDoj:1:0:relay:udp:192.168.160.x:61798->HKpcngki:1:1679819007:stun:udp:13.251.82.x:48717|C-xW|-|0|0|144150371512615422|-]: UpdateState(), ms since last received response=13394301664, ms since last received data=13394301664, rtt=6000, pings_since_last_response=
[103:144:0903/062438.669935:VERBOSE1:connection.cc(871)] Conn[20ef000:0:Net[any:0.0.0.x/0:Wildcard:id=0]:iOnU5k9N:1:0:stun:udp:13.251.82.x:54444->HKpcngki:1:1679819007:stun:udp:13.251.82.x:48717|C-xW|-|0|0|7205793487717925374|-]: UpdateState(), ms since last received response=13394301664, ms since last received data=13394301664, rtt=6000, pings_since_last_response=
[103:144:0903/062438.669993:VERBOSE1:connection.cc(871)] Conn[20ee400:0:Net[any:0.0.0.x/0:Wildcard:id=0]:XhrZDDoj:1:0:relay:udp:192.168.160.x:61798->QsnOwN9f:1:1679819263:stun:udp:13.251.82.x:46700|C-xW|-|0|0|144150371512615934|-]: UpdateState(), ms since last received response=13394301664, ms since last received data=13394301664, rtt=6000, pings_since_last_response=
[50:50:0903/062438.688973:INFO:CONSOLE(1)] "Connection closed unexpectedly. Reconnecting...", source: https://rdqa-video.qbiai.com/dashboard/main.faff32d6c38f32ae.js (1)
[50:50:0903/062438.689030:INFO:CONSOLE(1)] "reconnect (attempt #1, max=2000)", source: https://rdqa-video.qbiai.com/dashboard/main.faff32d6c38f32ae.js (1)
[50:50:0903/062438.689047:INFO:CONSOLE(1)] "--------- ONRECONNECTING -----------", source: https://rdqa-video.qbiai.com/dashboard/main.faff32d6c38f32ae.js (1)
[50:50:0903/062438.689068:INFO:CONSOLE(1)] "Websocket connection lost (reconnecting)", source: https://rdqa-video.qbiai.com/dashboard/main.faff32d6c38f32ae.js (1)
[50:50:0903/062438.689084:INFO:CONSOLE(1)] "Reconnection attempt #1", source: https://rdqa-video.qbiai.com/dashboard/main.faff32d6c38f32ae.js (1)
[88:138:0903/062438.689601:VERBOSE1:network_delegate.cc(35)] NetworkDelegate::NotifyBeforeURLRequest: wss://rdqa-video.qbiai.com/openvidu?sessionId=84459043-142_1990e3f2-4770-0812-6222-00155dae810f&reconnect=true
[88:138:0903/062438.690500:WARNING:socket_tcp.cc(327)] Remote peer has shutdown TCP socket.
[88:138:0903/062438.691542:WARNING:socket_tcp.cc(327)] Remote peer has shutdown TCP socket.
[88:138:0903/062438.691625:WARNING:socket_tcp.cc(327)] Remote peer has shutdown TCP socket.
[103:144:0903/062438.692192:INFO:tcp_port.cc(501)] Conn[20ed800:0:Net[any:0.0.0.x/0:Wildcard:id=0]:yp3Sqi6p:1:0:local:tcp:2a17da0c-851b-42b9-89d4-c6cd4d4fca29.local:9->NYiT23x4:1:1010827775:local:tcp:192.168.160.x:53216|C-xW|-|0|0|4341472238533361151|-]: Connection closed with error 0
[103:144:0903/062438.693233:VERBOSE1:connection.cc(351)] Conn[20ed800:0:Net[any:0.0.0.x/0:Wildcard:id=0]:yp3Sqi6p:1:0:local:tcp:2a17da0c-851b-42b9-89d4-c6cd4d4fca29.local:9->NYiT23x4:1:1010827775:local:tcp:192.168.160.x:53216|--xW|-|0|0|4341472238533361151|-]: Change connected_ to 0
[103:144:0903/062438.693350:INFO:tcp_port.cc(501)] Conn[1f27000:0:Net[any:0.0.0.x/0:Wildcard:id=0]:yp3Sqi6p:1:0:local:tcp:2a17da0c-851b-42b9-89d4-c6cd4d4fca29.local:9->80uWO1+J:1:1010827519:local:tcp:172.31.30.x:53282|C-xW|-|0|0|4341471139021733375|-]: Connection closed with error 0
[103:144:0903/062438.693410:VERBOSE1:connection.cc(351)] Conn[1f27000:0:Net[any:0.0.0.x/0:Wildcard:id=0]:yp3Sqi6p:1:0:local:tcp:2a17da0c-851b-42b9-89d4-c6cd4d4fca29.local:9->80uWO1+J:1:1010827519:local:tcp:172.31.30.x:53282|--xW|-|0|0|4341471139021733375|-]: Change connected_ to 0
[103:144:0903/062438.693473:INFO:tcp_port.cc(501)] Conn[20ec000:0:Net[any:0.0.0.x/0:Wildcard:id=0]:yp3Sqi6p:1:0:local:tcp:2a17da0c-851b-42b9-89d4-c6cd4d4fca29.local:9->/rZ3bpd6:1:843055359:stun:tcp:13.251.82.x:53282|C-xW|-|0|0|3620895198642454015|-]: Connection closed with error 0
[103:144:0903/062438.693520:VERBOSE1:connection.cc(351)] Conn[20ec000:0:Net[any:0.0.0.x/0:Wildcard:id=0]:yp3Sqi6p:1:0:local:tcp:2a17da0c-851b-42b9-89d4-c6cd4d4fca29.local:9->/rZ3bpd6:1:843055359:stun:tcp:13.251.82.x:53282|--xW|-|0|0|3620895198642454015|-]: Change connected_ to 0
[103:144:0903/062438.693575:VERBOSE1:connection.cc(871)] Conn[1f27000:0:Net[any:0.0.0.x/0:Wildcard:id=0]:yp3Sqi6p:1:0:local:tcp:2a17da0c-851b-42b9-89d4-c6cd4d4fca29.local:9->80uWO1+J:1:1010827519:local:tcp:172.31.30.x:53282|--xW|-|0|0|4341471139021733375|-]: UpdateState(), ms since last received response=13394301688, ms since last received data=13394301688, rtt=6000, pings_since_last_response=
[103:144:0903/062438.693626:VERBOSE1:connection.cc(871)] Conn[1f26400:0:Net[any:0.0.0.x/0:Wildcard:id=0]:iOnU5k9N:1:0:stun:udp:13.251.82.x:54444->QsnOwN9f:1:1679819263:stun:udp:13.251.82.x:46700|CRxS|-|0|0|7205793487717925886|10]: UpdateState(), ms since last received response=2911, ms since last received data=2844, rtt=100, pings_since_last_response=
[103:144:0903/062438.693680:VERBOSE1:connection.cc(871)] Conn[1f28800:0:Net[any:0.0.0.x/0:Wildcard:id=0]:XhrZDDoj:1:0:relay:udp:192.168.160.x:61798->RymAdc+Q:1:2015363327:local:udp:172.31.30.x:48717|C-xW|-|0|0|144150372183704062|-]: UpdateState(), ms since last received response=13394301688, ms since last received data=13394301688, rtt=6000, pings_since_last_response=
[103:144:0903/062438.693733:VERBOSE1:connection.cc(871)] Conn[1f27c00:0:Net[any:0.0.0.x/0:Wildcard:id=0]:iOnU5k9N:1:0:stun:udp:13.251.82.x:54444->RymAdc+Q:1:2015363327:local:udp:172.31.30.x:48717|C-xW|-|0|0|7205793488389014014|-]: UpdateState(), ms since last received response=13394301688, ms since last received data=13394301688, rtt=6000, pings_since_last_response=
[103:144:0903/062438.693779:VERBOSE1:connection.cc(871)] Conn[1f2a000:0:Net[any:0.0.0.x/0:Wildcard:id=0]:XhrZDDoj:1:0:relay:udp:192.168.160.x:61798->pAnvqXqS:1:2015363583:local:udp:192.168.160.x:46700|C-xW|-|0|0|144150372183704574|-]: UpdateState(), ms since last received response=13394301688, ms since last received data=13394301688, rtt=6000, pings_since_last_response=
[103:144:0903/062438.693824:VERBOSE1:connection.cc(871)] Conn[1f29400:0:Net[any:0.0.0.x/0:Wildcard:id=0]:AbSXyKyE:1:0:local:udp:dc20a470-182b-4dac-8667-c89ef462c0a9.local:54444->pAnvqXqS:1:2015363583:local:udp:192.168.160.x:46700|CRWS|S|0|0|8655920682762255871|3]: UpdateState(), ms since last received response=557, ms since last received data=14, rtt=100, pings_since_last_response=
[103:144:0903/062438.693870:VERBOSE1:connection.cc(871)] Conn[20ec000:0:Net[any:0.0.0.x/0:Wildcard:id=0]:yp3Sqi6p:1:0:local:tcp:2a17da0c-851b-42b9-89d4-c6cd4d4fca29.local:9->/rZ3bpd6:1:843055359:stun:tcp:13.251.82.x:53282|--xW|-|0|0|3620895198642454015|-]: UpdateState(), ms since last received response=13394301688, ms since last received data=13394301688, rtt=6000, pings_since_last_response=
[103:144:0903/062438.693925:VERBOSE1:connection.cc(871)] Conn[20ed800:0:Net[any:0.0.0.x/0:Wildcard:id=0]:yp3Sqi6p:1:0:local:tcp:2a17da0c-851b-42b9-89d4-c6cd4d4fca29.local:9->NYiT23x4:1:1010827775:local:tcp:192.168.160.x:53216|--xW|-|0|0|4341472238533361151|-]: UpdateState(), ms since last received response=13394301688, ms since last received data=13394301688, rtt=6000, pings_since_last_response=
[103:144:0903/062438.693974:VERBOSE1:connection.cc(871)] Conn[20ecc00:0:Net[any:0.0.0.x/0:Wildcard:id=0]:XhrZDDoj:1:0:relay:udp:192.168.160.x:61798->HKpcngki:1:1679819007:stun:udp:13.251.82.x:48717|C-xW|-|0|0|144150371512615422|-]: UpdateState(), ms since last received response=13394301688, ms since last received data=13394301688, rtt=6000, pings_since_last_response=
[103:144:0903/062438.694021:VERBOSE1:connection.cc(871)] Conn[20ef000:0:Net[any:0.0.0.x/0:Wildcard:id=0]:iOnU5k9N:1:0:stun:udp:13.251.82.x:54444->HKpcngki:1:1679819007:stun:udp:13.251.82.x:48717|C-xW|-|0|0|7205793487717925374|-]: UpdateState(), ms since last received response=13394301688, ms since last received data=13394301688, rtt=6000, pings_since_last_response=
[103:144:0903/062438.694067:VERBOSE1:connection.cc(871)] Conn[20ee400:0:Net[any:0.0.0.x/0:Wildcard:id=0]:XhrZDDoj:1:0:relay:udp:192.168.160.x:61798->QsnOwN9f:1:1679819263:stun:udp:13.251.82.x:46700|C-xW|-|0|0|144150371512615934|-]: UpdateState(), ms since last received response=13394301688, ms since last received data=13394301688, rtt=6000, pings_since_last_response=
[103:144:0903/062438.694113:VERBOSE1:basic_ice_controller.cc(542)] Sorting 11 available connections
[103:144:0903/062438.694158:VERBOSE1:basic_ice_controller.cc(545)] Conn[1f29400:0:Net[any:0.0.0.x/0:Wildcard:id=0]:AbSXyKyE:1:0:local:udp:dc20a470-182b-4dac-8667-c89ef462c0a9.local:54444->pAnvqXqS:1:2015363583:local:udp:192.168.160.x:46700|CRWS|S|0|0|8655920682762255871|3]
[103:144:0903/062438.694202:VERBOSE1:basic_ice_controller.cc(545)] Conn[1f26400:0:Net[any:0.0.0.x/0:Wildcard:id=0]:iOnU5k9N:1:0:stun:udp:13.251.82.x:54444->QsnOwN9f:1:1679819263:stun:udp:13.251.82.x:46700|CRxS|-|0|0|7205793487717925886|10]
[103:144:0903/062438.694249:VERBOSE1:basic_ice_controller.cc(545)] Conn[1f27c00:0:Net[any:0.0.0.x/0:Wildcard:id=0]:iOnU5k9N:1:0:stun:udp:13.251.82.x:54444->RymAdc+Q:1:2015363327:local:udp:172.31.30.x:48717|C-xW|-|0|0|7205793488389014014|-]
[103:144:0903/062438.694373:VERBOSE1:basic_ice_controller.cc(545)] Conn[20ef000:0:Net[any:0.0.0.x/0:Wildcard:id=0]:iOnU5k9N:1:0:stun:udp:13.251.82.x:54444->HKpcngki:1:1679819007:stun:udp:13.251.82.x:48717|C-xW|-|0|0|7205793487717925374|-]
[103:144:0903/062438.694544:VERBOSE1:basic_ice_controller.cc(545)] Conn[20ed800:0:Net[any:0.0.0.x/0:Wildcard:id=0]:yp3Sqi6p:1:0:local:tcp:2a17da0c-851b-42b9-89d4-c6cd4d4fca29.local:9->NYiT23x4:1:1010827775:local:tcp:192.168.160.x:53216|--xW|-|0|0|4341472238533361151|-]
[103:144:0903/062438.694612:VERBOSE1:basic_ice_controller.cc(545)] Conn[1f27000:0:Net[any:0.0.0.x/0:Wildcard:id=0]:yp3Sqi6p:1:0:local:tcp:2a17da0c-851b-42b9-89d4-c6cd4d4fca29.local:9->80uWO1+J:1:1010827519:local:tcp:172.31.30.x:53282|--xW|-|0|0|4341471139021733375|-]
[103:144:0903/062438.694660:VERBOSE1:basic_ice_controller.cc(545)] Conn[20ec000:0:Net[any:0.0.0.x/0:Wildcard:id=0]:yp3Sqi6p:1:0:local:tcp:2a17da0c-851b-42b9-89d4-c6cd4d4fca29.local:9->/rZ3bpd6:1:843055359:stun:tcp:13.251.82.x:53282|--xW|-|0|0|3620895198642454015|-]
[103:144:0903/062438.694705:VERBOSE1:basic_ice_controller.cc(545)] Conn[1f2a000:0:Net[any:0.0.0.x/0:Wildcard:id=0]:XhrZDDoj:1:0:relay:udp:192.168.160.x:61798->pAnvqXqS:1:2015363583:local:udp:192.168.160.x:46700|C-xW|-|0|0|144150372183704574|-]
[103:144:0903/062438.694803:VERBOSE1:basic_ice_controller.cc(545)] Conn[1f28800:0:Net[any:0.0.0.x/0:Wildcard:id=0]:XhrZDDoj:1:0:relay:udp:192.168.160.x:61798->RymAdc+Q:1:2015363327:local:udp:172.31.30.x:48717|C-xW|-|0|0|144150372183704062|-]
[103:144:0903/062438.694856:VERBOSE1:basic_ice_controller.cc(545)] Conn[20ee400:0:Net[any:0.0.0.x/0:Wildcard:id=0]:XhrZDDoj:1:0:relay:udp:192.168.160.x:61798->QsnOwN9f:1:1679819263:stun:udp:13.251.82.x:46700|C-xW|-|0|0|144150371512615934|-]
[103:144:0903/062438.694909:VERBOSE1:basic_ice_controller.cc(545)] Conn[20ecc00:0:Net[any:0.0.0.x/0:Wildcard:id=0]:XhrZDDoj:1:0:relay:udp:192.168.160.x:61798->HKpcngki:1:1679819007:stun:udp:13.251.82.x:48717|C-xW|-|0|0|144150371512615422|-]
[50:50:0903/062438.705518:INFO:CONSOLE(1)] "Reconnected to wss://rdqa-video.qbiai.com/openvidu?sessionId=84459043-142_1990e3f2-4770-0812-6222-00155dae810f&reconnect=true after 1 attempts...", source: https://rdqa-video.qbiai.com/dashboard/main.faff32d6c38f32ae.js (1)
[50:50:0903/062438.705578:INFO:CONSOLE(1)] "--------- ONRECONNECTED -----------", source: https://rdqa-video.qbiai.com/dashboard/main.faff32d6c38f32ae.js (1)
[50:50:0903/062438.705618:INFO:CONSOLE(1)] "notReconnectIfNumLessThan = -1 (old=-1)", source: https://rdqa-video.qbiai.com/dashboard/main.faff32d6c38f32ae.js (1)
[50:50:0903/062438.705636:INFO:CONSOLE(1)] "Websocket reconnected", source: https://rdqa-video.qbiai.com/dashboard/main.faff32d6c38f32ae.js (1)
[50:50:0903/062438.705659:INFO:CONSOLE(1)] "Sending request: {method:"connect", params: {"sessionId":"ufsg8n70o81jc48qdt598g7nre","reconnect":true}}", source: https://rdqa-video.qbiai.com/dashboard/main.faff32d6c38f32ae.js (1)
[50:50:0903/062438.712837:INFO:CONSOLE(1)] "ERROR:reconnection error in Request: method:connect params:{"sessionId":"ufsg8n70o81jc48qdt598g7nre","reconnect":true} request:undefined", source: https://rdqa-video.qbiai.com/dashboard/main.faff32d6c38f32ae.js (1)
[50:50:0903/062438.712888:INFO:CONSOLE(1)] "[object Object]", source: https://rdqa-video.qbiai.com/dashboard/main.faff32d6c38f32ae.js (1)
[50:50:0903/062438.712922:INFO:CONSOLE(1)] "Invalid RPC sessionId. Client network disconnection or Master Node crash", source: https://rdqa-video.qbiai.com/dashboard/main.faff32d6c38f32ae.js (1)
[50:50:0903/062438.712951:INFO:CONSOLE(1)] "WS successfully reconnected but the user was already evicted due to timeout", source: https://rdqa-video.qbiai.com/dashboard/main.faff32d6c38f32ae.js (1)
[50:50:0903/062438.712972:INFO:CONSOLE(1)] "Lost connection in Session 84459043-142_1990e3f2-4770-0812-6222-00155dae810f", source: https://rdqa-video.qbiai.com/dashboard/main.faff32d6c38f32ae.js (1)
[50:50:0903/062438.712988:INFO:CONSOLE(1)] "Leaving Session (forced=true)", source: https://rdqa-video.qbiai.com/dashboard/main.faff32d6c38f32ae.js (1)
[50:50:0903/062438.713075:INFO:CONSOLE(1)] "Closing  with code: 4102 because: Connection closed by client", source: https://rdqa-video.qbiai.com/dashboard/main.faff32d6c38f32ae.js (1)
[50:50:0903/062438.713092:INFO:CONSOLE(1)] "Clearing ping interval", source: https://rdqa-video.qbiai.com/dashboard/main.faff32d6c38f32ae.js (1)
[50:50:0903/062438.713250:INFO:CONSOLE(1)] "Calling default behavior upon 'sessionDisconnected' event dispatched by 'Session'", source: https://rdqa-video.qbiai.com/dashboard/main.faff32d6c38f32ae.js (1)
[50:50:0903/062438.713796:INFO:CONSOLE(1)] "Disposing WebRtcPeer", source: https://rdqa-video.qbiai.com/dashboard/main.faff32d6c38f32ae.js (1)
[103:145:0903/062438.714147:INFO:webrtc_video_engine.cc(3368)] VideoReceiveStreamInterface stats: 13394301709, {ssrc: 3965734886, total_bps: 310048, width: 640, height: 480, key: 1, delta: 87, frames_dropped: 0, network_fps: 28, decode_fps: 28, render_fps: 28, decode_ms: 1, max_decode_ms: 2, first_frame_received_to_decoded_ms: 13, cur_delay_ms: 23, targ_delay_ms: 23, jb_delay_ms: 11, jb_cumulative_delay_seconds: 2.033, jb_emitted_count: 87, min_playout_delay_ms: 0, sync_offset_ms: 2147483647, cum_loss: 0, nack: 0, fir: 0, pli: 1}
[103:143:0903/062438.714714:INFO:sdp_offer_answer.cc(2816)] Session: 3265680784088421215 Old state: stable New state: closed
[103:145:0903/062438.714839:INFO:webrtc_voice_engine.cc(2037)] WRVMC::SetOutputVolume({ssrc=2699730991}, {volume=0.00})
[103:145:0903/062438.714930:INFO:webrtc_voice_engine.cc(2047)] WRVMC::SetOutputVolume => (stream with SSRC 2699730991 now uses volume 0.00)
[103:145:0903/062438.715584:INFO:webrtc_video_engine.cc(1628)] SetSink: ssrc:3965734886 nullptr
[103:145:0903/062438.715918:INFO:channel.cc(563)] Channel disabled: {mid: 1, media_type: video}
[103:145:0903/062438.715990:VERBOSE1:webrtc_video_engine.cc(1298)] SetSend: false
[103:145:0903/062438.716039:INFO:channel.cc(1082)] Changing video state, send=0 for {mid: 1, media_type: video}
[103:145:0903/062438.716104:VERBOSE1:call.cc(1224)] UpdateAggregateNetworkState: aggregate_state remains at up
[103:145:0903/062438.716146:VERBOSE1:rtp_transport_controller_send.cc(332)] SignalNetworkState Up
[103:145:0903/062438.716222:INFO:video_receive_stream2.cc(270)] ~VideoReceiveStream2: {decoders: [{payload_type: 96, payload_name: VP8, codec_params: {}}, {payload_type: 98, payload_name: VP9, codec_params: {profile-id: 0}}, {payload_type: 100, payload_name: VP9, codec_params: {profile-id: 2}}, {payload_type: 35, payload_name: VP9, codec_params: {profile-id: 1}}, {payload_type: 37, payload_name: VP9, codec_params: {profile-id: 3}}, {payload_type: 102, payload_name: H264, codec_params: {level-asymmetry-allowed: 1, packetization-mode: 1, profile-level-id: 42001f}}, {payload_type: 104, payload_name: H264, codec_params: {level-asymmetry-allowed: 1, packetization-mode: 0, profile-level-id: 42001f}}, {payload_type: 106, payload_name: H264, codec_params: {level-asymmetry-allowed: 1, packetization-mode: 1, profile-level-id: 42e01f}}, {payload_type: 108, payload_name: H264, codec_params: {level-asymmetry-allowed: 1, packetization-mode: 0, profile-level-id: 42e01f}}, {payload_type: 127, payload_name: H264, codec_params: {level-asymmetry-allowed: 1, packetization-mode: 1, profile-level-id: 4d001f}}, {payload_type: 39, payload_name: H264, codec_params: {level-asymmetry-allowed: 1, packetization-mode: 0, profile-level-id: 4d001f}}, {payload_type: 41, payload_name: H264, codec_params: {level-asymmetry-allowed: 1, packetization-mode: 1, profile-level-id: f4001f}}, {payload_type: 43, payload_name: H264, codec_params: {level-asymmetry-allowed: 1, packetization-mode: 0, profile-level-id: f4001f}}, {payload_type: 45, payload_name: AV1, codec_params: {}}, {payload_type: 47, payload_name: AV1, codec_params: {profile: 1}}], rtp: {remote_ssrc: 3965734886, local_ssrc: 1, rtcp_mode: RtcpMode::kCompound, rtcp_xr: {receiver_reference_time_report: off}, lntf: {enabled: false}, nack: {rtp_history_ms: 1000}, ulpfec_payload_type: 114, red_type: 112, rtx_ssrc: 0, rtx_payload_types: {36 (pt) -> 35 (apt), 38 (pt) -> 37 (apt), 40 (pt) -> 39 (apt), 42 (pt) -> 41 (apt), 44 (pt) -> 43 (apt), 46 (pt) -> 45 (apt), 48 (pt) -> 47 (apt), 97 (pt) -> 96 (apt), 99 (pt) -> 98 (apt), 101 (pt) -> 100 (apt), 103 (pt) -> 102 (apt), 105 (pt) -> 104 (apt), 107 (pt) -> 106 (apt), 109 (pt) -> 108 (apt), 113 (pt) -> 112 (apt), 125 (pt) -> 127 (apt), }, raw_payload_types: {}}, renderer: (renderer), render_delay_ms: 10, sync_group: default}
[103:145:0903/062438.716657:INFO:receive_statistics_proxy2.cc(490)] WebRTC.Video.ReceiveStreamLifetimeInSeconds 3
Frames decoded 88
WebRTC.Video.DroppedFrames.Receiver 0
WebRTC.Video.InterframeDelay95PercentileInMs 48

[103:145:0903/062438.716759:INFO:video_quality_observer2.cc(136)] WebRTC.Video.MeanTimeBetweenFreezesMs 2883

[103:145:0903/062438.717172:INFO:channel.cc(563)] Channel disabled: {mid: 0, media_type: audio}
[103:145:0903/062438.717243:VERBOSE1:neteq_impl.cc(443)] FlushBuffers
[103:145:0903/062438.717315:INFO:channel.cc(923)] Changing voice state, recv=0 send=0 for {mid: 0, media_type: audio}
[103:145:0903/062438.717361:VERBOSE1:webrtc_voice_engine.cc(1272)] WebRtcVoiceMediaChannel::~WebRtcVoiceMediaChannel
[103:145:0903/062438.717406:INFO:webrtc_voice_engine.cc(1958)] RemoveRecvStream: 2699730991
[103:145:0903/062438.717452:INFO:call.cc(1220)] UpdateAggregateNetworkState: aggregate_state change to down
[103:145:0903/062438.717493:VERBOSE1:rtp_transport_controller_send.cc(332)] SignalNetworkState Down
[103:145:0903/062438.717539:INFO:pacing_controller.cc(109)] PacedSender paused.
[103:145:0903/062438.717580:INFO:control_handler.cc(80)] Bitrate estimate state changed, BWE: 300 kbps.
[103:145:0903/062438.717633:INFO:audio_receive_stream.cc(136)] ~AudioReceiveStreamImpl: 2699730991
[103:145:0903/062438.717674:VERBOSE1:neteq_impl.cc(443)] FlushBuffers
[103:144:0903/062438.718138:INFO:turn_port.cc(1517)] Port[1ead400:0:1:0:relay:Net[any:0.0.0.x/0:Wildcard:id=0]]: TURN refresh request sent, id=65547563664a6a32534c4958
[50:50:0903/062438.720711:INFO:CONSOLE(1)] "Inbound RTCPeerConnection with id [28c5b1e0-414a-4c09-a711-00dec80191cf] from 'Stream' with id [str_CAM_KpIj_con_HU6AWS99mn] is now closed", source: https://rdqa-video.qbiai.com/dashboard/main.faff32d6c38f32ae.js (1)
[103:103:0903/062438.721103:VERBOSE1:webrtc_logging.cc(35)] MST::stopTrack() [kind: audio, id: 75c4cd0a-3df9-40a8-a73a-d91fdd0784c6, label: 75c4cd0a-3df9-40a8-a73a-d91fdd0784c6, enabled: true, muted: false, readyState: live, remote=true]
[103:103:0903/062438.721216:VERBOSE1:webrtc_logging.cc(35)] PCRAT::SetEnabled([id=75c4cd0a-3df9-40a8-a73a-d91fdd0784c6] {enabled=false})
[103:103:0903/062438.721328:VERBOSE1:webrtc_logging.cc(35)] MSAT::SetEnabled({enabled=false}) [this=0x1CC801628100]
[103:103:0903/062438.721381:VERBOSE1:webrtc_logging.cc(35)] MST::setReadyState({ready_state=ended}) [kind: audio, id: 75c4cd0a-3df9-40a8-a73a-d91fdd0784c6, label: 75c4cd0a-3df9-40a8-a73a-d91fdd0784c6, enabled: true, muted: false, readyState: ended, remote=true]
[103:103:0903/062438.721439:VERBOSE1:webrtc_logging.cc(35)] MSAT::StopAndNotify() [this=0x1CC801628100]
[103:103:0903/062438.721492:VERBOSE1:webrtc_logging.cc(35)] MSAD::RemoveConsumer => (number of consumers: active=0, pending=0) [this=0x1CC80097EA20]
[103:103:0903/062438.721534:VERBOSE1:webrtc_logging.cc(35)] MSAS::StopAudioDeliveryTo => (removed MediaStreamAudioTrack as consumer, total number of consumers=0) [this=0x1CC80097E900]
[103:103:0903/062438.721572:VERBOSE1:webrtc_logging.cc(35)] MSAS::StopAudioDeliveryTo => (last track removed, stopping source) [this=0x1CC80097E900]
[103:103:0903/062438.721610:VERBOSE1:webrtc_logging.cc(35)] MSAS::DoStopSource() [this=0x1CC80097E900]
[103:103:0903/062438.721648:VERBOSE1:webrtc_logging.cc(35)] PCRAS::EnsureSourceIsStopped([id=75c4cd0a-3df9-40a8-a73a-d91fdd0784c6])
[103:103:0903/062438.721713:VERBOSE1:webrtc_logging.cc(35)] MSS::SetReadyState({id=75c4cd0a-3df9-40a8-a73a-d91fdd0784c6}, {ready_state=Ended})
[103:103:0903/062438.721800:VERBOSE1:webrtc_logging.cc(35)] MST::stopTrack() [kind: video, id: 18dfbee3-1c47-46ce-9ebc-18a0d9acc6bf, label: 18dfbee3-1c47-46ce-9ebc-18a0d9acc6bf, enabled: true, muted: false, readyState: live, remote=true]
[103:103:0903/062438.721868:VERBOSE1:webrtc_logging.cc(35)] MST::setReadyState({ready_state=ended}) [kind: video, id: 18dfbee3-1c47-46ce-9ebc-18a0d9acc6bf, label: 18dfbee3-1c47-46ce-9ebc-18a0d9acc6bf, enabled: true, muted: false, readyState: ended, remote=true]
[103:103:0903/062438.722042:VERBOSE1:webrtc_logging.cc(35)] MSS::SetReadyState({id=18dfbee3-1c47-46ce-9ebc-18a0d9acc6bf}, {ready_state=Ended})
[103:103:0903/062438.722095:VERBOSE1:webrtc_logging.cc(35)] MSS::SetReadyState({id=18dfbee3-1c47-46ce-9ebc-18a0d9acc6bf}, {ready_state=Ended})
[103:103:0903/062438.722428:VERBOSE1:webrtc_logging.cc(35)] WMPMS::ActiveStateChanged({is_active=false}) [delegate_id=1]
[103:103:0903/062438.722522:VERBOSE1:webrtc_logging.cc(35)] WMPMS::SetNetworkState => (state=Loading) [delegate_id=1]
[103:103:0903/062438.724707:VERBOSE1:webrtc_logging.cc(35)] WRAR::EnterPauseState([state=PLAYING]) [label=9d0a3beb-d1e5-4f8c-81d9-e36acb17ed2d]
[103:103:0903/062438.724766:VERBOSE1:webrtc_logging.cc(35)] WRAR::EnterPauseState => (state=PAUSED) [label=9d0a3beb-d1e5-4f8c-81d9-e36acb17ed2d]
[103:103:0903/062438.724816:VERBOSE1:webrtc_logging.cc(35)] WRAR::UpdateSourceVolume => (source volume changed to 0.00) [label=9d0a3beb-d1e5-4f8c-81d9-e36acb17ed2d]
[103:103:0903/062438.724971:VERBOSE1:webrtc_logging.cc(35)] WRAR::Stop([state=PAUSED]) [label=9d0a3beb-d1e5-4f8c-81d9-e36acb17ed2d]
[103:103:0903/062438.725041:VERBOSE1:webrtc_logging.cc(35)] WRAR::~AudioStreamTracker => (media stream duration=2 seconds) [label=9d0a3beb-d1e5-4f8c-81d9-e36acb17ed2d]
[103:143:0903/062438.724986:INFO:remote_audio_source.cc(118)] RAS::SetVolume({volume=0.00})
[103:103:0903/062438.725179:VERBOSE1:webrtc_logging.cc(35)] WRAR::Stop => (max_render_time=10.869 ms) [label=9d0a3beb-d1e5-4f8c-81d9-e36acb17ed2d]
[148:156:0903/062438.725370:WARNING:sync_reader.cc(175)] ASR: No room in socket buffer.: Broken pipe (32)
[50:74:0903/062438.725737:VERBOSE1:media_stream_manager.cc(1582)] ASR: No room in socket buffer.
[50:74:0903/062438.726398:VERBOSE1:media_stream_manager.cc(1582)] PAOS::Stop() [this=0x2fac002adea0]
[50:50:0903/062438.726498:INFO:CONSOLE(1)] "Remote MediaStream from 'Stream' with id [str_CAM_KpIj_con_HU6AWS99mn] is now disposed", source: https://rdqa-video.qbiai.com/dashboard/main.faff32d6c38f32ae.js (1)
[103:103:0903/062438.727329:VERBOSE1:webrtc_logging.cc(35)] WMPMS::~WebMediaPlayerMS() [delegate_id=1] [delegate_id=1]
[50:74:0903/062438.727584:VERBOSE1:media_stream_manager.cc(1582)] AOC::Close([state=playing]) [this=0x2FAC0022F988]
[50:74:0903/062438.727603:VERBOSE1:media_stream_manager.cc(1582)] AOC::StopStream => (duration=3 sec) [this=0x2FAC0022F988]
[50:74:0903/062438.727614:VERBOSE1:media_stream_manager.cc(1582)] AOC::StopStream => (error_during_callback=false) [this=0x2FAC0022F988]
[50:74:0903/062438.727625:VERBOSE1:media_stream_manager.cc(1582)] AOC::StopStream => (average audio level=-95.68 dBFS) [this=0x2FAC0022F988]
[50:74:0903/062438.727635:VERBOSE1:media_stream_manager.cc(1582)] AOC::Close => (state=closed) [this=0x2FAC0022F988]
[50:74:0903/062438.727645:VERBOSE1:media_stream_manager.cc(1582)] ASR: number of detected audio glitches: 0 out of 260
[50:50:0903/062438.730049:INFO:CONSOLE(1)] "Closing  with code: 4101 because: Reconnection fault: WS successfully reconnected but the user was already evicted due to timeout", source: https://rdqa-video.qbiai.com/dashboard/main.faff32d6c38f32ae.js (1)
[50:50:0903/062438.730082:INFO:CONSOLE(1)] "Clearing ping interval", source: https://rdqa-video.qbiai.com/dashboard/main.faff32d6c38f32ae.js (1)
[103:103:0903/062438.730399:VERBOSE1:webrtc_logging.cc(35)] MSS::SetReadyState({id=75c4cd0a-3df9-40a8-a73a-d91fdd0784c6}, {ready_state=Ended})
[50:50:0903/062438.731495:INFO:CONSOLE(1)] "Connection closed by user", source: https://rdqa-video.qbiai.com/dashboard/main.faff32d6c38f32ae.js (1)
[88:138:0903/062439.262001:VERBOSE1:mdns_responder.cc(1315)] Received an external response for an owned record.
[88:138:0903/062439.262054:VERBOSE1:mdns_responder.cc(1315)] Received an external response for an owned record.
[88:138:0903/062439.262112:VERBOSE1:mdns_responder.cc(1315)] Received an external response for an owned record.
[88:138:0903/062439.262129:VERBOSE1:mdns_responder.cc(1315)] Received an external response for an owned record.
[88:138:0903/062440.262394:VERBOSE1:mdns_responder.cc(1315)] Received an external response for an owned record.
[88:138:0903/062440.262443:VERBOSE1:mdns_responder.cc(1315)] Received an external response for an owned record.
[88:138:0903/062440.262497:VERBOSE1:mdns_responder.cc(1315)] Received an external response for an owned record.
[88:138:0903/062440.262509:VERBOSE1:mdns_responder.cc(1315)] Received an external response for an owned record.
[50:74:0903/062443.733466:VERBOSE1:media_stream_manager.cc(1582)] PAOS::Close() [this=0x2fac002adea0]
[88:138:0903/062448.238564:VERBOSE1:network_delegate.cc(35)] NetworkDelegate::NotifyBeforeURLRequest: https://optimizationguide-pa.googleapis.com/v1:GetModels?key=AIzaSyBOti4mM-6x9WDnZIjIeyEU21OpBXqWBgw
[50:72:0903/062448.268489:ERROR:bus.cc(399)] Failed to connect to the bus: Could not parse server address: Unknown address type (examples of valid types are "tcp" and on UNIX "unix")
[50:72:0903/062448.268532:ERROR:bus.cc(399)] Failed to connect to the bus: Could not parse server address: Unknown address type (examples of valid types are "tcp" and on UNIX "unix")
[88:138:0903/062448.268772:VERBOSE1:network_delegate.cc(35)] NetworkDelegate::NotifyBeforeURLRequest: https://optimizationguide-pa.googleapis.com/downloads?name=1679317318&target=OPTIMIZATION_TARGET_LANGUAGE_DETECTION
[88:138:0903/062448.269610:VERBOSE1:tls_handshaker.cc(100)] TlsClient: Continuing handshake
[50:72:0903/062448.271534:ERROR:bus.cc(399)] Failed to connect to the bus: Could not parse server address: Unknown address type (examples of valid types are "tcp" and on UNIX "unix")
[50:72:0903/062448.271576:ERROR:bus.cc(399)] Failed to connect to the bus: Could not parse server address: Unknown address type (examples of valid types are "tcp" and on UNIX "unix")
[88:138:0903/062448.271817:VERBOSE1:network_delegate.cc(35)] NetworkDelegate::NotifyBeforeURLRequest: https://optimizationguide-pa.googleapis.com/downloads?name=1753110098&target=OPTIMIZATION_TARGET_NOTIFICATION_PERMISSION_PREDICTIONS
[88:138:0903/062448.272496:VERBOSE1:tls_handshaker.cc(100)] TlsClient: Continuing handshake
[88:138:0903/062448.273599:VERBOSE1:tls_handshaker.cc(100)] TlsClient: Continuing handshake
[88:138:0903/062448.273636:VERBOSE1:tls_handshaker.cc(100)] TlsClient: Continuing handshake
[88:138:0903/062448.275632:VERBOSE1:tls_handshaker.cc(100)] TlsClient: Continuing handshake
[88:138:0903/062448.276579:VERBOSE1:tls_handshaker.cc(100)] TlsClient: Continuing handshake
[88:138:0903/062448.277156:VERBOSE1:tls_client_handshaker.cc(508)] Client: handshake finished
[50:50:0903/062448.308500:WARNING:controller_impl.cc(1188)] Background download complete, client: 6, completion type: 0, file size:5154
[50:50:0903/062448.308712:WARNING:controller_impl.cc(1188)] Background download complete, client: 6, completion type: 0, file size:265059
[50:72:0903/062448.309320:ERROR:bus.cc(399)] Failed to connect to the bus: Could not parse server address: Unknown address type (examples of valid types are "tcp" and on UNIX "unix")
[50:72:0903/062448.309357:ERROR:bus.cc(399)] Failed to connect to the bus: Could not parse server address: Unknown address type (examples of valid types are "tcp" and on UNIX "unix")
[88:138:0903/062448.309672:VERBOSE1:network_delegate.cc(35)] NetworkDelegate::NotifyBeforeURLRequest: https://optimizationguide-pa.googleapis.com/downloads?name=1753110074&target=OPTIMIZATION_TARGET_GEOLOCATION_PERMISSION_PREDICTIONS
[209:209:0903/062448.323528:VERBOSE1:statistics_recorder.cc(486)] Collections of all histograms
Histogram: ChildProcess.FieldTrials.CreateFromShmemSuccess recorded 1 samples, mean = 1.0 (flags = 0x1)
0  O                                                                         (0 = 0.0%)
1  -O                                                                        (1 = 100.0%) {0.0%}
2  O                                                                         (0 = 0.0%) {100.0%}

Histogram: HeapProfiling.InProcess.Enabled recorded 1 samples, mean = 0.0 (flags = 0x1)
0  -O                                                                        (1 = 100.0%)
1  ... 

Histogram: HeapProfiling.InProcess.Enabled.Utility recorded 1 samples, mean = 0.0 (flags = 0x1)
0  -O                                                                        (1 = 100.0%)
1  ... 

Histogram: MPArch.ForkTime recorded 1 samples, mean = 0.0 (flags = 0x1)
0  -O                                                                        (1 = 100.0%)
1  ... 

Histogram: Mojo.Channel.WriteMessageLatency recorded 20 samples, mean = 0.0 (flags = 0x1)
0  --------------------O                                                     (20 = 100.0%)
1  ... 

Histogram: UMA.PersistentAllocator.UtilityMetrics.Errors recorded 0 samples (flags = 0x41)

Histogram: UMA.PersistentAllocator.UtilityMetrics.UsedPct recorded 0 samples (flags = 0x41)
0 ... 

Histogram: V8.Initializer.OpenV8File.Result recorded 1 samples, mean = 0.0 (flags = 0x1)
0  -O                                                                        (1 = 100.0%)
1  ... 

Histogram: Variations.Limits.VariationKeySize.Default recorded 1 samples, mean = 0.0 (flags = 0x1)
0  -O                                                                        (1 = 100.0%)
1  ... 


[212:212:0903/062448.333647:VERBOSE1:statistics_recorder.cc(486)] Collections of all histograms
Histogram: ChildProcess.FieldTrials.CreateFromShmemSuccess recorded 1 samples, mean = 1.0 (flags = 0x1)
0  O                                                                         (0 = 0.0%)
1  -O                                                                        (1 = 100.0%) {0.0%}
2  O                                                                         (0 = 0.0%) {100.0%}

Histogram: HeapProfiling.InProcess.Enabled recorded 1 samples, mean = 0.0 (flags = 0x1)
0  -O                                                                        (1 = 100.0%)
1  ... 

Histogram: HeapProfiling.InProcess.Enabled.Utility recorded 1 samples, mean = 0.0 (flags = 0x1)
0  -O                                                                        (1 = 100.0%)
1  ... 

Histogram: MPArch.ForkTime recorded 1 samples, mean = 0.0 (flags = 0x1)
0  -O                                                                        (1 = 100.0%)
1  ... 

Histogram: Mojo.Channel.WriteMessageLatency recorded 20 samples, mean = 0.0 (flags = 0x1)
0  --------------------O                                                     (20 = 100.0%)
1  ... 

Histogram: UMA.PersistentAllocator.UtilityMetrics.Errors recorded 0 samples (flags = 0x41)

Histogram: UMA.PersistentAllocator.UtilityMetrics.UsedPct recorded 0 samples (flags = 0x41)
0 ... 

Histogram: V8.Initializer.OpenV8File.Result recorded 1 samples, mean = 0.0 (flags = 0x1)
0  -O                                                                        (1 = 100.0%)
1  ... 

Histogram: Variations.Limits.VariationKeySize.Default recorded 1 samples, mean = 0.0 (flags = 0x1)
0  -O                                                                        (1 = 100.0%)
1  ... 


[50:50:0903/062448.366009:WARNING:controller_impl.cc(1188)] Background download complete, client: 6, completion type: 0, file size:45147
[221:221:0903/062448.376174:VERBOSE1:statistics_recorder.cc(486)] Collections of all histograms
Histogram: ChildProcess.FieldTrials.CreateFromShmemSuccess recorded 1 samples, mean = 1.0 (flags = 0x1)
0  O                                                                         (0 = 0.0%)
1  -O                                                                        (1 = 100.0%) {0.0%}
2  O                                                                         (0 = 0.0%) {100.0%}

Histogram: HeapProfiling.InProcess.Enabled recorded 1 samples, mean = 0.0 (flags = 0x1)
0  -O                                                                        (1 = 100.0%)
1  ... 

Histogram: HeapProfiling.InProcess.Enabled.Utility recorded 1 samples, mean = 0.0 (flags = 0x1)
0  -O                                                                        (1 = 100.0%)
1  ... 

Histogram: MPArch.ForkTime recorded 1 samples, mean = 0.0 (flags = 0x1)
0  -O                                                                        (1 = 100.0%)
1  ... 

Histogram: Mojo.Channel.WriteMessageLatency recorded 19 samples, mean = 0.0 (flags = 0x1)
0  -------------------O                                                      (19 = 100.0%)
1  ... 

Histogram: ThreadPool.UnnecessaryWakeup.ContentChild.Foreground recorded 1 samples, mean = 1.0 (flags = 0x1)
0  O                                                                         (0 = 0.0%)
1  -O                                                                        (1 = 100.0%) {0.0%}
2  O                                                                         (0 = 0.0%) {100.0%}

Histogram: UMA.PersistentAllocator.UtilityMetrics.Errors recorded 0 samples (flags = 0x41)

Histogram: UMA.PersistentAllocator.UtilityMetrics.UsedPct recorded 0 samples (flags = 0x41)
0 ... 

Histogram: V8.Initializer.OpenV8File.Result recorded 1 samples, mean = 0.0 (flags = 0x1)
0  -O                                                                        (1 = 100.0%)
1  ... 

Histogram: Variations.Limits.VariationKeySize.Default recorded 1 samples, mean = 0.0 (flags = 0x1)
0  -O                                                                        (1 = 100.0%)
1  ... 


